CREATE DATABASE IF NOT EXISTS academic_system DEFAULT CHARACTER SET utf8mb4 COLLATE utf8mb4_general_ci;
USE academic_system;

CREATE TABLE IF NOT EXISTS college (
    id BIGINT PRIMARY KEY AUTO_INCREMENT,
    name VARCHAR(64),
    code VARCHAR(32),
    description VARCHAR(255)
);

CREATE TABLE IF NOT EXISTS major (
    id BIGINT PRIMARY KEY AUTO_INCREMENT,
    name VARCHAR(64),
    code VARCHAR(32),
    college_id BIGINT,
    description VARCHAR(255),
    FOREIGN KEY (college_id) REFERENCES college(id)
);

CREATE TABLE IF NOT EXISTS clazz (
    id BIGINT PRIMARY KEY AUTO_INCREMENT,
    name VARCHAR(64),
    major_id BIGINT,
    grade INT,
    counselor VARCHAR(64),
    FOREIGN KEY (major_id) REFERENCES major(id)
);

CREATE TABLE IF NOT EXISTS student (
    id BIGINT PRIMARY KEY AUTO_INCREMENT,
    student_no VARCHAR(64),
    name VARCHAR(64),
    gender VARCHAR(8),
    birthday DATE,
    class_id BIGINT,
    photo_url VARCHAR(255),
    phone VARCHAR(32),
    email VARCHAR(64),
    enrollment_date DATE,
    FOREIGN KEY (class_id) REFERENCES clazz(id)
);

CREATE TABLE IF NOT EXISTS teacher (
    id BIGINT PRIMARY KEY AUTO_INCREMENT,
    teacher_no VARCHAR(64),
    name VARCHAR(64),
    title VARCHAR(64),
    hired_date DATE,
    college_id BIGINT,
    photo_url VARCHAR(255),
    phone VARCHAR(32),
    email VARCHAR(64),
    FOREIGN KEY (college_id) REFERENCES college(id)
);

CREATE TABLE IF NOT EXISTS course (
    id BIGINT PRIMARY KEY AUTO_INCREMENT,
    code VARCHAR(64),
    name VARCHAR(128),
    credit DOUBLE,
    assessment_method VARCHAR(64),
    category VARCHAR(64),
    nature VARCHAR(64)
);

CREATE TABLE IF NOT EXISTS term_plan (
    id BIGINT PRIMARY KEY AUTO_INCREMENT,
    term VARCHAR(32),
    major_id BIGINT,
    course_id BIGINT,
    FOREIGN KEY (major_id) REFERENCES major(id),
    FOREIGN KEY (course_id) REFERENCES course(id)
);

CREATE TABLE IF NOT EXISTS teaching_assignment (
    id BIGINT PRIMARY KEY AUTO_INCREMENT,
    term_plan_id BIGINT,
    teacher_id BIGINT,
    course_type VARCHAR(64),
    remarks VARCHAR(255),
    FOREIGN KEY (term_plan_id) REFERENCES term_plan(id),
    FOREIGN KEY (teacher_id) REFERENCES teacher(id)
);

CREATE TABLE IF NOT EXISTS grade_record (
    id BIGINT PRIMARY KEY AUTO_INCREMENT,
    student_id BIGINT,
    course_id BIGINT,
    term VARCHAR(32),
    score DOUBLE,
    FOREIGN KEY (student_id) REFERENCES student(id),
    FOREIGN KEY (course_id) REFERENCES course(id)
);

CREATE TABLE IF NOT EXISTS student_course (
    id BIGINT PRIMARY KEY AUTO_INCREMENT,
    student_id BIGINT,
    course_id BIGINT,
    term VARCHAR(32),
    UNIQUE KEY uk_student_course (student_id, course_id, term),
    FOREIGN KEY (student_id) REFERENCES student(id),
    FOREIGN KEY (course_id) REFERENCES course(id)
);

CREATE TABLE IF NOT EXISTS timetable (
    id BIGINT PRIMARY KEY AUTO_INCREMENT,
    owner_type VARCHAR(16),
    owner_id BIGINT,
    term VARCHAR(32),
    file_name VARCHAR(255),
    file_url VARCHAR(255)
);

CREATE TABLE IF NOT EXISTS sys_user (
    id BIGINT PRIMARY KEY AUTO_INCREMENT,
    username VARCHAR(64) NOT NULL UNIQUE,
    password VARCHAR(128) NOT NULL,
    role VARCHAR(16) NOT NULL,
    name VARCHAR(64),
    phone VARCHAR(32),
    active TINYINT DEFAULT 1,
    student_id BIGINT NULL,
    teacher_id BIGINT NULL,
    FOREIGN KEY (student_id) REFERENCES student(id),
    FOREIGN KEY (teacher_id) REFERENCES teacher(id)
);

-- 初始测试数据（每表至少30条）
INSERT INTO college (id, name, code, description) VALUES
 (1,'计算机学院','CSE','计算机科学与技术学院'),
 (2,'机电学院','MEC','机械与电子工程学院'),
 (3,'管理学院','MAN','管理与经济学院'),
 (4,'文法学院','LAW','人文与法律学院'),
 (5,'外国语学院','ENG','外国语学院'),
 (6,'艺术学院','ART','艺术设计学院'),
 (7,'体育学院','PE','体育学院'),
 (8,'医学部','MED','医学部'),
 (9,'材料学院','MAT','材料科学与工程学院'),
 (10,'能源学院','ENE','能源与动力学院'),
 (11,'自动化学院','AUT','自动化学院'),
 (12,'数学学院','MATH','数学学院'),
 (13,'物理学院','PHY','物理学院'),
 (14,'化学学院','CHEM','化学学院'),
 (15,'环境学院','ENV','环境科学学院'),
 (16,'交通学院','TRA','交通工程学院'),
 (17,'建筑学院','ARC','建筑学院'),
 (18,'农学院','AGR','农业与生物'),
 (19,'海洋学院','SEA','海洋科学'),
 (20,'信息学院','INF','信息科学'),
 (21,'数据学院','DS','数据科学'),
 (22,'软件学院','SWE','软件学院'),
 (23,'航天学院','AERO','航空航天'),
 (24,'地球学院','EAR','地球科学'),
 (25,'心理学院','PSY','心理学'),
 (26,'教育学院','EDU','教育科学'),
 (27,'新闻学院','JOU','新闻传播'),
 (28,'公管学院','PUB','公共管理'),
 (29,'金融学院','FIN','金融学院'),
 (30,'生命学院','BIO','生命科学');

INSERT INTO major (id, name, code, college_id, description) VALUES
 (1,'软件工程','SE01',1,'软件工程方向'),
 (2,'计算机科学','CS01',1,'计算机科学与技术'),
 (3,'网络工程','NE01',1,'网络工程'),
 (4,'人工智能','AI01',1,'人工智能'),
 (5,'大数据','BD01',21,'大数据技术'),
 (6,'机械设计','MEC01',2,'机械设计制造'),
 (7,'机械电子','MEC02',2,'机电一体化'),
 (8,'工业设计','MEC03',2,'工业设计'),
 (9,'工商管理','MAN01',3,'工商管理'),
 (10,'市场营销','MAN02',3,'市场营销'),
 (11,'法律','LAW01',4,'法学'),
 (12,'汉语言文学','HUM01',4,'汉语言'),
 (13,'英语','ENG01',5,'英语'),
 (14,'日语','ENG02',5,'日语'),
 (15,'视觉传达','ART01',6,'视觉传达'),
 (16,'环境设计','ART02',6,'环境设计'),
 (17,'体育教育','PE01',7,'体育教育'),
 (18,'运动训练','PE02',7,'运动训练'),
 (19,'临床医学','MED01',8,'临床医学'),
 (20,'护理学','MED02',8,'护理'),
 (21,'材料科学','MAT01',9,'材料科学'),
 (22,'能源动力','ENE01',10,'能源动力'),
 (23,'自动化','AUT01',11,'自动化'),
 (24,'数学与应用数学','MATH01',12,'数学'),
 (25,'物理学','PHY01',13,'物理学'),
 (26,'化学','CHEM01',14,'化学'),
 (27,'环境工程','ENV01',15,'环境工程'),
 (28,'交通工程','TRA01',16,'交通工程'),
 (29,'建筑学','ARC01',17,'建筑学'),
 (30,'金融学','FIN01',29,'金融学');

INSERT INTO clazz (id, name, major_id, grade, counselor) VALUES
 (1,'软件2201',1,2022,'张老师'),(2,'软件2202',1,2022,'张老师'),(3,'计科2201',2,2022,'李老师'),
 (4,'计科2202',2,2022,'李老师'),(5,'网工2201',3,2022,'王老师'),(6,'网工2202',3,2022,'王老师'),
 (7,'人工智能2201',4,2022,'刘老师'),(8,'人工智能2202',4,2022,'刘老师'),
 (9,'大数据2201',5,2022,'赵老师'),(10,'机械2201',6,2022,'钱老师'),(11,'机电2201',7,2022,'孙老师'),
 (12,'工设2201',8,2022,'周老师'),(13,'管院2201',9,2022,'吴老师'),(14,'营销2201',10,2022,'郑老师'),
 (15,'法学2201',11,2022,'何老师'),(16,'汉语2201',12,2022,'杨老师'),(17,'英语2201',13,2022,'谢老师'),
 (18,'日语2201',14,2022,'蔡老师'),(19,'视觉2201',15,2022,'宋老师'),(20,'环设2201',16,2022,'许老师'),
 (21,'体教2201',17,2022,'韩老师'),(22,'训练2201',18,2022,'唐老师'),(23,'临床2201',19,2022,'冯老师'),
 (24,'护理2201',20,2022,'袁老师'),(25,'材料2201',21,2022,'于老师'),(26,'能源2201',22,2022,'谢老师'),
 (27,'自动化2201',23,2022,'范老师'),(28,'数学2201',24,2022,'鲁老师'),(29,'物理2201',25,2022,'韦老师'),
 (30,'金融2201',30,2022,'葛老师');

INSERT INTO course (id, code, name, credit, assessment_method, category, nature) VALUES
 (1,'C001','高等数学',4,'考试','公共基础课','必修'),
 (2,'C002','线性代数',3,'考试','公共基础课','必修'),
 (3,'C003','大学英语',3,'考试','公共基础课','必修'),
 (4,'C004','数据结构',4,'考试','专业必修','必修'),
 (5,'C005','操作系统',4,'考试','专业必修','必修'),
 (6,'C006','计算机网络',4,'考试','专业必修','必修'),
 (7,'C007','数据库系统',4,'考试','专业必修','必修'),
 (8,'C008','软件工程导论',3,'考试','专业必修','必修'),
 (9,'C009','Web开发',3,'考查','专业选修','选修'),
 (10,'C010','机器学习',3,'考试','专业选修','选修'),
 (11,'C011','嵌入式系统',3,'考查','专业选修','选修'),
 (12,'C012','编译原理',4,'考试','专业必修','必修'),
 (13,'C013','数字电路',3,'考试','专业必修','必修'),
 (14,'C014','大学物理',3,'考试','公共基础课','必修'),
 (15,'C015','概率论',3,'考试','公共基础课','必修'),
 (16,'C016','马克思主义原理',3,'考查','公共基础课','必修'),
 (17,'C017','离散数学',3,'考试','专业必修','必修'),
 (18,'C018','C语言程序设计',3,'考试','公共基础课','必修'),
 (19,'C019','Java程序设计',3,'考试','专业必修','必修'),
 (20,'C020','Python数据分析',3,'考查','专业选修','选修'),
 (21,'C021','移动开发',3,'考查','专业选修','选修'),
 (22,'C022','信息安全导论',3,'考试','专业选修','选修'),
 (23,'C023','云计算',3,'考查','专业选修','选修'),
 (24,'C024','大数据平台',3,'考查','专业选修','选修'),
 (25,'C025','人工智能伦理',2,'考查','通识课','选修'),
 (26,'C026','项目管理',2,'考查','通识课','选修'),
 (27,'C027','创新创业',2,'考查','通识课','选修'),
 (28,'C028','UI/UX设计',2,'考查','专业选修','选修'),
 (29,'C029','算法设计',3,'考试','专业必修','必修'),
 (30,'C030','软件测试',3,'考查','专业必修','必修');

INSERT INTO teacher (id, teacher_no, name, title, hired_date, college_id, photo_url, phone, email) VALUES
 (1,'T001','王老师','讲师','2021-09-01',1,NULL,'13800000001','t001@example.com'),
 (2,'T002','李老师','副教授','2020-09-01',1,NULL,'13800000002','t002@example.com'),
 (3,'T003','张老师','教授','2019-09-01',2,NULL,'13800000003','t003@example.com'),
 (4,'T004','刘老师','讲师','2022-09-01',3,NULL,'13800000004','t004@example.com'),
 (5,'T005','赵老师','讲师','2021-09-01',4,NULL,'13800000005','t005@example.com'),
 (6,'T006','钱老师','副教授','2018-09-01',5,NULL,'13800000006','t006@example.com'),
 (7,'T007','孙老师','讲师','2022-09-01',6,NULL,'13800000007','t007@example.com'),
 (8,'T008','周老师','副教授','2017-09-01',7,NULL,'13800000008','t008@example.com'),
 (9,'T009','吴老师','讲师','2021-09-01',8,NULL,'13800000009','t009@example.com'),
 (10,'T010','郑老师','讲师','2021-09-01',9,NULL,'13800000010','t010@example.com'),
 (11,'T011','冯老师','副教授','2016-09-01',10,NULL,'13800000011','t011@example.com'),
 (12,'T012','陈老师','讲师','2022-09-01',11,NULL,'13800000012','t012@example.com'),
 (13,'T013','褚老师','副教授','2015-09-01',12,NULL,'13800000013','t013@example.com'),
 (14,'T014','卫老师','讲师','2020-09-01',13,NULL,'13800000014','t014@example.com'),
 (15,'T015','蒋老师','讲师','2021-09-01',14,NULL,'13800000015','t015@example.com'),
 (16,'T016','沈老师','副教授','2018-09-01',15,NULL,'13800000016','t016@example.com'),
 (17,'T017','韩老师','讲师','2021-09-01',16,NULL,'13800000017','t017@example.com'),
 (18,'T018','杨老师','讲师','2021-09-01',17,NULL,'13800000018','t018@example.com'),
 (19,'T019','朱老师','讲师','2021-09-01',18,NULL,'13800000019','t019@example.com'),
 (20,'T020','秦老师','副教授','2019-09-01',19,NULL,'13800000020','t020@example.com'),
 (21,'T021','尤老师','讲师','2022-09-01',20,NULL,'13800000021','t021@example.com'),
 (22,'T022','许老师','讲师','2022-09-01',21,NULL,'13800000022','t022@example.com'),
 (23,'T023','何老师','副教授','2017-09-01',22,NULL,'13800000023','t023@example.com'),
 (24,'T024','吕老师','讲师','2021-09-01',23,NULL,'13800000024','t024@example.com'),
 (25,'T025','施老师','讲师','2021-09-01',24,NULL,'13800000025','t025@example.com'),
 (26,'T026','张三','讲师','2021-09-01',25,NULL,'13800000026','t026@example.com'),
 (27,'T027','李四','讲师','2021-09-01',26,NULL,'13800000027','t027@example.com'),
 (28,'T028','王五','讲师','2021-09-01',27,NULL,'13800000028','t028@example.com'),
 (29,'T029','赵六','讲师','2021-09-01',28,NULL,'13800000029','t029@example.com'),
 (30,'T030','钱七','讲师','2021-09-01',29,NULL,'13800000030','t030@example.com');

INSERT INTO student (id, student_no, name, gender, birthday, class_id, photo_url, phone, email, enrollment_date) VALUES
 (1,'S001','李学生','男','2003-09-01',1,NULL,'13900000001','s001@example.com','2022-09-01'),
 (2,'S002','王同学','女','2003-08-21',2,NULL,'13900000002','s002@example.com','2022-09-01'),
 (3,'S003','张同学','男','2003-07-15',3,NULL,'13900000003','s003@example.com','2022-09-01'),
 (4,'S004','刘同学','女','2003-06-13',4,NULL,'13900000004','s004@example.com','2022-09-01'),
 (5,'S005','赵同学','男','2003-05-12',5,NULL,'13900000005','s005@example.com','2022-09-01'),
 (6,'S006','钱同学','女','2003-04-11',6,NULL,'13900000006','s006@example.com','2022-09-01'),
 (7,'S007','孙同学','男','2003-03-10',7,NULL,'13900000007','s007@example.com','2022-09-01'),
 (8,'S008','周同学','女','2003-02-09',8,NULL,'13900000008','s008@example.com','2022-09-01'),
 (9,'S009','吴同学','男','2003-01-08',9,NULL,'13900000009','s009@example.com','2022-09-01'),
 (10,'S010','郑同学','女','2003-02-07',10,NULL,'13900000010','s010@example.com','2022-09-01'),
 (11,'S011','冯同学','男','2003-03-06',11,NULL,'13900000011','s011@example.com','2022-09-01'),
 (12,'S012','陈同学','女','2003-04-05',12,NULL,'13900000012','s012@example.com','2022-09-01'),
 (13,'S013','褚同学','男','2003-05-04',13,NULL,'13900000013','s013@example.com','2022-09-01'),
 (14,'S014','卫同学','女','2003-06-03',14,NULL,'13900000014','s014@example.com','2022-09-01'),
 (15,'S015','蒋同学','男','2003-07-02',15,NULL,'13900000015','s015@example.com','2022-09-01'),
 (16,'S016','沈同学','女','2003-08-01',16,NULL,'13900000016','s016@example.com','2022-09-01'),
 (17,'S017','韩同学','男','2003-09-01',17,NULL,'13900000017','s017@example.com','2022-09-01'),
 (18,'S018','杨同学','女','2003-10-01',18,NULL,'13900000018','s018@example.com','2022-09-01'),
 (19,'S019','朱同学','男','2003-11-01',19,NULL,'13900000019','s019@example.com','2022-09-01'),
 (20,'S020','秦同学','女','2003-12-01',20,NULL,'13900000020','s020@example.com','2022-09-01'),
 (21,'S021','尤同学','男','2003-11-11',21,NULL,'13900000021','s021@example.com','2022-09-01'),
 (22,'S022','许同学','女','2003-10-10',22,NULL,'13900000022','s022@example.com','2022-09-01'),
 (23,'S023','何同学','男','2003-09-09',23,NULL,'13900000023','s023@example.com','2022-09-01'),
 (24,'S024','吕同学','女','2003-08-08',24,NULL,'13900000024','s024@example.com','2022-09-01'),
 (25,'S025','施同学','男','2003-07-07',25,NULL,'13900000025','s025@example.com','2022-09-01'),
 (26,'S026','张晓','女','2003-06-06',26,NULL,'13900000026','s026@example.com','2022-09-01'),
 (27,'S027','李华','男','2003-05-05',27,NULL,'13900000027','s027@example.com','2022-09-01'),
 (28,'S028','王芳','女','2003-04-04',28,NULL,'13900000028','s028@example.com','2022-09-01'),
 (29,'S029','赵强','男','2003-03-03',29,NULL,'13900000029','s029@example.com','2022-09-01'),
 (30,'S030','钱丽','女','2003-02-02',30,NULL,'13900000030','s030@example.com','2022-09-01');

INSERT INTO term_plan (id, term, major_id, course_id) VALUES
 (1,'2024-2025-1',1,1),(2,'2024-2025-1',2,2),(3,'2024-2025-1',3,3),(4,'2024-2025-1',4,4),
 (5,'2024-2025-1',5,5),(6,'2024-2025-1',6,6),(7,'2024-2025-1',7,7),(8,'2024-2025-1',8,8),
 (9,'2024-2025-1',9,9),(10,'2024-2025-1',10,10),(11,'2024-2025-1',11,11),(12,'2024-2025-1',12,12),
 (13,'2024-2025-1',13,13),(14,'2024-2025-1',14,14),(15,'2024-2025-1',15,15),(16,'2024-2025-1',16,16),
 (17,'2024-2025-1',17,17),(18,'2024-2025-1',18,18),(19,'2024-2025-1',19,19),(20,'2024-2025-1',20,20),
 (21,'2024-2025-1',21,21),(22,'2024-2025-1',22,22),(23,'2024-2025-1',23,23),(24,'2024-2025-1',24,24),
 (25,'2024-2025-1',25,25),(26,'2024-2025-1',26,26),(27,'2024-2025-1',27,27),(28,'2024-2025-1',28,28),
 (29,'2024-2025-1',29,29),(30,'2024-2025-1',30,30);

INSERT INTO teaching_assignment (id, term_plan_id, teacher_id, course_type, remarks) VALUES
 (1,1,1,'基础课','无'),(2,2,2,'基础课','无'),(3,3,3,'专业课','无'),(4,4,4,'专业课','无'),
 (5,5,5,'基础课','无'),(6,6,6,'专业课','无'),(7,7,7,'专业课','无'),(8,8,8,'专业课','无'),
 (9,9,9,'基础课','无'),(10,10,10,'专业课','无'),(11,11,11,'基础课','无'),(12,12,12,'专业课','无'),
 (13,13,13,'基础课','无'),(14,14,14,'基础课','无'),(15,15,15,'基础课','无'),(16,16,16,'专业课','无'),
 (17,17,17,'基础课','无'),(18,18,18,'基础课','无'),(19,19,19,'基础课','无'),(20,20,20,'基础课','无'),
 (21,21,21,'基础课','无'),(22,22,22,'基础课','无'),(23,23,23,'基础课','无'),(24,24,24,'基础课','无'),
 (25,25,25,'基础课','无'),(26,26,26,'基础课','无'),(27,27,27,'基础课','无'),(28,28,28,'基础课','无'),
 (29,29,29,'基础课','无'),(30,30,30,'基础课','无');

INSERT INTO grade_record (id, student_id, course_id, term, score) VALUES
 (1,1,1,'2024-2025-1',88),(2,2,2,'2024-2025-1',90),(3,3,3,'2024-2025-1',86),(4,4,4,'2024-2025-1',92),
 (5,5,5,'2024-2025-1',81),(6,6,6,'2024-2025-1',77),(7,7,7,'2024-2025-1',89),(8,8,8,'2024-2025-1',93),
 (9,9,9,'2024-2025-1',85),(10,10,10,'2024-2025-1',79),(11,11,11,'2024-2025-1',88),(12,12,12,'2024-2025-1',90),
 (13,13,13,'2024-2025-1',92),(14,14,14,'2024-2025-1',95),(15,15,15,'2024-2025-1',80),(16,16,16,'2024-2025-1',83),
 (17,17,17,'2024-2025-1',91),(18,18,18,'2024-2025-1',84),(19,19,19,'2024-2025-1',87),(20,20,20,'2024-2025-1',82),
 (21,21,21,'2024-2025-1',89),(22,22,22,'2024-2025-1',85),(23,23,23,'2024-2025-1',90),(24,24,24,'2024-2025-1',88),
 (25,25,25,'2024-2025-1',91),(26,26,26,'2024-2025-1',86),(27,27,27,'2024-2025-1',84),(28,28,28,'2024-2025-1',92),
 (29,29,29,'2024-2025-1',90),(30,30,30,'2024-2025-1',87);

INSERT INTO timetable (id, owner_type, owner_id, term, file_name, file_url) VALUES
 (1,'MAJOR',1,'2024-2025-1','major1.xlsx','/uploads/major1.xlsx'),
 (2,'MAJOR',2,'2024-2025-1','major2.xlsx','/uploads/major2.xlsx'),
 (3,'MAJOR',3,'2024-2025-1','major3.xlsx','/uploads/major3.xlsx'),
 (4,'MAJOR',4,'2024-2025-1','major4.xlsx','/uploads/major4.xlsx'),
 (5,'MAJOR',5,'2024-2025-1','major5.xlsx','/uploads/major5.xlsx'),
 (6,'TEACHER',1,'2024-2025-1','teacher1.xlsx','/uploads/teacher1.xlsx'),
 (7,'TEACHER',2,'2024-2025-1','teacher2.xlsx','/uploads/teacher2.xlsx'),
 (8,'TEACHER',3,'2024-2025-1','teacher3.xlsx','/uploads/teacher3.xlsx'),
 (9,'TEACHER',4,'2024-2025-1','teacher4.xlsx','/uploads/teacher4.xlsx'),
 (10,'TEACHER',5,'2024-2025-1','teacher5.xlsx','/uploads/teacher5.xlsx'),
 (11,'STUDENT',1,'2024-2025-1','student1.xlsx','/uploads/student1.xlsx'),
 (12,'STUDENT',2,'2024-2025-1','student2.xlsx','/uploads/student2.xlsx'),
 (13,'STUDENT',3,'2024-2025-1','student3.xlsx','/uploads/student3.xlsx'),
 (14,'STUDENT',4,'2024-2025-1','student4.xlsx','/uploads/student4.xlsx'),
 (15,'STUDENT',5,'2024-2025-1','student5.xlsx','/uploads/student5.xlsx'),
 (16,'MAJOR',6,'2024-2025-1','major6.xlsx','/uploads/major6.xlsx'),
 (17,'MAJOR',7,'2024-2025-1','major7.xlsx','/uploads/major7.xlsx'),
 (18,'MAJOR',8,'2024-2025-1','major8.xlsx','/uploads/major8.xlsx'),
 (19,'MAJOR',9,'2024-2025-1','major9.xlsx','/uploads/major9.xlsx'),
 (20,'MAJOR',10,'2024-2025-1','major10.xlsx','/uploads/major10.xlsx'),
 (21,'TEACHER',6,'2024-2025-1','teacher6.xlsx','/uploads/teacher6.xlsx'),
 (22,'TEACHER',7,'2024-2025-1','teacher7.xlsx','/uploads/teacher7.xlsx'),
 (23,'TEACHER',8,'2024-2025-1','teacher8.xlsx','/uploads/teacher8.xlsx'),
 (24,'TEACHER',9,'2024-2025-1','teacher9.xlsx','/uploads/teacher9.xlsx'),
 (25,'TEACHER',10,'2024-2025-1','teacher10.xlsx','/uploads/teacher10.xlsx'),
 (26,'STUDENT',6,'2024-2025-1','student6.xlsx','/uploads/student6.xlsx'),
 (27,'STUDENT',7,'2024-2025-1','student7.xlsx','/uploads/student7.xlsx'),
 (28,'STUDENT',8,'2024-2025-1','student8.xlsx','/uploads/student8.xlsx'),
 (29,'STUDENT',9,'2024-2025-1','student9.xlsx','/uploads/student9.xlsx'),
 (30,'STUDENT',10,'2024-2025-1','student10.xlsx','/uploads/student10.xlsx');

INSERT INTO student_course (id, student_id, course_id, term) VALUES
 (1,1,1,'2024-2025-1'),(2,2,2,'2024-2025-1'),(3,3,3,'2024-2025-1'),(4,4,4,'2024-2025-1'),(5,5,5,'2024-2025-1'),
 (6,6,6,'2024-2025-1'),(7,7,7,'2024-2025-1'),(8,8,8,'2024-2025-1'),(9,9,9,'2024-2025-1'),(10,10,10,'2024-2025-1'),
 (11,11,11,'2024-2025-1'),(12,12,12,'2024-2025-1'),(13,13,13,'2024-2025-1'),(14,14,14,'2024-2025-1'),(15,15,15,'2024-2025-1'),
 (16,16,16,'2024-2025-1'),(17,17,17,'2024-2025-1'),(18,18,18,'2024-2025-1'),(19,19,19,'2024-2025-1'),(20,20,20,'2024-2025-1'),
 (21,21,21,'2024-2025-1'),(22,22,22,'2024-2025-1'),(23,23,23,'2024-2025-1'),(24,24,24,'2024-2025-1'),(25,25,25,'2024-2025-1'),
 (26,26,26,'2024-2025-1'),(27,27,27,'2024-2025-1'),(28,28,28,'2024-2025-1'),(29,29,29,'2024-2025-1'),(30,30,30,'2024-2025-1');

INSERT INTO student (id, student_no, name, gender, birthday, class_id, photo_url, phone, email, enrollment_date) VALUES
 (31,'S031','学生031','男','2002-01-05','1',NULL,'13920000031','s031@example.com','2022-09-01'),
 (32,'S032','学生032','女','2002-01-15','1',NULL,'13920000032','s032@example.com','2022-09-01'),
 (33,'S033','学生033','男','2002-01-25','1',NULL,'13920000033','s033@example.com','2022-09-01'),
 (34,'S034','学生034','女','2002-04-05','1',NULL,'13920000034','s034@example.com','2022-09-01'),
 (35,'S035','学生035','男','2002-04-15','1',NULL,'13920000035','s035@example.com','2022-09-01'),
 (36,'S036','学生036','女','2002-04-25','1',NULL,'13920000036','s036@example.com','2022-09-01'),
 (37,'S037','学生037','男','2002-07-05','1',NULL,'13920000037','s037@example.com','2022-09-01'),
 (38,'S038','学生038','女','2002-07-15','1',NULL,'13920000038','s038@example.com','2022-09-01'),
 (39,'S039','学生039','男','2002-07-25','1',NULL,'13920000039','s039@example.com','2022-09-01'),
 (40,'S040','学生040','女','2002-10-05','1',NULL,'13920000040','s040@example.com','2022-09-01'),
 (41,'S041','学生041','男','2002-10-15','1',NULL,'13920000041','s041@example.com','2022-09-01'),
 (42,'S042','学生042','女','2002-10-25','1',NULL,'13920000042','s042@example.com','2022-09-01'),
 (43,'S043','学生043','男','2003-01-05','1',NULL,'13920000043','s043@example.com','2022-09-01'),
 (44,'S044','学生044','女','2003-01-15','1',NULL,'13920000044','s044@example.com','2022-09-01'),
 (45,'S045','学生045','男','2003-01-25','1',NULL,'13920000045','s045@example.com','2022-09-01'),
 (46,'S046','学生046','女','2003-04-05','1',NULL,'13920000046','s046@example.com','2022-09-01'),
 (47,'S047','学生047','男','2003-04-15','1',NULL,'13920000047','s047@example.com','2022-09-01'),
 (48,'S048','学生048','女','2003-04-25','1',NULL,'13920000048','s048@example.com','2022-09-01'),
 (49,'S049','学生049','男','2003-07-05','1',NULL,'13920000049','s049@example.com','2022-09-01'),
 (50,'S050','学生050','女','2003-07-15','1',NULL,'13920000050','s050@example.com','2022-09-01'),
 (51,'S051','学生051','男','2003-07-25','2',NULL,'13920000051','s051@example.com','2022-09-01'),
 (52,'S052','学生052','女','2003-10-05','2',NULL,'13920000052','s052@example.com','2022-09-01'),
 (53,'S053','学生053','男','2003-10-15','2',NULL,'13920000053','s053@example.com','2022-09-01'),
 (54,'S054','学生054','女','2003-10-25','2',NULL,'13920000054','s054@example.com','2022-09-01'),
 (55,'S055','学生055','男','2004-01-05','2',NULL,'13920000055','s055@example.com','2022-09-01'),
 (56,'S056','学生056','女','2004-01-15','2',NULL,'13920000056','s056@example.com','2022-09-01'),
 (57,'S057','学生057','男','2004-01-25','2',NULL,'13920000057','s057@example.com','2022-09-01'),
 (58,'S058','学生058','女','2004-04-05','2',NULL,'13920000058','s058@example.com','2022-09-01'),
 (59,'S059','学生059','男','2004-04-15','2',NULL,'13920000059','s059@example.com','2022-09-01'),
 (60,'S060','学生060','女','2004-04-25','2',NULL,'13920000060','s060@example.com','2022-09-01'),
 (61,'S061','学生061','男','2004-07-05','2',NULL,'13920000061','s061@example.com','2022-09-01'),
 (62,'S062','学生062','女','2004-07-15','2',NULL,'13920000062','s062@example.com','2022-09-01'),
 (63,'S063','学生063','男','2004-07-25','2',NULL,'13920000063','s063@example.com','2022-09-01'),
 (64,'S064','学生064','女','2004-10-05','2',NULL,'13920000064','s064@example.com','2022-09-01'),
 (65,'S065','学生065','男','2004-10-15','2',NULL,'13920000065','s065@example.com','2022-09-01'),
 (66,'S066','学生066','女','2004-10-25','2',NULL,'13920000066','s066@example.com','2022-09-01'),
 (67,'S067','学生067','男','2002-01-05','2',NULL,'13920000067','s067@example.com','2022-09-01'),
 (68,'S068','学生068','女','2002-01-15','2',NULL,'13920000068','s068@example.com','2022-09-01'),
 (69,'S069','学生069','男','2002-01-25','2',NULL,'13920000069','s069@example.com','2022-09-01'),
 (70,'S070','学生070','女','2002-04-05','2',NULL,'13920000070','s070@example.com','2022-09-01'),
 (71,'S071','学生071','男','2002-04-15','3',NULL,'13920000071','s071@example.com','2022-09-01'),
 (72,'S072','学生072','女','2002-04-25','3',NULL,'13920000072','s072@example.com','2022-09-01'),
 (73,'S073','学生073','男','2002-07-05','3',NULL,'13920000073','s073@example.com','2022-09-01'),
 (74,'S074','学生074','女','2002-07-15','3',NULL,'13920000074','s074@example.com','2022-09-01'),
 (75,'S075','学生075','男','2002-07-25','3',NULL,'13920000075','s075@example.com','2022-09-01'),
 (76,'S076','学生076','女','2002-10-05','3',NULL,'13920000076','s076@example.com','2022-09-01'),
 (77,'S077','学生077','男','2002-10-15','3',NULL,'13920000077','s077@example.com','2022-09-01'),
 (78,'S078','学生078','女','2002-10-25','3',NULL,'13920000078','s078@example.com','2022-09-01'),
 (79,'S079','学生079','男','2003-01-05','3',NULL,'13920000079','s079@example.com','2022-09-01'),
 (80,'S080','学生080','女','2003-01-15','3',NULL,'13920000080','s080@example.com','2022-09-01'),
 (81,'S081','学生081','男','2003-01-25','3',NULL,'13920000081','s081@example.com','2022-09-01'),
 (82,'S082','学生082','女','2003-04-05','3',NULL,'13920000082','s082@example.com','2022-09-01'),
 (83,'S083','学生083','男','2003-04-15','3',NULL,'13920000083','s083@example.com','2022-09-01'),
 (84,'S084','学生084','女','2003-04-25','3',NULL,'13920000084','s084@example.com','2022-09-01'),
 (85,'S085','学生085','男','2003-07-05','3',NULL,'13920000085','s085@example.com','2022-09-01'),
 (86,'S086','学生086','女','2003-07-15','3',NULL,'13920000086','s086@example.com','2022-09-01'),
 (87,'S087','学生087','男','2003-07-25','3',NULL,'13920000087','s087@example.com','2022-09-01'),
 (88,'S088','学生088','女','2003-10-05','3',NULL,'13920000088','s088@example.com','2022-09-01'),
 (89,'S089','学生089','男','2003-10-15','3',NULL,'13920000089','s089@example.com','2022-09-01'),
 (90,'S090','学生090','女','2003-10-25','3',NULL,'13920000090','s090@example.com','2022-09-01'),
 (91,'S091','学生091','男','2004-01-05','4',NULL,'13920000091','s091@example.com','2022-09-01'),
 (92,'S092','学生092','女','2004-01-15','4',NULL,'13920000092','s092@example.com','2022-09-01'),
 (93,'S093','学生093','男','2004-01-25','4',NULL,'13920000093','s093@example.com','2022-09-01'),
 (94,'S094','学生094','女','2004-04-05','4',NULL,'13920000094','s094@example.com','2022-09-01'),
 (95,'S095','学生095','男','2004-04-15','4',NULL,'13920000095','s095@example.com','2022-09-01'),
 (96,'S096','学生096','女','2004-04-25','4',NULL,'13920000096','s096@example.com','2022-09-01'),
 (97,'S097','学生097','男','2004-07-05','4',NULL,'13920000097','s097@example.com','2022-09-01'),
 (98,'S098','学生098','女','2004-07-15','4',NULL,'13920000098','s098@example.com','2022-09-01'),
 (99,'S099','学生099','男','2004-07-25','4',NULL,'13920000099','s099@example.com','2022-09-01'),
 (100,'S100','学生100','女','2004-10-05','4',NULL,'13920000100','s100@example.com','2022-09-01'),
 (101,'S101','学生101','男','2004-10-15','4',NULL,'13920000101','s101@example.com','2022-09-01'),
 (102,'S102','学生102','女','2004-10-25','4',NULL,'13920000102','s102@example.com','2022-09-01'),
 (103,'S103','学生103','男','2002-01-05','4',NULL,'13920000103','s103@example.com','2022-09-01'),
 (104,'S104','学生104','女','2002-01-15','4',NULL,'13920000104','s104@example.com','2022-09-01'),
 (105,'S105','学生105','男','2002-01-25','4',NULL,'13920000105','s105@example.com','2022-09-01'),
 (106,'S106','学生106','女','2002-04-05','4',NULL,'13920000106','s106@example.com','2022-09-01'),
 (107,'S107','学生107','男','2002-04-15','4',NULL,'13920000107','s107@example.com','2022-09-01'),
 (108,'S108','学生108','女','2002-04-25','4',NULL,'13920000108','s108@example.com','2022-09-01'),
 (109,'S109','学生109','男','2002-07-05','4',NULL,'13920000109','s109@example.com','2022-09-01'),
 (110,'S110','学生110','女','2002-07-15','4',NULL,'13920000110','s110@example.com','2022-09-01'),
 (111,'S111','学生111','男','2002-07-25','5',NULL,'13920000111','s111@example.com','2022-09-01'),
 (112,'S112','学生112','女','2002-10-05','5',NULL,'13920000112','s112@example.com','2022-09-01'),
 (113,'S113','学生113','男','2002-10-15','5',NULL,'13920000113','s113@example.com','2022-09-01'),
 (114,'S114','学生114','女','2002-10-25','5',NULL,'13920000114','s114@example.com','2022-09-01'),
 (115,'S115','学生115','男','2003-01-05','5',NULL,'13920000115','s115@example.com','2022-09-01'),
 (116,'S116','学生116','女','2003-01-15','5',NULL,'13920000116','s116@example.com','2022-09-01'),
 (117,'S117','学生117','男','2003-01-25','5',NULL,'13920000117','s117@example.com','2022-09-01'),
 (118,'S118','学生118','女','2003-04-05','5',NULL,'13920000118','s118@example.com','2022-09-01'),
 (119,'S119','学生119','男','2003-04-15','5',NULL,'13920000119','s119@example.com','2022-09-01'),
 (120,'S120','学生120','女','2003-04-25','5',NULL,'13920000120','s120@example.com','2022-09-01'),
 (121,'S121','学生121','男','2003-07-05','5',NULL,'13920000121','s121@example.com','2022-09-01'),
 (122,'S122','学生122','女','2003-07-15','5',NULL,'13920000122','s122@example.com','2022-09-01'),
 (123,'S123','学生123','男','2003-07-25','5',NULL,'13920000123','s123@example.com','2022-09-01'),
 (124,'S124','学生124','女','2003-10-05','5',NULL,'13920000124','s124@example.com','2022-09-01'),
 (125,'S125','学生125','男','2003-10-15','5',NULL,'13920000125','s125@example.com','2022-09-01'),
 (126,'S126','学生126','女','2003-10-25','5',NULL,'13920000126','s126@example.com','2022-09-01'),
 (127,'S127','学生127','男','2004-01-05','5',NULL,'13920000127','s127@example.com','2022-09-01'),
 (128,'S128','学生128','女','2004-01-15','5',NULL,'13920000128','s128@example.com','2022-09-01'),
 (129,'S129','学生129','男','2004-01-25','5',NULL,'13920000129','s129@example.com','2022-09-01'),
 (130,'S130','学生130','女','2004-04-05','5',NULL,'13920000130','s130@example.com','2022-09-01'),
 (131,'S131','学生131','男','2004-04-15','6',NULL,'13920000131','s131@example.com','2022-09-01'),
 (132,'S132','学生132','女','2004-04-25','6',NULL,'13920000132','s132@example.com','2022-09-01'),
 (133,'S133','学生133','男','2004-07-05','6',NULL,'13920000133','s133@example.com','2022-09-01'),
 (134,'S134','学生134','女','2004-07-15','6',NULL,'13920000134','s134@example.com','2022-09-01'),
 (135,'S135','学生135','男','2004-07-25','6',NULL,'13920000135','s135@example.com','2022-09-01'),
 (136,'S136','学生136','女','2004-10-05','6',NULL,'13920000136','s136@example.com','2022-09-01'),
 (137,'S137','学生137','男','2004-10-15','6',NULL,'13920000137','s137@example.com','2022-09-01'),
 (138,'S138','学生138','女','2004-10-25','6',NULL,'13920000138','s138@example.com','2022-09-01'),
 (139,'S139','学生139','男','2002-01-05','6',NULL,'13920000139','s139@example.com','2022-09-01'),
 (140,'S140','学生140','女','2002-01-15','6',NULL,'13920000140','s140@example.com','2022-09-01'),
 (141,'S141','学生141','男','2002-01-25','6',NULL,'13920000141','s141@example.com','2022-09-01'),
 (142,'S142','学生142','女','2002-04-05','6',NULL,'13920000142','s142@example.com','2022-09-01'),
 (143,'S143','学生143','男','2002-04-15','6',NULL,'13920000143','s143@example.com','2022-09-01'),
 (144,'S144','学生144','女','2002-04-25','6',NULL,'13920000144','s144@example.com','2022-09-01'),
 (145,'S145','学生145','男','2002-07-05','6',NULL,'13920000145','s145@example.com','2022-09-01'),
 (146,'S146','学生146','女','2002-07-15','6',NULL,'13920000146','s146@example.com','2022-09-01'),
 (147,'S147','学生147','男','2002-07-25','6',NULL,'13920000147','s147@example.com','2022-09-01'),
 (148,'S148','学生148','女','2002-10-05','6',NULL,'13920000148','s148@example.com','2022-09-01'),
 (149,'S149','学生149','男','2002-10-15','6',NULL,'13920000149','s149@example.com','2022-09-01'),
 (150,'S150','学生150','女','2002-10-25','6',NULL,'13920000150','s150@example.com','2022-09-01'),
 (151,'S151','学生151','男','2003-01-05','7',NULL,'13920000151','s151@example.com','2022-09-01'),
 (152,'S152','学生152','女','2003-01-15','7',NULL,'13920000152','s152@example.com','2022-09-01'),
 (153,'S153','学生153','男','2003-01-25','7',NULL,'13920000153','s153@example.com','2022-09-01'),
 (154,'S154','学生154','女','2003-04-05','7',NULL,'13920000154','s154@example.com','2022-09-01'),
 (155,'S155','学生155','男','2003-04-15','7',NULL,'13920000155','s155@example.com','2022-09-01'),
 (156,'S156','学生156','女','2003-04-25','7',NULL,'13920000156','s156@example.com','2022-09-01'),
 (157,'S157','学生157','男','2003-07-05','7',NULL,'13920000157','s157@example.com','2022-09-01'),
 (158,'S158','学生158','女','2003-07-15','7',NULL,'13920000158','s158@example.com','2022-09-01'),
 (159,'S159','学生159','男','2003-07-25','7',NULL,'13920000159','s159@example.com','2022-09-01'),
 (160,'S160','学生160','女','2003-10-05','7',NULL,'13920000160','s160@example.com','2022-09-01'),
 (161,'S161','学生161','男','2003-10-15','7',NULL,'13920000161','s161@example.com','2022-09-01'),
 (162,'S162','学生162','女','2003-10-25','7',NULL,'13920000162','s162@example.com','2022-09-01'),
 (163,'S163','学生163','男','2004-01-05','7',NULL,'13920000163','s163@example.com','2022-09-01'),
 (164,'S164','学生164','女','2004-01-15','7',NULL,'13920000164','s164@example.com','2022-09-01'),
 (165,'S165','学生165','男','2004-01-25','7',NULL,'13920000165','s165@example.com','2022-09-01'),
 (166,'S166','学生166','女','2004-04-05','7',NULL,'13920000166','s166@example.com','2022-09-01'),
 (167,'S167','学生167','男','2004-04-15','7',NULL,'13920000167','s167@example.com','2022-09-01'),
 (168,'S168','学生168','女','2004-04-25','7',NULL,'13920000168','s168@example.com','2022-09-01'),
 (169,'S169','学生169','男','2004-07-05','7',NULL,'13920000169','s169@example.com','2022-09-01'),
 (170,'S170','学生170','女','2004-07-15','7',NULL,'13920000170','s170@example.com','2022-09-01'),
 (171,'S171','学生171','男','2004-07-25','8',NULL,'13920000171','s171@example.com','2022-09-01'),
 (172,'S172','学生172','女','2004-10-05','8',NULL,'13920000172','s172@example.com','2022-09-01'),
 (173,'S173','学生173','男','2004-10-15','8',NULL,'13920000173','s173@example.com','2022-09-01'),
 (174,'S174','学生174','女','2004-10-25','8',NULL,'13920000174','s174@example.com','2022-09-01'),
 (175,'S175','学生175','男','2002-01-05','8',NULL,'13920000175','s175@example.com','2022-09-01'),
 (176,'S176','学生176','女','2002-01-15','8',NULL,'13920000176','s176@example.com','2022-09-01'),
 (177,'S177','学生177','男','2002-01-25','8',NULL,'13920000177','s177@example.com','2022-09-01'),
 (178,'S178','学生178','女','2002-04-05','8',NULL,'13920000178','s178@example.com','2022-09-01'),
 (179,'S179','学生179','男','2002-04-15','8',NULL,'13920000179','s179@example.com','2022-09-01'),
 (180,'S180','学生180','女','2002-04-25','8',NULL,'13920000180','s180@example.com','2022-09-01'),
 (181,'S181','学生181','男','2002-07-05','8',NULL,'13920000181','s181@example.com','2022-09-01'),
 (182,'S182','学生182','女','2002-07-15','8',NULL,'13920000182','s182@example.com','2022-09-01'),
 (183,'S183','学生183','男','2002-07-25','8',NULL,'13920000183','s183@example.com','2022-09-01'),
 (184,'S184','学生184','女','2002-10-05','8',NULL,'13920000184','s184@example.com','2022-09-01'),
 (185,'S185','学生185','男','2002-10-15','8',NULL,'13920000185','s185@example.com','2022-09-01'),
 (186,'S186','学生186','女','2002-10-25','8',NULL,'13920000186','s186@example.com','2022-09-01'),
 (187,'S187','学生187','男','2003-01-05','8',NULL,'13920000187','s187@example.com','2022-09-01'),
 (188,'S188','学生188','女','2003-01-15','8',NULL,'13920000188','s188@example.com','2022-09-01'),
 (189,'S189','学生189','男','2003-01-25','8',NULL,'13920000189','s189@example.com','2022-09-01'),
 (190,'S190','学生190','女','2003-04-05','8',NULL,'13920000190','s190@example.com','2022-09-01'),
 (191,'S191','学生191','男','2003-04-15','9',NULL,'13920000191','s191@example.com','2022-09-01'),
 (192,'S192','学生192','女','2003-04-25','9',NULL,'13920000192','s192@example.com','2022-09-01'),
 (193,'S193','学生193','男','2003-07-05','9',NULL,'13920000193','s193@example.com','2022-09-01'),
 (194,'S194','学生194','女','2003-07-15','9',NULL,'13920000194','s194@example.com','2022-09-01'),
 (195,'S195','学生195','男','2003-07-25','9',NULL,'13920000195','s195@example.com','2022-09-01'),
 (196,'S196','学生196','女','2003-10-05','9',NULL,'13920000196','s196@example.com','2022-09-01'),
 (197,'S197','学生197','男','2003-10-15','9',NULL,'13920000197','s197@example.com','2022-09-01'),
 (198,'S198','学生198','女','2003-10-25','9',NULL,'13920000198','s198@example.com','2022-09-01'),
 (199,'S199','学生199','男','2004-01-05','9',NULL,'13920000199','s199@example.com','2022-09-01'),
 (200,'S200','学生200','女','2004-01-15','9',NULL,'13920000200','s200@example.com','2022-09-01'),
 (201,'S201','学生201','男','2004-01-25','9',NULL,'13920000201','s201@example.com','2022-09-01'),
 (202,'S202','学生202','女','2004-04-05','9',NULL,'13920000202','s202@example.com','2022-09-01'),
 (203,'S203','学生203','男','2004-04-15','9',NULL,'13920000203','s203@example.com','2022-09-01'),
 (204,'S204','学生204','女','2004-04-25','9',NULL,'13920000204','s204@example.com','2022-09-01'),
 (205,'S205','学生205','男','2004-07-05','9',NULL,'13920000205','s205@example.com','2022-09-01'),
 (206,'S206','学生206','女','2004-07-15','9',NULL,'13920000206','s206@example.com','2022-09-01'),
 (207,'S207','学生207','男','2004-07-25','9',NULL,'13920000207','s207@example.com','2022-09-01'),
 (208,'S208','学生208','女','2004-10-05','9',NULL,'13920000208','s208@example.com','2022-09-01'),
 (209,'S209','学生209','男','2004-10-15','9',NULL,'13920000209','s209@example.com','2022-09-01'),
 (210,'S210','学生210','女','2004-10-25','9',NULL,'13920000210','s210@example.com','2022-09-01'),
 (211,'S211','学生211','男','2002-01-05','10',NULL,'13920000211','s211@example.com','2022-09-01'),
 (212,'S212','学生212','女','2002-01-15','10',NULL,'13920000212','s212@example.com','2022-09-01'),
 (213,'S213','学生213','男','2002-01-25','10',NULL,'13920000213','s213@example.com','2022-09-01'),
 (214,'S214','学生214','女','2002-04-05','10',NULL,'13920000214','s214@example.com','2022-09-01'),
 (215,'S215','学生215','男','2002-04-15','10',NULL,'13920000215','s215@example.com','2022-09-01'),
 (216,'S216','学生216','女','2002-04-25','10',NULL,'13920000216','s216@example.com','2022-09-01'),
 (217,'S217','学生217','男','2002-07-05','10',NULL,'13920000217','s217@example.com','2022-09-01'),
 (218,'S218','学生218','女','2002-07-15','10',NULL,'13920000218','s218@example.com','2022-09-01'),
 (219,'S219','学生219','男','2002-07-25','10',NULL,'13920000219','s219@example.com','2022-09-01'),
 (220,'S220','学生220','女','2002-10-05','10',NULL,'13920000220','s220@example.com','2022-09-01'),
 (221,'S221','学生221','男','2002-10-15','10',NULL,'13920000221','s221@example.com','2022-09-01'),
 (222,'S222','学生222','女','2002-10-25','10',NULL,'13920000222','s222@example.com','2022-09-01'),
 (223,'S223','学生223','男','2003-01-05','10',NULL,'13920000223','s223@example.com','2022-09-01'),
 (224,'S224','学生224','女','2003-01-15','10',NULL,'13920000224','s224@example.com','2022-09-01'),
 (225,'S225','学生225','男','2003-01-25','10',NULL,'13920000225','s225@example.com','2022-09-01'),
 (226,'S226','学生226','女','2003-04-05','10',NULL,'13920000226','s226@example.com','2022-09-01'),
 (227,'S227','学生227','男','2003-04-15','10',NULL,'13920000227','s227@example.com','2022-09-01'),
 (228,'S228','学生228','女','2003-04-25','10',NULL,'13920000228','s228@example.com','2022-09-01'),
 (229,'S229','学生229','男','2003-07-05','10',NULL,'13920000229','s229@example.com','2022-09-01'),
 (230,'S230','学生230','女','2003-07-15','10',NULL,'13920000230','s230@example.com','2022-09-01'),
 (231,'S231','学生231','男','2003-07-25','11',NULL,'13920000231','s231@example.com','2022-09-01'),
 (232,'S232','学生232','女','2003-10-05','11',NULL,'13920000232','s232@example.com','2022-09-01'),
 (233,'S233','学生233','男','2003-10-15','11',NULL,'13920000233','s233@example.com','2022-09-01'),
 (234,'S234','学生234','女','2003-10-25','11',NULL,'13920000234','s234@example.com','2022-09-01'),
 (235,'S235','学生235','男','2004-01-05','11',NULL,'13920000235','s235@example.com','2022-09-01'),
 (236,'S236','学生236','女','2004-01-15','11',NULL,'13920000236','s236@example.com','2022-09-01'),
 (237,'S237','学生237','男','2004-01-25','11',NULL,'13920000237','s237@example.com','2022-09-01'),
 (238,'S238','学生238','女','2004-04-05','11',NULL,'13920000238','s238@example.com','2022-09-01'),
 (239,'S239','学生239','男','2004-04-15','11',NULL,'13920000239','s239@example.com','2022-09-01'),
 (240,'S240','学生240','女','2004-04-25','11',NULL,'13920000240','s240@example.com','2022-09-01'),
 (241,'S241','学生241','男','2004-07-05','11',NULL,'13920000241','s241@example.com','2022-09-01'),
 (242,'S242','学生242','女','2004-07-15','11',NULL,'13920000242','s242@example.com','2022-09-01'),
 (243,'S243','学生243','男','2004-07-25','11',NULL,'13920000243','s243@example.com','2022-09-01'),
 (244,'S244','学生244','女','2004-10-05','11',NULL,'13920000244','s244@example.com','2022-09-01'),
 (245,'S245','学生245','男','2004-10-15','11',NULL,'13920000245','s245@example.com','2022-09-01'),
 (246,'S246','学生246','女','2004-10-25','11',NULL,'13920000246','s246@example.com','2022-09-01'),
 (247,'S247','学生247','男','2002-01-05','11',NULL,'13920000247','s247@example.com','2022-09-01'),
 (248,'S248','学生248','女','2002-01-15','11',NULL,'13920000248','s248@example.com','2022-09-01'),
 (249,'S249','学生249','男','2002-01-25','11',NULL,'13920000249','s249@example.com','2022-09-01'),
 (250,'S250','学生250','女','2002-04-05','11',NULL,'13920000250','s250@example.com','2022-09-01'),
 (251,'S251','学生251','男','2002-04-15','12',NULL,'13920000251','s251@example.com','2022-09-01'),
 (252,'S252','学生252','女','2002-04-25','12',NULL,'13920000252','s252@example.com','2022-09-01'),
 (253,'S253','学生253','男','2002-07-05','12',NULL,'13920000253','s253@example.com','2022-09-01'),
 (254,'S254','学生254','女','2002-07-15','12',NULL,'13920000254','s254@example.com','2022-09-01'),
 (255,'S255','学生255','男','2002-07-25','12',NULL,'13920000255','s255@example.com','2022-09-01'),
 (256,'S256','学生256','女','2002-10-05','12',NULL,'13920000256','s256@example.com','2022-09-01'),
 (257,'S257','学生257','男','2002-10-15','12',NULL,'13920000257','s257@example.com','2022-09-01'),
 (258,'S258','学生258','女','2002-10-25','12',NULL,'13920000258','s258@example.com','2022-09-01'),
 (259,'S259','学生259','男','2003-01-05','12',NULL,'13920000259','s259@example.com','2022-09-01'),
 (260,'S260','学生260','女','2003-01-15','12',NULL,'13920000260','s260@example.com','2022-09-01'),
 (261,'S261','学生261','男','2003-01-25','12',NULL,'13920000261','s261@example.com','2022-09-01'),
 (262,'S262','学生262','女','2003-04-05','12',NULL,'13920000262','s262@example.com','2022-09-01'),
 (263,'S263','学生263','男','2003-04-15','12',NULL,'13920000263','s263@example.com','2022-09-01'),
 (264,'S264','学生264','女','2003-04-25','12',NULL,'13920000264','s264@example.com','2022-09-01'),
 (265,'S265','学生265','男','2003-07-05','12',NULL,'13920000265','s265@example.com','2022-09-01'),
 (266,'S266','学生266','女','2003-07-15','12',NULL,'13920000266','s266@example.com','2022-09-01'),
 (267,'S267','学生267','男','2003-07-25','12',NULL,'13920000267','s267@example.com','2022-09-01'),
 (268,'S268','学生268','女','2003-10-05','12',NULL,'13920000268','s268@example.com','2022-09-01'),
 (269,'S269','学生269','男','2003-10-15','12',NULL,'13920000269','s269@example.com','2022-09-01'),
 (270,'S270','学生270','女','2003-10-25','12',NULL,'13920000270','s270@example.com','2022-09-01'),
 (271,'S271','学生271','男','2004-01-05','13',NULL,'13920000271','s271@example.com','2022-09-01'),
 (272,'S272','学生272','女','2004-01-15','13',NULL,'13920000272','s272@example.com','2022-09-01'),
 (273,'S273','学生273','男','2004-01-25','13',NULL,'13920000273','s273@example.com','2022-09-01'),
 (274,'S274','学生274','女','2004-04-05','13',NULL,'13920000274','s274@example.com','2022-09-01'),
 (275,'S275','学生275','男','2004-04-15','13',NULL,'13920000275','s275@example.com','2022-09-01'),
 (276,'S276','学生276','女','2004-04-25','13',NULL,'13920000276','s276@example.com','2022-09-01'),
 (277,'S277','学生277','男','2004-07-05','13',NULL,'13920000277','s277@example.com','2022-09-01'),
 (278,'S278','学生278','女','2004-07-15','13',NULL,'13920000278','s278@example.com','2022-09-01'),
 (279,'S279','学生279','男','2004-07-25','13',NULL,'13920000279','s279@example.com','2022-09-01'),
 (280,'S280','学生280','女','2004-10-05','13',NULL,'13920000280','s280@example.com','2022-09-01'),
 (281,'S281','学生281','男','2004-10-15','13',NULL,'13920000281','s281@example.com','2022-09-01'),
 (282,'S282','学生282','女','2004-10-25','13',NULL,'13920000282','s282@example.com','2022-09-01'),
 (283,'S283','学生283','男','2002-01-05','13',NULL,'13920000283','s283@example.com','2022-09-01'),
 (284,'S284','学生284','女','2002-01-15','13',NULL,'13920000284','s284@example.com','2022-09-01'),
 (285,'S285','学生285','男','2002-01-25','13',NULL,'13920000285','s285@example.com','2022-09-01'),
 (286,'S286','学生286','女','2002-04-05','13',NULL,'13920000286','s286@example.com','2022-09-01'),
 (287,'S287','学生287','男','2002-04-15','13',NULL,'13920000287','s287@example.com','2022-09-01'),
 (288,'S288','学生288','女','2002-04-25','13',NULL,'13920000288','s288@example.com','2022-09-01'),
 (289,'S289','学生289','男','2002-07-05','13',NULL,'13920000289','s289@example.com','2022-09-01'),
 (290,'S290','学生290','女','2002-07-15','13',NULL,'13920000290','s290@example.com','2022-09-01'),
 (291,'S291','学生291','男','2002-07-25','14',NULL,'13920000291','s291@example.com','2022-09-01'),
 (292,'S292','学生292','女','2002-10-05','14',NULL,'13920000292','s292@example.com','2022-09-01'),
 (293,'S293','学生293','男','2002-10-15','14',NULL,'13920000293','s293@example.com','2022-09-01'),
 (294,'S294','学生294','女','2002-10-25','14',NULL,'13920000294','s294@example.com','2022-09-01'),
 (295,'S295','学生295','男','2003-01-05','14',NULL,'13920000295','s295@example.com','2022-09-01'),
 (296,'S296','学生296','女','2003-01-15','14',NULL,'13920000296','s296@example.com','2022-09-01'),
 (297,'S297','学生297','男','2003-01-25','14',NULL,'13920000297','s297@example.com','2022-09-01'),
 (298,'S298','学生298','女','2003-04-05','14',NULL,'13920000298','s298@example.com','2022-09-01'),
 (299,'S299','学生299','男','2003-04-15','14',NULL,'13920000299','s299@example.com','2022-09-01'),
 (300,'S300','学生300','女','2003-04-25','14',NULL,'13920000300','s300@example.com','2022-09-01'),
 (301,'S301','学生301','男','2003-07-05','14',NULL,'13920000301','s301@example.com','2022-09-01'),
 (302,'S302','学生302','女','2003-07-15','14',NULL,'13920000302','s302@example.com','2022-09-01'),
 (303,'S303','学生303','男','2003-07-25','14',NULL,'13920000303','s303@example.com','2022-09-01'),
 (304,'S304','学生304','女','2003-10-05','14',NULL,'13920000304','s304@example.com','2022-09-01'),
 (305,'S305','学生305','男','2003-10-15','14',NULL,'13920000305','s305@example.com','2022-09-01'),
 (306,'S306','学生306','女','2003-10-25','14',NULL,'13920000306','s306@example.com','2022-09-01'),
 (307,'S307','学生307','男','2004-01-05','14',NULL,'13920000307','s307@example.com','2022-09-01'),
 (308,'S308','学生308','女','2004-01-15','14',NULL,'13920000308','s308@example.com','2022-09-01'),
 (309,'S309','学生309','男','2004-01-25','14',NULL,'13920000309','s309@example.com','2022-09-01'),
 (310,'S310','学生310','女','2004-04-05','14',NULL,'13920000310','s310@example.com','2022-09-01'),
 (311,'S311','学生311','男','2004-04-15','15',NULL,'13920000311','s311@example.com','2022-09-01'),
 (312,'S312','学生312','女','2004-04-25','15',NULL,'13920000312','s312@example.com','2022-09-01'),
 (313,'S313','学生313','男','2004-07-05','15',NULL,'13920000313','s313@example.com','2022-09-01'),
 (314,'S314','学生314','女','2004-07-15','15',NULL,'13920000314','s314@example.com','2022-09-01'),
 (315,'S315','学生315','男','2004-07-25','15',NULL,'13920000315','s315@example.com','2022-09-01'),
 (316,'S316','学生316','女','2004-10-05','15',NULL,'13920000316','s316@example.com','2022-09-01'),
 (317,'S317','学生317','男','2004-10-15','15',NULL,'13920000317','s317@example.com','2022-09-01'),
 (318,'S318','学生318','女','2004-10-25','15',NULL,'13920000318','s318@example.com','2022-09-01'),
 (319,'S319','学生319','男','2002-01-05','15',NULL,'13920000319','s319@example.com','2022-09-01'),
 (320,'S320','学生320','女','2002-01-15','15',NULL,'13920000320','s320@example.com','2022-09-01'),
 (321,'S321','学生321','男','2002-01-25','15',NULL,'13920000321','s321@example.com','2022-09-01'),
 (322,'S322','学生322','女','2002-04-05','15',NULL,'13920000322','s322@example.com','2022-09-01'),
 (323,'S323','学生323','男','2002-04-15','15',NULL,'13920000323','s323@example.com','2022-09-01'),
 (324,'S324','学生324','女','2002-04-25','15',NULL,'13920000324','s324@example.com','2022-09-01'),
 (325,'S325','学生325','男','2002-07-05','15',NULL,'13920000325','s325@example.com','2022-09-01'),
 (326,'S326','学生326','女','2002-07-15','15',NULL,'13920000326','s326@example.com','2022-09-01'),
 (327,'S327','学生327','男','2002-07-25','15',NULL,'13920000327','s327@example.com','2022-09-01'),
 (328,'S328','学生328','女','2002-10-05','15',NULL,'13920000328','s328@example.com','2022-09-01'),
 (329,'S329','学生329','男','2002-10-15','15',NULL,'13920000329','s329@example.com','2022-09-01'),
 (330,'S330','学生330','女','2002-10-25','15',NULL,'13920000330','s330@example.com','2022-09-01'),
 (331,'S331','学生331','男','2003-01-05','16',NULL,'13920000331','s331@example.com','2022-09-01'),
 (332,'S332','学生332','女','2003-01-15','16',NULL,'13920000332','s332@example.com','2022-09-01'),
 (333,'S333','学生333','男','2003-01-25','16',NULL,'13920000333','s333@example.com','2022-09-01'),
 (334,'S334','学生334','女','2003-04-05','16',NULL,'13920000334','s334@example.com','2022-09-01'),
 (335,'S335','学生335','男','2003-04-15','16',NULL,'13920000335','s335@example.com','2022-09-01'),
 (336,'S336','学生336','女','2003-04-25','16',NULL,'13920000336','s336@example.com','2022-09-01'),
 (337,'S337','学生337','男','2003-07-05','16',NULL,'13920000337','s337@example.com','2022-09-01'),
 (338,'S338','学生338','女','2003-07-15','16',NULL,'13920000338','s338@example.com','2022-09-01'),
 (339,'S339','学生339','男','2003-07-25','16',NULL,'13920000339','s339@example.com','2022-09-01'),
 (340,'S340','学生340','女','2003-10-05','16',NULL,'13920000340','s340@example.com','2022-09-01'),
 (341,'S341','学生341','男','2003-10-15','16',NULL,'13920000341','s341@example.com','2022-09-01'),
 (342,'S342','学生342','女','2003-10-25','16',NULL,'13920000342','s342@example.com','2022-09-01'),
 (343,'S343','学生343','男','2004-01-05','16',NULL,'13920000343','s343@example.com','2022-09-01'),
 (344,'S344','学生344','女','2004-01-15','16',NULL,'13920000344','s344@example.com','2022-09-01'),
 (345,'S345','学生345','男','2004-01-25','16',NULL,'13920000345','s345@example.com','2022-09-01'),
 (346,'S346','学生346','女','2004-04-05','16',NULL,'13920000346','s346@example.com','2022-09-01'),
 (347,'S347','学生347','男','2004-04-15','16',NULL,'13920000347','s347@example.com','2022-09-01'),
 (348,'S348','学生348','女','2004-04-25','16',NULL,'13920000348','s348@example.com','2022-09-01'),
 (349,'S349','学生349','男','2004-07-05','16',NULL,'13920000349','s349@example.com','2022-09-01'),
 (350,'S350','学生350','女','2004-07-15','16',NULL,'13920000350','s350@example.com','2022-09-01'),
 (351,'S351','学生351','男','2004-07-25','17',NULL,'13920000351','s351@example.com','2022-09-01'),
 (352,'S352','学生352','女','2004-10-05','17',NULL,'13920000352','s352@example.com','2022-09-01'),
 (353,'S353','学生353','男','2004-10-15','17',NULL,'13920000353','s353@example.com','2022-09-01'),
 (354,'S354','学生354','女','2004-10-25','17',NULL,'13920000354','s354@example.com','2022-09-01'),
 (355,'S355','学生355','男','2002-01-05','17',NULL,'13920000355','s355@example.com','2022-09-01'),
 (356,'S356','学生356','女','2002-01-15','17',NULL,'13920000356','s356@example.com','2022-09-01'),
 (357,'S357','学生357','男','2002-01-25','17',NULL,'13920000357','s357@example.com','2022-09-01'),
 (358,'S358','学生358','女','2002-04-05','17',NULL,'13920000358','s358@example.com','2022-09-01'),
 (359,'S359','学生359','男','2002-04-15','17',NULL,'13920000359','s359@example.com','2022-09-01'),
 (360,'S360','学生360','女','2002-04-25','17',NULL,'13920000360','s360@example.com','2022-09-01'),
 (361,'S361','学生361','男','2002-07-05','17',NULL,'13920000361','s361@example.com','2022-09-01'),
 (362,'S362','学生362','女','2002-07-15','17',NULL,'13920000362','s362@example.com','2022-09-01'),
 (363,'S363','学生363','男','2002-07-25','17',NULL,'13920000363','s363@example.com','2022-09-01'),
 (364,'S364','学生364','女','2002-10-05','17',NULL,'13920000364','s364@example.com','2022-09-01'),
 (365,'S365','学生365','男','2002-10-15','17',NULL,'13920000365','s365@example.com','2022-09-01'),
 (366,'S366','学生366','女','2002-10-25','17',NULL,'13920000366','s366@example.com','2022-09-01'),
 (367,'S367','学生367','男','2003-01-05','17',NULL,'13920000367','s367@example.com','2022-09-01'),
 (368,'S368','学生368','女','2003-01-15','17',NULL,'13920000368','s368@example.com','2022-09-01'),
 (369,'S369','学生369','男','2003-01-25','17',NULL,'13920000369','s369@example.com','2022-09-01'),
 (370,'S370','学生370','女','2003-04-05','17',NULL,'13920000370','s370@example.com','2022-09-01'),
 (371,'S371','学生371','男','2003-04-15','18',NULL,'13920000371','s371@example.com','2022-09-01'),
 (372,'S372','学生372','女','2003-04-25','18',NULL,'13920000372','s372@example.com','2022-09-01'),
 (373,'S373','学生373','男','2003-07-05','18',NULL,'13920000373','s373@example.com','2022-09-01'),
 (374,'S374','学生374','女','2003-07-15','18',NULL,'13920000374','s374@example.com','2022-09-01'),
 (375,'S375','学生375','男','2003-07-25','18',NULL,'13920000375','s375@example.com','2022-09-01'),
 (376,'S376','学生376','女','2003-10-05','18',NULL,'13920000376','s376@example.com','2022-09-01'),
 (377,'S377','学生377','男','2003-10-15','18',NULL,'13920000377','s377@example.com','2022-09-01'),
 (378,'S378','学生378','女','2003-10-25','18',NULL,'13920000378','s378@example.com','2022-09-01'),
 (379,'S379','学生379','男','2004-01-05','18',NULL,'13920000379','s379@example.com','2022-09-01'),
 (380,'S380','学生380','女','2004-01-15','18',NULL,'13920000380','s380@example.com','2022-09-01'),
 (381,'S381','学生381','男','2004-01-25','18',NULL,'13920000381','s381@example.com','2022-09-01'),
 (382,'S382','学生382','女','2004-04-05','18',NULL,'13920000382','s382@example.com','2022-09-01'),
 (383,'S383','学生383','男','2004-04-15','18',NULL,'13920000383','s383@example.com','2022-09-01'),
 (384,'S384','学生384','女','2004-04-25','18',NULL,'13920000384','s384@example.com','2022-09-01'),
 (385,'S385','学生385','男','2004-07-05','18',NULL,'13920000385','s385@example.com','2022-09-01'),
 (386,'S386','学生386','女','2004-07-15','18',NULL,'13920000386','s386@example.com','2022-09-01'),
 (387,'S387','学生387','男','2004-07-25','18',NULL,'13920000387','s387@example.com','2022-09-01'),
 (388,'S388','学生388','女','2004-10-05','18',NULL,'13920000388','s388@example.com','2022-09-01'),
 (389,'S389','学生389','男','2004-10-15','18',NULL,'13920000389','s389@example.com','2022-09-01'),
 (390,'S390','学生390','女','2004-10-25','18',NULL,'13920000390','s390@example.com','2022-09-01'),
 (391,'S391','学生391','男','2002-01-05','19',NULL,'13920000391','s391@example.com','2022-09-01'),
 (392,'S392','学生392','女','2002-01-15','19',NULL,'13920000392','s392@example.com','2022-09-01'),
 (393,'S393','学生393','男','2002-01-25','19',NULL,'13920000393','s393@example.com','2022-09-01'),
 (394,'S394','学生394','女','2002-04-05','19',NULL,'13920000394','s394@example.com','2022-09-01'),
 (395,'S395','学生395','男','2002-04-15','19',NULL,'13920000395','s395@example.com','2022-09-01'),
 (396,'S396','学生396','女','2002-04-25','19',NULL,'13920000396','s396@example.com','2022-09-01'),
 (397,'S397','学生397','男','2002-07-05','19',NULL,'13920000397','s397@example.com','2022-09-01'),
 (398,'S398','学生398','女','2002-07-15','19',NULL,'13920000398','s398@example.com','2022-09-01'),
 (399,'S399','学生399','男','2002-07-25','19',NULL,'13920000399','s399@example.com','2022-09-01'),
 (400,'S400','学生400','女','2002-10-05','19',NULL,'13920000400','s400@example.com','2022-09-01'),
 (401,'S401','学生401','男','2002-10-15','19',NULL,'13920000401','s401@example.com','2022-09-01'),
 (402,'S402','学生402','女','2002-10-25','19',NULL,'13920000402','s402@example.com','2022-09-01'),
 (403,'S403','学生403','男','2003-01-05','19',NULL,'13920000403','s403@example.com','2022-09-01'),
 (404,'S404','学生404','女','2003-01-15','19',NULL,'13920000404','s404@example.com','2022-09-01'),
 (405,'S405','学生405','男','2003-01-25','19',NULL,'13920000405','s405@example.com','2022-09-01'),
 (406,'S406','学生406','女','2003-04-05','19',NULL,'13920000406','s406@example.com','2022-09-01'),
 (407,'S407','学生407','男','2003-04-15','19',NULL,'13920000407','s407@example.com','2022-09-01'),
 (408,'S408','学生408','女','2003-04-25','19',NULL,'13920000408','s408@example.com','2022-09-01'),
 (409,'S409','学生409','男','2003-07-05','19',NULL,'13920000409','s409@example.com','2022-09-01'),
 (410,'S410','学生410','女','2003-07-15','19',NULL,'13920000410','s410@example.com','2022-09-01'),
 (411,'S411','学生411','男','2003-07-25','20',NULL,'13920000411','s411@example.com','2022-09-01'),
 (412,'S412','学生412','女','2003-10-05','20',NULL,'13920000412','s412@example.com','2022-09-01'),
 (413,'S413','学生413','男','2003-10-15','20',NULL,'13920000413','s413@example.com','2022-09-01'),
 (414,'S414','学生414','女','2003-10-25','20',NULL,'13920000414','s414@example.com','2022-09-01'),
 (415,'S415','学生415','男','2004-01-05','20',NULL,'13920000415','s415@example.com','2022-09-01'),
 (416,'S416','学生416','女','2004-01-15','20',NULL,'13920000416','s416@example.com','2022-09-01'),
 (417,'S417','学生417','男','2004-01-25','20',NULL,'13920000417','s417@example.com','2022-09-01'),
 (418,'S418','学生418','女','2004-04-05','20',NULL,'13920000418','s418@example.com','2022-09-01'),
 (419,'S419','学生419','男','2004-04-15','20',NULL,'13920000419','s419@example.com','2022-09-01'),
 (420,'S420','学生420','女','2004-04-25','20',NULL,'13920000420','s420@example.com','2022-09-01'),
 (421,'S421','学生421','男','2004-07-05','20',NULL,'13920000421','s421@example.com','2022-09-01'),
 (422,'S422','学生422','女','2004-07-15','20',NULL,'13920000422','s422@example.com','2022-09-01'),
 (423,'S423','学生423','男','2004-07-25','20',NULL,'13920000423','s423@example.com','2022-09-01'),
 (424,'S424','学生424','女','2004-10-05','20',NULL,'13920000424','s424@example.com','2022-09-01'),
 (425,'S425','学生425','男','2004-10-15','20',NULL,'13920000425','s425@example.com','2022-09-01'),
 (426,'S426','学生426','女','2004-10-25','20',NULL,'13920000426','s426@example.com','2022-09-01'),
 (427,'S427','学生427','男','2002-01-05','20',NULL,'13920000427','s427@example.com','2022-09-01'),
 (428,'S428','学生428','女','2002-01-15','20',NULL,'13920000428','s428@example.com','2022-09-01'),
 (429,'S429','学生429','男','2002-01-25','20',NULL,'13920000429','s429@example.com','2022-09-01'),
 (430,'S430','学生430','女','2002-04-05','20',NULL,'13920000430','s430@example.com','2022-09-01'),
 (431,'S431','学生431','男','2002-04-15','21',NULL,'13920000431','s431@example.com','2022-09-01'),
 (432,'S432','学生432','女','2002-04-25','21',NULL,'13920000432','s432@example.com','2022-09-01'),
 (433,'S433','学生433','男','2002-07-05','21',NULL,'13920000433','s433@example.com','2022-09-01'),
 (434,'S434','学生434','女','2002-07-15','21',NULL,'13920000434','s434@example.com','2022-09-01'),
 (435,'S435','学生435','男','2002-07-25','21',NULL,'13920000435','s435@example.com','2022-09-01'),
 (436,'S436','学生436','女','2002-10-05','21',NULL,'13920000436','s436@example.com','2022-09-01'),
 (437,'S437','学生437','男','2002-10-15','21',NULL,'13920000437','s437@example.com','2022-09-01'),
 (438,'S438','学生438','女','2002-10-25','21',NULL,'13920000438','s438@example.com','2022-09-01'),
 (439,'S439','学生439','男','2003-01-05','21',NULL,'13920000439','s439@example.com','2022-09-01'),
 (440,'S440','学生440','女','2003-01-15','21',NULL,'13920000440','s440@example.com','2022-09-01'),
 (441,'S441','学生441','男','2003-01-25','21',NULL,'13920000441','s441@example.com','2022-09-01'),
 (442,'S442','学生442','女','2003-04-05','21',NULL,'13920000442','s442@example.com','2022-09-01'),
 (443,'S443','学生443','男','2003-04-15','21',NULL,'13920000443','s443@example.com','2022-09-01'),
 (444,'S444','学生444','女','2003-04-25','21',NULL,'13920000444','s444@example.com','2022-09-01'),
 (445,'S445','学生445','男','2003-07-05','21',NULL,'13920000445','s445@example.com','2022-09-01'),
 (446,'S446','学生446','女','2003-07-15','21',NULL,'13920000446','s446@example.com','2022-09-01'),
 (447,'S447','学生447','男','2003-07-25','21',NULL,'13920000447','s447@example.com','2022-09-01'),
 (448,'S448','学生448','女','2003-10-05','21',NULL,'13920000448','s448@example.com','2022-09-01'),
 (449,'S449','学生449','男','2003-10-15','21',NULL,'13920000449','s449@example.com','2022-09-01'),
 (450,'S450','学生450','女','2003-10-25','21',NULL,'13920000450','s450@example.com','2022-09-01'),
 (451,'S451','学生451','男','2004-01-05','22',NULL,'13920000451','s451@example.com','2022-09-01'),
 (452,'S452','学生452','女','2004-01-15','22',NULL,'13920000452','s452@example.com','2022-09-01'),
 (453,'S453','学生453','男','2004-01-25','22',NULL,'13920000453','s453@example.com','2022-09-01'),
 (454,'S454','学生454','女','2004-04-05','22',NULL,'13920000454','s454@example.com','2022-09-01'),
 (455,'S455','学生455','男','2004-04-15','22',NULL,'13920000455','s455@example.com','2022-09-01'),
 (456,'S456','学生456','女','2004-04-25','22',NULL,'13920000456','s456@example.com','2022-09-01'),
 (457,'S457','学生457','男','2004-07-05','22',NULL,'13920000457','s457@example.com','2022-09-01'),
 (458,'S458','学生458','女','2004-07-15','22',NULL,'13920000458','s458@example.com','2022-09-01'),
 (459,'S459','学生459','男','2004-07-25','22',NULL,'13920000459','s459@example.com','2022-09-01'),
 (460,'S460','学生460','女','2004-10-05','22',NULL,'13920000460','s460@example.com','2022-09-01'),
 (461,'S461','学生461','男','2004-10-15','22',NULL,'13920000461','s461@example.com','2022-09-01'),
 (462,'S462','学生462','女','2004-10-25','22',NULL,'13920000462','s462@example.com','2022-09-01'),
 (463,'S463','学生463','男','2002-01-05','22',NULL,'13920000463','s463@example.com','2022-09-01'),
 (464,'S464','学生464','女','2002-01-15','22',NULL,'13920000464','s464@example.com','2022-09-01'),
 (465,'S465','学生465','男','2002-01-25','22',NULL,'13920000465','s465@example.com','2022-09-01'),
 (466,'S466','学生466','女','2002-04-05','22',NULL,'13920000466','s466@example.com','2022-09-01'),
 (467,'S467','学生467','男','2002-04-15','22',NULL,'13920000467','s467@example.com','2022-09-01'),
 (468,'S468','学生468','女','2002-04-25','22',NULL,'13920000468','s468@example.com','2022-09-01'),
 (469,'S469','学生469','男','2002-07-05','22',NULL,'13920000469','s469@example.com','2022-09-01'),
 (470,'S470','学生470','女','2002-07-15','22',NULL,'13920000470','s470@example.com','2022-09-01'),
 (471,'S471','学生471','男','2002-07-25','23',NULL,'13920000471','s471@example.com','2022-09-01'),
 (472,'S472','学生472','女','2002-10-05','23',NULL,'13920000472','s472@example.com','2022-09-01'),
 (473,'S473','学生473','男','2002-10-15','23',NULL,'13920000473','s473@example.com','2022-09-01'),
 (474,'S474','学生474','女','2002-10-25','23',NULL,'13920000474','s474@example.com','2022-09-01'),
 (475,'S475','学生475','男','2003-01-05','23',NULL,'13920000475','s475@example.com','2022-09-01'),
 (476,'S476','学生476','女','2003-01-15','23',NULL,'13920000476','s476@example.com','2022-09-01'),
 (477,'S477','学生477','男','2003-01-25','23',NULL,'13920000477','s477@example.com','2022-09-01'),
 (478,'S478','学生478','女','2003-04-05','23',NULL,'13920000478','s478@example.com','2022-09-01'),
 (479,'S479','学生479','男','2003-04-15','23',NULL,'13920000479','s479@example.com','2022-09-01'),
 (480,'S480','学生480','女','2003-04-25','23',NULL,'13920000480','s480@example.com','2022-09-01'),
 (481,'S481','学生481','男','2003-07-05','23',NULL,'13920000481','s481@example.com','2022-09-01'),
 (482,'S482','学生482','女','2003-07-15','23',NULL,'13920000482','s482@example.com','2022-09-01'),
 (483,'S483','学生483','男','2003-07-25','23',NULL,'13920000483','s483@example.com','2022-09-01'),
 (484,'S484','学生484','女','2003-10-05','23',NULL,'13920000484','s484@example.com','2022-09-01'),
 (485,'S485','学生485','男','2003-10-15','23',NULL,'13920000485','s485@example.com','2022-09-01'),
 (486,'S486','学生486','女','2003-10-25','23',NULL,'13920000486','s486@example.com','2022-09-01'),
 (487,'S487','学生487','男','2004-01-05','23',NULL,'13920000487','s487@example.com','2022-09-01'),
 (488,'S488','学生488','女','2004-01-15','23',NULL,'13920000488','s488@example.com','2022-09-01'),
 (489,'S489','学生489','男','2004-01-25','23',NULL,'13920000489','s489@example.com','2022-09-01'),
 (490,'S490','学生490','女','2004-04-05','23',NULL,'13920000490','s490@example.com','2022-09-01'),
 (491,'S491','学生491','男','2004-04-15','24',NULL,'13920000491','s491@example.com','2022-09-01'),
 (492,'S492','学生492','女','2004-04-25','24',NULL,'13920000492','s492@example.com','2022-09-01'),
 (493,'S493','学生493','男','2004-07-05','24',NULL,'13920000493','s493@example.com','2022-09-01'),
 (494,'S494','学生494','女','2004-07-15','24',NULL,'13920000494','s494@example.com','2022-09-01'),
 (495,'S495','学生495','男','2004-07-25','24',NULL,'13920000495','s495@example.com','2022-09-01'),
 (496,'S496','学生496','女','2004-10-05','24',NULL,'13920000496','s496@example.com','2022-09-01'),
 (497,'S497','学生497','男','2004-10-15','24',NULL,'13920000497','s497@example.com','2022-09-01'),
 (498,'S498','学生498','女','2004-10-25','24',NULL,'13920000498','s498@example.com','2022-09-01'),
 (499,'S499','学生499','男','2002-01-05','24',NULL,'13920000499','s499@example.com','2022-09-01'),
 (500,'S500','学生500','女','2002-01-15','24',NULL,'13920000500','s500@example.com','2022-09-01'),
 (501,'S501','学生501','男','2002-01-25','24',NULL,'13920000501','s501@example.com','2022-09-01'),
 (502,'S502','学生502','女','2002-04-05','24',NULL,'13920000502','s502@example.com','2022-09-01'),
 (503,'S503','学生503','男','2002-04-15','24',NULL,'13920000503','s503@example.com','2022-09-01'),
 (504,'S504','学生504','女','2002-04-25','24',NULL,'13920000504','s504@example.com','2022-09-01'),
 (505,'S505','学生505','男','2002-07-05','24',NULL,'13920000505','s505@example.com','2022-09-01'),
 (506,'S506','学生506','女','2002-07-15','24',NULL,'13920000506','s506@example.com','2022-09-01'),
 (507,'S507','学生507','男','2002-07-25','24',NULL,'13920000507','s507@example.com','2022-09-01'),
 (508,'S508','学生508','女','2002-10-05','24',NULL,'13920000508','s508@example.com','2022-09-01'),
 (509,'S509','学生509','男','2002-10-15','24',NULL,'13920000509','s509@example.com','2022-09-01'),
 (510,'S510','学生510','女','2002-10-25','24',NULL,'13920000510','s510@example.com','2022-09-01'),
 (511,'S511','学生511','男','2003-01-05','25',NULL,'13920000511','s511@example.com','2022-09-01'),
 (512,'S512','学生512','女','2003-01-15','25',NULL,'13920000512','s512@example.com','2022-09-01'),
 (513,'S513','学生513','男','2003-01-25','25',NULL,'13920000513','s513@example.com','2022-09-01'),
 (514,'S514','学生514','女','2003-04-05','25',NULL,'13920000514','s514@example.com','2022-09-01'),
 (515,'S515','学生515','男','2003-04-15','25',NULL,'13920000515','s515@example.com','2022-09-01'),
 (516,'S516','学生516','女','2003-04-25','25',NULL,'13920000516','s516@example.com','2022-09-01'),
 (517,'S517','学生517','男','2003-07-05','25',NULL,'13920000517','s517@example.com','2022-09-01'),
 (518,'S518','学生518','女','2003-07-15','25',NULL,'13920000518','s518@example.com','2022-09-01'),
 (519,'S519','学生519','男','2003-07-25','25',NULL,'13920000519','s519@example.com','2022-09-01'),
 (520,'S520','学生520','女','2003-10-05','25',NULL,'13920000520','s520@example.com','2022-09-01'),
 (521,'S521','学生521','男','2003-10-15','25',NULL,'13920000521','s521@example.com','2022-09-01'),
 (522,'S522','学生522','女','2003-10-25','25',NULL,'13920000522','s522@example.com','2022-09-01'),
 (523,'S523','学生523','男','2004-01-05','25',NULL,'13920000523','s523@example.com','2022-09-01'),
 (524,'S524','学生524','女','2004-01-15','25',NULL,'13920000524','s524@example.com','2022-09-01'),
 (525,'S525','学生525','男','2004-01-25','25',NULL,'13920000525','s525@example.com','2022-09-01'),
 (526,'S526','学生526','女','2004-04-05','25',NULL,'13920000526','s526@example.com','2022-09-01'),
 (527,'S527','学生527','男','2004-04-15','25',NULL,'13920000527','s527@example.com','2022-09-01'),
 (528,'S528','学生528','女','2004-04-25','25',NULL,'13920000528','s528@example.com','2022-09-01'),
 (529,'S529','学生529','男','2004-07-05','25',NULL,'13920000529','s529@example.com','2022-09-01'),
 (530,'S530','学生530','女','2004-07-15','25',NULL,'13920000530','s530@example.com','2022-09-01'),
 (531,'S531','学生531','男','2004-07-25','26',NULL,'13920000531','s531@example.com','2022-09-01'),
 (532,'S532','学生532','女','2004-10-05','26',NULL,'13920000532','s532@example.com','2022-09-01'),
 (533,'S533','学生533','男','2004-10-15','26',NULL,'13920000533','s533@example.com','2022-09-01'),
 (534,'S534','学生534','女','2004-10-25','26',NULL,'13920000534','s534@example.com','2022-09-01'),
 (535,'S535','学生535','男','2002-01-05','26',NULL,'13920000535','s535@example.com','2022-09-01'),
 (536,'S536','学生536','女','2002-01-15','26',NULL,'13920000536','s536@example.com','2022-09-01'),
 (537,'S537','学生537','男','2002-01-25','26',NULL,'13920000537','s537@example.com','2022-09-01'),
 (538,'S538','学生538','女','2002-04-05','26',NULL,'13920000538','s538@example.com','2022-09-01'),
 (539,'S539','学生539','男','2002-04-15','26',NULL,'13920000539','s539@example.com','2022-09-01'),
 (540,'S540','学生540','女','2002-04-25','26',NULL,'13920000540','s540@example.com','2022-09-01'),
 (541,'S541','学生541','男','2002-07-05','26',NULL,'13920000541','s541@example.com','2022-09-01'),
 (542,'S542','学生542','女','2002-07-15','26',NULL,'13920000542','s542@example.com','2022-09-01'),
 (543,'S543','学生543','男','2002-07-25','26',NULL,'13920000543','s543@example.com','2022-09-01'),
 (544,'S544','学生544','女','2002-10-05','26',NULL,'13920000544','s544@example.com','2022-09-01'),
 (545,'S545','学生545','男','2002-10-15','26',NULL,'13920000545','s545@example.com','2022-09-01'),
 (546,'S546','学生546','女','2002-10-25','26',NULL,'13920000546','s546@example.com','2022-09-01'),
 (547,'S547','学生547','男','2003-01-05','26',NULL,'13920000547','s547@example.com','2022-09-01'),
 (548,'S548','学生548','女','2003-01-15','26',NULL,'13920000548','s548@example.com','2022-09-01'),
 (549,'S549','学生549','男','2003-01-25','26',NULL,'13920000549','s549@example.com','2022-09-01'),
 (550,'S550','学生550','女','2003-04-05','26',NULL,'13920000550','s550@example.com','2022-09-01'),
 (551,'S551','学生551','男','2003-04-15','27',NULL,'13920000551','s551@example.com','2022-09-01'),
 (552,'S552','学生552','女','2003-04-25','27',NULL,'13920000552','s552@example.com','2022-09-01'),
 (553,'S553','学生553','男','2003-07-05','27',NULL,'13920000553','s553@example.com','2022-09-01'),
 (554,'S554','学生554','女','2003-07-15','27',NULL,'13920000554','s554@example.com','2022-09-01'),
 (555,'S555','学生555','男','2003-07-25','27',NULL,'13920000555','s555@example.com','2022-09-01'),
 (556,'S556','学生556','女','2003-10-05','27',NULL,'13920000556','s556@example.com','2022-09-01'),
 (557,'S557','学生557','男','2003-10-15','27',NULL,'13920000557','s557@example.com','2022-09-01'),
 (558,'S558','学生558','女','2003-10-25','27',NULL,'13920000558','s558@example.com','2022-09-01'),
 (559,'S559','学生559','男','2004-01-05','27',NULL,'13920000559','s559@example.com','2022-09-01'),
 (560,'S560','学生560','女','2004-01-15','27',NULL,'13920000560','s560@example.com','2022-09-01'),
 (561,'S561','学生561','男','2004-01-25','27',NULL,'13920000561','s561@example.com','2022-09-01'),
 (562,'S562','学生562','女','2004-04-05','27',NULL,'13920000562','s562@example.com','2022-09-01'),
 (563,'S563','学生563','男','2004-04-15','27',NULL,'13920000563','s563@example.com','2022-09-01'),
 (564,'S564','学生564','女','2004-04-25','27',NULL,'13920000564','s564@example.com','2022-09-01'),
 (565,'S565','学生565','男','2004-07-05','27',NULL,'13920000565','s565@example.com','2022-09-01'),
 (566,'S566','学生566','女','2004-07-15','27',NULL,'13920000566','s566@example.com','2022-09-01'),
 (567,'S567','学生567','男','2004-07-25','27',NULL,'13920000567','s567@example.com','2022-09-01'),
 (568,'S568','学生568','女','2004-10-05','27',NULL,'13920000568','s568@example.com','2022-09-01'),
 (569,'S569','学生569','男','2004-10-15','27',NULL,'13920000569','s569@example.com','2022-09-01'),
 (570,'S570','学生570','女','2004-10-25','27',NULL,'13920000570','s570@example.com','2022-09-01'),
 (571,'S571','学生571','男','2002-01-05','28',NULL,'13920000571','s571@example.com','2022-09-01'),
 (572,'S572','学生572','女','2002-01-15','28',NULL,'13920000572','s572@example.com','2022-09-01'),
 (573,'S573','学生573','男','2002-01-25','28',NULL,'13920000573','s573@example.com','2022-09-01'),
 (574,'S574','学生574','女','2002-04-05','28',NULL,'13920000574','s574@example.com','2022-09-01'),
 (575,'S575','学生575','男','2002-04-15','28',NULL,'13920000575','s575@example.com','2022-09-01'),
 (576,'S576','学生576','女','2002-04-25','28',NULL,'13920000576','s576@example.com','2022-09-01'),
 (577,'S577','学生577','男','2002-07-05','28',NULL,'13920000577','s577@example.com','2022-09-01'),
 (578,'S578','学生578','女','2002-07-15','28',NULL,'13920000578','s578@example.com','2022-09-01'),
 (579,'S579','学生579','男','2002-07-25','28',NULL,'13920000579','s579@example.com','2022-09-01'),
 (580,'S580','学生580','女','2002-10-05','28',NULL,'13920000580','s580@example.com','2022-09-01'),
 (581,'S581','学生581','男','2002-10-15','28',NULL,'13920000581','s581@example.com','2022-09-01'),
 (582,'S582','学生582','女','2002-10-25','28',NULL,'13920000582','s582@example.com','2022-09-01'),
 (583,'S583','学生583','男','2003-01-05','28',NULL,'13920000583','s583@example.com','2022-09-01'),
 (584,'S584','学生584','女','2003-01-15','28',NULL,'13920000584','s584@example.com','2022-09-01'),
 (585,'S585','学生585','男','2003-01-25','28',NULL,'13920000585','s585@example.com','2022-09-01'),
 (586,'S586','学生586','女','2003-04-05','28',NULL,'13920000586','s586@example.com','2022-09-01'),
 (587,'S587','学生587','男','2003-04-15','28',NULL,'13920000587','s587@example.com','2022-09-01'),
 (588,'S588','学生588','女','2003-04-25','28',NULL,'13920000588','s588@example.com','2022-09-01'),
 (589,'S589','学生589','男','2003-07-05','28',NULL,'13920000589','s589@example.com','2022-09-01'),
 (590,'S590','学生590','女','2003-07-15','28',NULL,'13920000590','s590@example.com','2022-09-01'),
 (591,'S591','学生591','男','2003-07-25','29',NULL,'13920000591','s591@example.com','2022-09-01'),
 (592,'S592','学生592','女','2003-10-05','29',NULL,'13920000592','s592@example.com','2022-09-01'),
 (593,'S593','学生593','男','2003-10-15','29',NULL,'13920000593','s593@example.com','2022-09-01'),
 (594,'S594','学生594','女','2003-10-25','29',NULL,'13920000594','s594@example.com','2022-09-01'),
 (595,'S595','学生595','男','2004-01-05','29',NULL,'13920000595','s595@example.com','2022-09-01'),
 (596,'S596','学生596','女','2004-01-15','29',NULL,'13920000596','s596@example.com','2022-09-01'),
 (597,'S597','学生597','男','2004-01-25','29',NULL,'13920000597','s597@example.com','2022-09-01'),
 (598,'S598','学生598','女','2004-04-05','29',NULL,'13920000598','s598@example.com','2022-09-01'),
 (599,'S599','学生599','男','2004-04-15','29',NULL,'13920000599','s599@example.com','2022-09-01'),
 (600,'S600','学生600','女','2004-04-25','29',NULL,'13920000600','s600@example.com','2022-09-01'),
 (601,'S601','学生601','男','2004-07-05','29',NULL,'13920000601','s601@example.com','2022-09-01'),
 (602,'S602','学生602','女','2004-07-15','29',NULL,'13920000602','s602@example.com','2022-09-01'),
 (603,'S603','学生603','男','2004-07-25','29',NULL,'13920000603','s603@example.com','2022-09-01'),
 (604,'S604','学生604','女','2004-10-05','29',NULL,'13920000604','s604@example.com','2022-09-01'),
 (605,'S605','学生605','男','2004-10-15','29',NULL,'13920000605','s605@example.com','2022-09-01'),
 (606,'S606','学生606','女','2004-10-25','29',NULL,'13920000606','s606@example.com','2022-09-01'),
 (607,'S607','学生607','男','2002-01-05','29',NULL,'13920000607','s607@example.com','2022-09-01'),
 (608,'S608','学生608','女','2002-01-15','29',NULL,'13920000608','s608@example.com','2022-09-01'),
 (609,'S609','学生609','男','2002-01-25','29',NULL,'13920000609','s609@example.com','2022-09-01'),
 (610,'S610','学生610','女','2002-04-05','29',NULL,'13920000610','s610@example.com','2022-09-01'),
 (611,'S611','学生611','男','2002-04-15','30',NULL,'13920000611','s611@example.com','2022-09-01'),
 (612,'S612','学生612','女','2002-04-25','30',NULL,'13920000612','s612@example.com','2022-09-01'),
 (613,'S613','学生613','男','2002-07-05','30',NULL,'13920000613','s613@example.com','2022-09-01'),
 (614,'S614','学生614','女','2002-07-15','30',NULL,'13920000614','s614@example.com','2022-09-01'),
 (615,'S615','学生615','男','2002-07-25','30',NULL,'13920000615','s615@example.com','2022-09-01'),
 (616,'S616','学生616','女','2002-10-05','30',NULL,'13920000616','s616@example.com','2022-09-01'),
 (617,'S617','学生617','男','2002-10-15','30',NULL,'13920000617','s617@example.com','2022-09-01'),
 (618,'S618','学生618','女','2002-10-25','30',NULL,'13920000618','s618@example.com','2022-09-01'),
 (619,'S619','学生619','男','2003-01-05','30',NULL,'13920000619','s619@example.com','2022-09-01'),
 (620,'S620','学生620','女','2003-01-15','30',NULL,'13920000620','s620@example.com','2022-09-01'),
 (621,'S621','学生621','男','2003-01-25','30',NULL,'13920000621','s621@example.com','2022-09-01'),
 (622,'S622','学生622','女','2003-04-05','30',NULL,'13920000622','s622@example.com','2022-09-01'),
 (623,'S623','学生623','男','2003-04-15','30',NULL,'13920000623','s623@example.com','2022-09-01'),
 (624,'S624','学生624','女','2003-04-25','30',NULL,'13920000624','s624@example.com','2022-09-01'),
 (625,'S625','学生625','男','2003-07-05','30',NULL,'13920000625','s625@example.com','2022-09-01'),
 (626,'S626','学生626','女','2003-07-15','30',NULL,'13920000626','s626@example.com','2022-09-01'),
 (627,'S627','学生627','男','2003-07-25','30',NULL,'13920000627','s627@example.com','2022-09-01'),
 (628,'S628','学生628','女','2003-10-05','30',NULL,'13920000628','s628@example.com','2022-09-01'),
 (629,'S629','学生629','男','2003-10-15','30',NULL,'13920000629','s629@example.com','2022-09-01'),
 (630,'S630','学生630','女','2003-10-25','30',NULL,'13920000630','s630@example.com','2022-09-01');

INSERT INTO teacher (id, teacher_no, name, title, hired_date, college_id, photo_url, phone, email) VALUES
 (31,'T031','教师031','讲师','2015-03-01',1,NULL,'13820000031','t031@example.com'),
 (32,'T032','教师032','讲师','2015-09-01',1,NULL,'13820000032','t032@example.com'),
 (33,'T033','教师033','副教授','2016-03-01',1,NULL,'13820000033','t033@example.com'),
 (34,'T034','教师034','教授','2016-09-01',1,NULL,'13820000034','t034@example.com'),
 (35,'T035','教师035','讲师','2017-03-01',2,NULL,'13820000035','t035@example.com'),
 (36,'T036','教师036','讲师','2017-09-01',2,NULL,'13820000036','t036@example.com'),
 (37,'T037','教师037','讲师','2018-03-01',2,NULL,'13820000037','t037@example.com'),
 (38,'T038','教师038','副教授','2018-09-01',2,NULL,'13820000038','t038@example.com'),
 (39,'T039','教师039','教授','2019-03-01',3,NULL,'13820000039','t039@example.com'),
 (40,'T040','教师040','讲师','2019-09-01',3,NULL,'13820000040','t040@example.com'),
 (41,'T041','教师041','讲师','2020-03-01',3,NULL,'13820000041','t041@example.com'),
 (42,'T042','教师042','讲师','2020-09-01',3,NULL,'13820000042','t042@example.com'),
 (43,'T043','教师043','副教授','2021-03-01',4,NULL,'13820000043','t043@example.com'),
 (44,'T044','教师044','教授','2021-09-01',4,NULL,'13820000044','t044@example.com'),
 (45,'T045','教师045','讲师','2022-03-01',4,NULL,'13820000045','t045@example.com'),
 (46,'T046','教师046','讲师','2022-09-01',4,NULL,'13820000046','t046@example.com'),
 (47,'T047','教师047','讲师','2023-03-01',5,NULL,'13820000047','t047@example.com'),
 (48,'T048','教师048','副教授','2023-09-01',5,NULL,'13820000048','t048@example.com'),
 (49,'T049','教师049','教授','2024-03-01',5,NULL,'13820000049','t049@example.com'),
 (50,'T050','教师050','讲师','2024-09-01',5,NULL,'13820000050','t050@example.com'),
 (51,'T051','教师051','讲师','2015-03-01',6,NULL,'13820000051','t051@example.com'),
 (52,'T052','教师052','讲师','2015-09-01',6,NULL,'13820000052','t052@example.com'),
 (53,'T053','教师053','副教授','2016-03-01',6,NULL,'13820000053','t053@example.com'),
 (54,'T054','教师054','教授','2016-09-01',6,NULL,'13820000054','t054@example.com'),
 (55,'T055','教师055','讲师','2017-03-01',7,NULL,'13820000055','t055@example.com'),
 (56,'T056','教师056','讲师','2017-09-01',7,NULL,'13820000056','t056@example.com'),
 (57,'T057','教师057','讲师','2018-03-01',7,NULL,'13820000057','t057@example.com'),
 (58,'T058','教师058','副教授','2018-09-01',7,NULL,'13820000058','t058@example.com'),
 (59,'T059','教师059','教授','2019-03-01',8,NULL,'13820000059','t059@example.com'),
 (60,'T060','教师060','讲师','2019-09-01',8,NULL,'13820000060','t060@example.com'),
 (61,'T061','教师061','讲师','2020-03-01',8,NULL,'13820000061','t061@example.com'),
 (62,'T062','教师062','讲师','2020-09-01',8,NULL,'13820000062','t062@example.com'),
 (63,'T063','教师063','副教授','2021-03-01',9,NULL,'13820000063','t063@example.com'),
 (64,'T064','教师064','教授','2021-09-01',9,NULL,'13820000064','t064@example.com'),
 (65,'T065','教师065','讲师','2022-03-01',9,NULL,'13820000065','t065@example.com'),
 (66,'T066','教师066','讲师','2022-09-01',9,NULL,'13820000066','t066@example.com'),
 (67,'T067','教师067','讲师','2023-03-01',10,NULL,'13820000067','t067@example.com'),
 (68,'T068','教师068','副教授','2023-09-01',10,NULL,'13820000068','t068@example.com'),
 (69,'T069','教师069','教授','2024-03-01',10,NULL,'13820000069','t069@example.com'),
 (70,'T070','教师070','讲师','2024-09-01',10,NULL,'13820000070','t070@example.com'),
 (71,'T071','教师071','讲师','2015-03-01',11,NULL,'13820000071','t071@example.com'),
 (72,'T072','教师072','讲师','2015-09-01',11,NULL,'13820000072','t072@example.com'),
 (73,'T073','教师073','副教授','2016-03-01',11,NULL,'13820000073','t073@example.com'),
 (74,'T074','教师074','教授','2016-09-01',11,NULL,'13820000074','t074@example.com'),
 (75,'T075','教师075','讲师','2017-03-01',12,NULL,'13820000075','t075@example.com'),
 (76,'T076','教师076','讲师','2017-09-01',12,NULL,'13820000076','t076@example.com'),
 (77,'T077','教师077','讲师','2018-03-01',12,NULL,'13820000077','t077@example.com'),
 (78,'T078','教师078','副教授','2018-09-01',12,NULL,'13820000078','t078@example.com'),
 (79,'T079','教师079','教授','2019-03-01',13,NULL,'13820000079','t079@example.com'),
 (80,'T080','教师080','讲师','2019-09-01',13,NULL,'13820000080','t080@example.com'),
 (81,'T081','教师081','讲师','2020-03-01',13,NULL,'13820000081','t081@example.com'),
 (82,'T082','教师082','讲师','2020-09-01',13,NULL,'13820000082','t082@example.com'),
 (83,'T083','教师083','副教授','2021-03-01',14,NULL,'13820000083','t083@example.com'),
 (84,'T084','教师084','教授','2021-09-01',14,NULL,'13820000084','t084@example.com'),
 (85,'T085','教师085','讲师','2022-03-01',14,NULL,'13820000085','t085@example.com'),
 (86,'T086','教师086','讲师','2022-09-01',14,NULL,'13820000086','t086@example.com'),
 (87,'T087','教师087','讲师','2023-03-01',15,NULL,'13820000087','t087@example.com'),
 (88,'T088','教师088','副教授','2023-09-01',15,NULL,'13820000088','t088@example.com'),
 (89,'T089','教师089','教授','2024-03-01',15,NULL,'13820000089','t089@example.com'),
 (90,'T090','教师090','讲师','2024-09-01',15,NULL,'13820000090','t090@example.com'),
 (91,'T091','教师091','讲师','2015-03-01',16,NULL,'13820000091','t091@example.com'),
 (92,'T092','教师092','讲师','2015-09-01',16,NULL,'13820000092','t092@example.com'),
 (93,'T093','教师093','副教授','2016-03-01',16,NULL,'13820000093','t093@example.com'),
 (94,'T094','教师094','教授','2016-09-01',16,NULL,'13820000094','t094@example.com'),
 (95,'T095','教师095','讲师','2017-03-01',17,NULL,'13820000095','t095@example.com'),
 (96,'T096','教师096','讲师','2017-09-01',17,NULL,'13820000096','t096@example.com'),
 (97,'T097','教师097','讲师','2018-03-01',17,NULL,'13820000097','t097@example.com'),
 (98,'T098','教师098','副教授','2018-09-01',17,NULL,'13820000098','t098@example.com'),
 (99,'T099','教师099','教授','2019-03-01',18,NULL,'13820000099','t099@example.com'),
 (100,'T100','教师100','讲师','2019-09-01',18,NULL,'13820000100','t100@example.com'),
 (101,'T101','教师101','讲师','2020-03-01',18,NULL,'13820000101','t101@example.com'),
 (102,'T102','教师102','讲师','2020-09-01',18,NULL,'13820000102','t102@example.com'),
 (103,'T103','教师103','副教授','2021-03-01',19,NULL,'13820000103','t103@example.com'),
 (104,'T104','教师104','教授','2021-09-01',19,NULL,'13820000104','t104@example.com'),
 (105,'T105','教师105','讲师','2022-03-01',19,NULL,'13820000105','t105@example.com'),
 (106,'T106','教师106','讲师','2022-09-01',19,NULL,'13820000106','t106@example.com'),
 (107,'T107','教师107','讲师','2023-03-01',20,NULL,'13820000107','t107@example.com'),
 (108,'T108','教师108','副教授','2023-09-01',20,NULL,'13820000108','t108@example.com'),
 (109,'T109','教师109','教授','2024-03-01',20,NULL,'13820000109','t109@example.com'),
 (110,'T110','教师110','讲师','2024-09-01',20,NULL,'13820000110','t110@example.com'),
 (111,'T111','教师111','讲师','2015-03-01',21,NULL,'13820000111','t111@example.com'),
 (112,'T112','教师112','讲师','2015-09-01',21,NULL,'13820000112','t112@example.com'),
 (113,'T113','教师113','副教授','2016-03-01',21,NULL,'13820000113','t113@example.com'),
 (114,'T114','教师114','教授','2016-09-01',21,NULL,'13820000114','t114@example.com'),
 (115,'T115','教师115','讲师','2017-03-01',22,NULL,'13820000115','t115@example.com'),
 (116,'T116','教师116','讲师','2017-09-01',22,NULL,'13820000116','t116@example.com'),
 (117,'T117','教师117','讲师','2018-03-01',22,NULL,'13820000117','t117@example.com'),
 (118,'T118','教师118','副教授','2018-09-01',22,NULL,'13820000118','t118@example.com'),
 (119,'T119','教师119','教授','2019-03-01',23,NULL,'13820000119','t119@example.com'),
 (120,'T120','教师120','讲师','2019-09-01',23,NULL,'13820000120','t120@example.com'),
 (121,'T121','教师121','讲师','2020-03-01',23,NULL,'13820000121','t121@example.com'),
 (122,'T122','教师122','讲师','2020-09-01',23,NULL,'13820000122','t122@example.com'),
 (123,'T123','教师123','副教授','2021-03-01',24,NULL,'13820000123','t123@example.com'),
 (124,'T124','教师124','教授','2021-09-01',24,NULL,'13820000124','t124@example.com'),
 (125,'T125','教师125','讲师','2022-03-01',24,NULL,'13820000125','t125@example.com'),
 (126,'T126','教师126','讲师','2022-09-01',24,NULL,'13820000126','t126@example.com'),
 (127,'T127','教师127','讲师','2023-03-01',25,NULL,'13820000127','t127@example.com'),
 (128,'T128','教师128','副教授','2023-09-01',25,NULL,'13820000128','t128@example.com'),
 (129,'T129','教师129','教授','2024-03-01',25,NULL,'13820000129','t129@example.com'),
 (130,'T130','教师130','讲师','2024-09-01',25,NULL,'13820000130','t130@example.com'),
 (131,'T131','教师131','讲师','2015-03-01',26,NULL,'13820000131','t131@example.com'),
 (132,'T132','教师132','讲师','2015-09-01',26,NULL,'13820000132','t132@example.com'),
 (133,'T133','教师133','副教授','2016-03-01',26,NULL,'13820000133','t133@example.com'),
 (134,'T134','教师134','教授','2016-09-01',26,NULL,'13820000134','t134@example.com'),
 (135,'T135','教师135','讲师','2017-03-01',27,NULL,'13820000135','t135@example.com'),
 (136,'T136','教师136','讲师','2017-09-01',27,NULL,'13820000136','t136@example.com'),
 (137,'T137','教师137','讲师','2018-03-01',27,NULL,'13820000137','t137@example.com'),
 (138,'T138','教师138','副教授','2018-09-01',27,NULL,'13820000138','t138@example.com'),
 (139,'T139','教师139','教授','2019-03-01',28,NULL,'13820000139','t139@example.com'),
 (140,'T140','教师140','讲师','2019-09-01',28,NULL,'13820000140','t140@example.com'),
 (141,'T141','教师141','讲师','2020-03-01',28,NULL,'13820000141','t141@example.com'),
 (142,'T142','教师142','讲师','2020-09-01',28,NULL,'13820000142','t142@example.com'),
 (143,'T143','教师143','副教授','2021-03-01',29,NULL,'13820000143','t143@example.com'),
 (144,'T144','教师144','教授','2021-09-01',29,NULL,'13820000144','t144@example.com'),
 (145,'T145','教师145','讲师','2022-03-01',29,NULL,'13820000145','t145@example.com'),
 (146,'T146','教师146','讲师','2022-09-01',29,NULL,'13820000146','t146@example.com'),
 (147,'T147','教师147','讲师','2023-03-01',30,NULL,'13820000147','t147@example.com'),
 (148,'T148','教师148','副教授','2023-09-01',30,NULL,'13820000148','t148@example.com'),
 (149,'T149','教师149','教授','2024-03-01',30,NULL,'13820000149','t149@example.com'),
 (150,'T150','教师150','讲师','2024-09-01',30,NULL,'13820000150','t150@example.com');

INSERT INTO term_plan (id, term, major_id, course_id) VALUES
 (31,'2024-2025-2',1,1),
 (32,'2024-2025-2',1,2),
 (33,'2024-2025-2',1,3),
 (34,'2024-2025-2',1,4),
 (35,'2024-2025-2',1,5),
 (36,'2024-2025-2',1,6),
 (37,'2024-2025-2',1,7),
 (38,'2024-2025-2',1,8),
 (39,'2024-2025-2',2,2),
 (40,'2024-2025-2',2,3),
 (41,'2024-2025-2',2,4),
 (42,'2024-2025-2',2,5),
 (43,'2024-2025-2',2,6),
 (44,'2024-2025-2',2,7),
 (45,'2024-2025-2',2,8),
 (46,'2024-2025-2',2,9),
 (47,'2024-2025-2',3,3),
 (48,'2024-2025-2',3,4),
 (49,'2024-2025-2',3,5),
 (50,'2024-2025-2',3,6),
 (51,'2024-2025-2',3,7),
 (52,'2024-2025-2',3,8),
 (53,'2024-2025-2',3,9),
 (54,'2024-2025-2',3,10),
 (55,'2024-2025-2',4,4),
 (56,'2024-2025-2',4,5),
 (57,'2024-2025-2',4,6),
 (58,'2024-2025-2',4,7),
 (59,'2024-2025-2',4,8),
 (60,'2024-2025-2',4,9),
 (61,'2024-2025-2',4,10),
 (62,'2024-2025-2',4,11),
 (63,'2024-2025-2',5,5),
 (64,'2024-2025-2',5,6),
 (65,'2024-2025-2',5,7),
 (66,'2024-2025-2',5,8),
 (67,'2024-2025-2',5,9),
 (68,'2024-2025-2',5,10),
 (69,'2024-2025-2',5,11),
 (70,'2024-2025-2',5,12),
 (71,'2024-2025-2',6,6),
 (72,'2024-2025-2',6,7),
 (73,'2024-2025-2',6,8),
 (74,'2024-2025-2',6,9),
 (75,'2024-2025-2',6,10),
 (76,'2024-2025-2',6,11),
 (77,'2024-2025-2',6,12),
 (78,'2024-2025-2',6,13),
 (79,'2024-2025-2',7,7),
 (80,'2024-2025-2',7,8),
 (81,'2024-2025-2',7,9),
 (82,'2024-2025-2',7,10),
 (83,'2024-2025-2',7,11),
 (84,'2024-2025-2',7,12),
 (85,'2024-2025-2',7,13),
 (86,'2024-2025-2',7,14),
 (87,'2024-2025-2',8,8),
 (88,'2024-2025-2',8,9),
 (89,'2024-2025-2',8,10),
 (90,'2024-2025-2',8,11),
 (91,'2024-2025-2',8,12),
 (92,'2024-2025-2',8,13),
 (93,'2024-2025-2',8,14),
 (94,'2024-2025-2',8,15),
 (95,'2024-2025-2',9,9),
 (96,'2024-2025-2',9,10),
 (97,'2024-2025-2',9,11),
 (98,'2024-2025-2',9,12),
 (99,'2024-2025-2',9,13),
 (100,'2024-2025-2',9,14),
 (101,'2024-2025-2',9,15),
 (102,'2024-2025-2',9,16),
 (103,'2024-2025-2',10,10),
 (104,'2024-2025-2',10,11),
 (105,'2024-2025-2',10,12),
 (106,'2024-2025-2',10,13),
 (107,'2024-2025-2',10,14),
 (108,'2024-2025-2',10,15),
 (109,'2024-2025-2',10,16),
 (110,'2024-2025-2',10,17),
 (111,'2024-2025-2',11,11),
 (112,'2024-2025-2',11,12),
 (113,'2024-2025-2',11,13),
 (114,'2024-2025-2',11,14),
 (115,'2024-2025-2',11,15),
 (116,'2024-2025-2',11,16),
 (117,'2024-2025-2',11,17),
 (118,'2024-2025-2',11,18),
 (119,'2024-2025-2',12,12),
 (120,'2024-2025-2',12,13),
 (121,'2024-2025-2',12,14),
 (122,'2024-2025-2',12,15),
 (123,'2024-2025-2',12,16),
 (124,'2024-2025-2',12,17),
 (125,'2024-2025-2',12,18),
 (126,'2024-2025-2',12,19),
 (127,'2024-2025-2',13,13),
 (128,'2024-2025-2',13,14),
 (129,'2024-2025-2',13,15),
 (130,'2024-2025-2',13,16),
 (131,'2024-2025-2',13,17),
 (132,'2024-2025-2',13,18),
 (133,'2024-2025-2',13,19),
 (134,'2024-2025-2',13,20),
 (135,'2024-2025-2',14,14),
 (136,'2024-2025-2',14,15),
 (137,'2024-2025-2',14,16),
 (138,'2024-2025-2',14,17),
 (139,'2024-2025-2',14,18),
 (140,'2024-2025-2',14,19),
 (141,'2024-2025-2',14,20),
 (142,'2024-2025-2',14,21),
 (143,'2024-2025-2',15,15),
 (144,'2024-2025-2',15,16),
 (145,'2024-2025-2',15,17),
 (146,'2024-2025-2',15,18),
 (147,'2024-2025-2',15,19),
 (148,'2024-2025-2',15,20),
 (149,'2024-2025-2',15,21),
 (150,'2024-2025-2',15,22),
 (151,'2024-2025-2',16,16),
 (152,'2024-2025-2',16,17),
 (153,'2024-2025-2',16,18),
 (154,'2024-2025-2',16,19),
 (155,'2024-2025-2',16,20),
 (156,'2024-2025-2',16,21),
 (157,'2024-2025-2',16,22),
 (158,'2024-2025-2',16,23),
 (159,'2024-2025-2',17,17),
 (160,'2024-2025-2',17,18),
 (161,'2024-2025-2',17,19),
 (162,'2024-2025-2',17,20),
 (163,'2024-2025-2',17,21),
 (164,'2024-2025-2',17,22),
 (165,'2024-2025-2',17,23),
 (166,'2024-2025-2',17,24),
 (167,'2024-2025-2',18,18),
 (168,'2024-2025-2',18,19),
 (169,'2024-2025-2',18,20),
 (170,'2024-2025-2',18,21),
 (171,'2024-2025-2',18,22),
 (172,'2024-2025-2',18,23),
 (173,'2024-2025-2',18,24),
 (174,'2024-2025-2',18,25),
 (175,'2024-2025-2',19,19),
 (176,'2024-2025-2',19,20),
 (177,'2024-2025-2',19,21),
 (178,'2024-2025-2',19,22),
 (179,'2024-2025-2',19,23),
 (180,'2024-2025-2',19,24),
 (181,'2024-2025-2',19,25),
 (182,'2024-2025-2',19,26),
 (183,'2024-2025-2',20,20),
 (184,'2024-2025-2',20,21),
 (185,'2024-2025-2',20,22),
 (186,'2024-2025-2',20,23),
 (187,'2024-2025-2',20,24),
 (188,'2024-2025-2',20,25),
 (189,'2024-2025-2',20,26),
 (190,'2024-2025-2',20,27),
 (191,'2024-2025-2',21,21),
 (192,'2024-2025-2',21,22),
 (193,'2024-2025-2',21,23),
 (194,'2024-2025-2',21,24),
 (195,'2024-2025-2',21,25),
 (196,'2024-2025-2',21,26),
 (197,'2024-2025-2',21,27),
 (198,'2024-2025-2',21,28),
 (199,'2024-2025-2',22,22),
 (200,'2024-2025-2',22,23),
 (201,'2024-2025-2',22,24),
 (202,'2024-2025-2',22,25),
 (203,'2024-2025-2',22,26),
 (204,'2024-2025-2',22,27),
 (205,'2024-2025-2',22,28),
 (206,'2024-2025-2',22,29),
 (207,'2024-2025-2',23,23),
 (208,'2024-2025-2',23,24),
 (209,'2024-2025-2',23,25),
 (210,'2024-2025-2',23,26),
 (211,'2024-2025-2',23,27),
 (212,'2024-2025-2',23,28),
 (213,'2024-2025-2',23,29),
 (214,'2024-2025-2',23,30),
 (215,'2024-2025-2',24,24),
 (216,'2024-2025-2',24,25),
 (217,'2024-2025-2',24,26),
 (218,'2024-2025-2',24,27),
 (219,'2024-2025-2',24,28),
 (220,'2024-2025-2',24,29),
 (221,'2024-2025-2',24,30),
 (222,'2024-2025-2',24,1),
 (223,'2024-2025-2',25,25),
 (224,'2024-2025-2',25,26),
 (225,'2024-2025-2',25,27),
 (226,'2024-2025-2',25,28),
 (227,'2024-2025-2',25,29),
 (228,'2024-2025-2',25,30),
 (229,'2024-2025-2',25,1),
 (230,'2024-2025-2',25,2),
 (231,'2024-2025-2',26,26),
 (232,'2024-2025-2',26,27),
 (233,'2024-2025-2',26,28),
 (234,'2024-2025-2',26,29),
 (235,'2024-2025-2',26,30),
 (236,'2024-2025-2',26,1),
 (237,'2024-2025-2',26,2),
 (238,'2024-2025-2',26,3),
 (239,'2024-2025-2',27,27),
 (240,'2024-2025-2',27,28),
 (241,'2024-2025-2',27,29),
 (242,'2024-2025-2',27,30),
 (243,'2024-2025-2',27,1),
 (244,'2024-2025-2',27,2),
 (245,'2024-2025-2',27,3),
 (246,'2024-2025-2',27,4),
 (247,'2024-2025-2',28,28),
 (248,'2024-2025-2',28,29),
 (249,'2024-2025-2',28,30),
 (250,'2024-2025-2',28,1),
 (251,'2024-2025-2',28,2),
 (252,'2024-2025-2',28,3),
 (253,'2024-2025-2',28,4),
 (254,'2024-2025-2',28,5),
 (255,'2024-2025-2',29,29),
 (256,'2024-2025-2',29,30),
 (257,'2024-2025-2',29,1),
 (258,'2024-2025-2',29,2),
 (259,'2024-2025-2',29,3),
 (260,'2024-2025-2',29,4),
 (261,'2024-2025-2',29,5),
 (262,'2024-2025-2',29,6),
 (263,'2024-2025-2',30,30),
 (264,'2024-2025-2',30,1),
 (265,'2024-2025-2',30,2),
 (266,'2024-2025-2',30,3),
 (267,'2024-2025-2',30,4),
 (268,'2024-2025-2',30,5),
 (269,'2024-2025-2',30,6),
 (270,'2024-2025-2',30,7);

INSERT INTO teaching_assignment (id, term_plan_id, teacher_id, course_type, remarks) VALUES
 (31,31,31,'专业课','新学期分配'), (32,32,32,'基础课','新学期分配'), (33,33,33,'专业课','新学期分配'), (34,34,34,'基础课','新学期分配'), (35,35,35,'专业课','新学期分配'), (36,36,36,'基础课','新学期分配'), (37,37,37,'专业课','新学期分配'), (38,38,38,'基础课','新学期分配'), (39,39,39,'专业课','新学期分配'), (40,40,40,'基础课','新学期分配'), (41,41,41,'专业课','新学期分配'), (42,42,42,'基础课','新学期分配'), (43,43,43,'专业课','新学期分配'), (44,44,44,'基础课','新学期分配'), (45,45,45,'专业课','新学期分配'), (46,46,46,'基础课','新学期分配'), (47,47,47,'专业课','新学期分配'), (48,48,48,'基础课','新学期分配'), (49,49,49,'专业课','新学期分配'), (50,50,50,'基础课','新学期分配'), (51,51,51,'专业课','新学期分配'), (52,52,52,'基础课','新学期分配'), (53,53,53,'专业课','新学期分配'), (54,54,54,'基础课','新学期分配'), (55,55,55,'专业课','新学期分配'), (56,56,56,'基础课','新学期分配'), (57,57,57,'专业课','新学期分配'), (58,58,58,'基础课','新学期分配'), (59,59,59,'专业课','新学期分配'), (60,60,60,'基础课','新学期分配'), (61,61,61,'专业课','新学期分配'), (62,62,62,'基础课','新学期分配'), (63,63,63,'专业课','新学期分配'), (64,64,64,'基础课','新学期分配'), (65,65,65,'专业课','新学期分配'), (66,66,66,'基础课','新学期分配'), (67,67,67,'专业课','新学期分配'), (68,68,68,'基础课','新学期分配'), (69,69,69,'专业课','新学期分配'), (70,70,70,'基础课','新学期分配'), (71,71,71,'专业课','新学期分配'), (72,72,72,'基础课','新学期分配'), (73,73,73,'专业课','新学期分配'), (74,74,74,'基础课','新学期分配'), (75,75,75,'专业课','新学期分配'), (76,76,76,'基础课','新学期分配'), (77,77,77,'专业课','新学期分配'), (78,78,78,'基础课','新学期分配'), (79,79,79,'专业课','新学期分配'), (80,80,80,'基础课','新学期分配'), (81,81,81,'专业课','新学期分配'), (82,82,82,'基础课','新学期分配'), (83,83,83,'专业课','新学期分配'), (84,84,84,'基础课','新学期分配'), (85,85,85,'专业课','新学期分配'), (86,86,86,'基础课','新学期分配'), (87,87,87,'专业课','新学期分配'), (88,88,88,'基础课','新学期分配'), (89,89,89,'专业课','新学期分配'), (90,90,90,'基础课','新学期分配'), (91,91,91,'专业课','新学期分配'), (92,92,92,'基础课','新学期分配'), (93,93,93,'专业课','新学期分配'), (94,94,94,'基础课','新学期分配'), (95,95,95,'专业课','新学期分配'), (96,96,96,'基础课','新学期分配'), (97,97,97,'专业课','新学期分配'), (98,98,98,'基础课','新学期分配'), (99,99,99,'专业课','新学期分配'), (100,100,100,'基础课','新学期分配'), (101,101,101,'专业课','新学期分配'), (102,102,102,'基础课','新学期分配'), (103,103,103,'专业课','新学期分配'), (104,104,104,'基础课','新学期分配'), (105,105,105,'专业课','新学期分配'), (106,106,106,'基础课','新学期分配'), (107,107,107,'专业课','新学期分配'), (108,108,108,'基础课','新学期分配'), (109,109,109,'专业课','新学期分配'), (110,110,110,'基础课','新学期分配'), (111,111,111,'专业课','新学期分配'), (112,112,112,'基础课','新学期分配'), (113,113,113,'专业课','新学期分配'), (114,114,114,'基础课','新学期分配'), (115,115,115,'专业课','新学期分配'), (116,116,116,'基础课','新学期分配'), (117,117,117,'专业课','新学期分配'), (118,118,118,'基础课','新学期分配'), (119,119,119,'专业课','新学期分配'), (120,120,120,'基础课','新学期分配'), (121,121,121,'专业课','新学期分配'), (122,122,122,'基础课','新学期分配'), (123,123,123,'专业课','新学期分配'), (124,124,124,'基础课','新学期分配'), (125,125,125,'专业课','新学期分配'), (126,126,126,'基础课','新学期分配'), (127,127,127,'专业课','新学期分配'), (128,128,128,'基础课','新学期分配'), (129,129,129,'专业课','新学期分配'), (130,130,130,'基础课','新学期分配'), (131,131,131,'专业课','新学期分配'), (132,132,132,'基础课','新学期分配'), (133,133,133,'专业课','新学期分配'), (134,134,134,'基础课','新学期分配'), (135,135,135,'专业课','新学期分配'), (136,136,136,'基础课','新学期分配'), (137,137,137,'专业课','新学期分配'), (138,138,138,'基础课','新学期分配'), (139,139,139,'专业课','新学期分配'), (140,140,140,'基础课','新学期分配'), (141,141,141,'专业课','新学期分配'), (142,142,142,'基础课','新学期分配'), (143,143,143,'专业课','新学期分配'), (144,144,144,'基础课','新学期分配'), (145,145,145,'专业课','新学期分配'), (146,146,146,'基础课','新学期分配'), (147,147,147,'专业课','新学期分配'), (148,148,148,'基础课','新学期分配'), (149,149,149,'专业课','新学期分配'), (150,150,150,'基础课','新学期分配'), (151,151,31,'专业课','新学期分配'), (152,152,32,'基础课','新学期分配'), (153,153,33,'专业课','新学期分配'), (154,154,34,'基础课','新学期分配'), (155,155,35,'专业课','新学期分配'), (156,156,36,'基础课','新学期分配'), (157,157,37,'专业课','新学期分配'), (158,158,38,'基础课','新学期分配'), (159,159,39,'专业课','新学期分配'), (160,160,40,'基础课','新学期分配'), (161,161,41,'专业课','新学期分配'), (162,162,42,'基础课','新学期分配'), (163,163,43,'专业课','新学期分配'), (164,164,44,'基础课','新学期分配'), (165,165,45,'专业课','新学期分配'), (166,166,46,'基础课','新学期分配'), (167,167,47,'专业课','新学期分配'), (168,168,48,'基础课','新学期分配'), (169,169,49,'专业课','新学期分配'), (170,170,50,'基础课','新学期分配'), (171,171,51,'专业课','新学期分配'), (172,172,52,'基础课','新学期分配'), (173,173,53,'专业课','新学期分配'), (174,174,54,'基础课','新学期分配'), (175,175,55,'专业课','新学期分配'), (176,176,56,'基础课','新学期分配'), (177,177,57,'专业课','新学期分配'), (178,178,58,'基础课','新学期分配'), (179,179,59,'专业课','新学期分配'), (180,180,60,'基础课','新学期分配'), (181,181,61,'专业课','新学期分配'), (182,182,62,'基础课','新学期分配'), (183,183,63,'专业课','新学期分配'), (184,184,64,'基础课','新学期分配'), (185,185,65,'专业课','新学期分配'), (186,186,66,'基础课','新学期分配'), (187,187,67,'专业课','新学期分配'), (188,188,68,'基础课','新学期分配'), (189,189,69,'专业课','新学期分配'), (190,190,70,'基础课','新学期分配'), (191,191,71,'专业课','新学期分配'), (192,192,72,'基础课','新学期分配'), (193,193,73,'专业课','新学期分配'), (194,194,74,'基础课','新学期分配'), (195,195,75,'专业课','新学期分配'), (196,196,76,'基础课','新学期分配'), (197,197,77,'专业课','新学期分配'), (198,198,78,'基础课','新学期分配'), (199,199,79,'专业课','新学期分配'), (200,200,80,'基础课','新学期分配'), (201,201,81,'专业课','新学期分配'), (202,202,82,'基础课','新学期分配'), (203,203,83,'专业课','新学期分配'), (204,204,84,'基础课','新学期分配'), (205,205,85,'专业课','新学期分配'), (206,206,86,'基础课','新学期分配'), (207,207,87,'专业课','新学期分配'), (208,208,88,'基础课','新学期分配'), (209,209,89,'专业课','新学期分配'), (210,210,90,'基础课','新学期分配'), (211,211,91,'专业课','新学期分配'), (212,212,92,'基础课','新学期分配'), (213,213,93,'专业课','新学期分配'), (214,214,94,'基础课','新学期分配'), (215,215,95,'专业课','新学期分配'), (216,216,96,'基础课','新学期分配'), (217,217,97,'专业课','新学期分配'), (218,218,98,'基础课','新学期分配'), (219,219,99,'专业课','新学期分配'), (220,220,100,'基础课','新学期分配'), (221,221,101,'专业课','新学期分配'), (222,222,102,'基础课','新学期分配'), (223,223,103,'专业课','新学期分配'), (224,224,104,'基础课','新学期分配'), (225,225,105,'专业课','新学期分配'), (226,226,106,'基础课','新学期分配'), (227,227,107,'专业课','新学期分配'), (228,228,108,'基础课','新学期分配'), (229,229,109,'专业课','新学期分配'), (230,230,110,'基础课','新学期分配'), (231,231,111,'专业课','新学期分配'), (232,232,112,'基础课','新学期分配'), (233,233,113,'专业课','新学期分配'), (234,234,114,'基础课','新学期分配'), (235,235,115,'专业课','新学期分配'), (236,236,116,'基础课','新学期分配'), (237,237,117,'专业课','新学期分配'), (238,238,118,'基础课','新学期分配'), (239,239,119,'专业课','新学期分配'), (240,240,120,'基础课','新学期分配'), (241,241,121,'专业课','新学期分配'), (242,242,122,'基础课','新学期分配'), (243,243,123,'专业课','新学期分配'), (244,244,124,'基础课','新学期分配'), (245,245,125,'专业课','新学期分配'), (246,246,126,'基础课','新学期分配'), (247,247,127,'专业课','新学期分配'), (248,248,128,'基础课','新学期分配'), (249,249,129,'专业课','新学期分配'), (250,250,130,'基础课','新学期分配'), (251,251,131,'专业课','新学期分配'), (252,252,132,'基础课','新学期分配'), (253,253,133,'专业课','新学期分配'), (254,254,134,'基础课','新学期分配'), (255,255,135,'专业课','新学期分配'), (256,256,136,'基础课','新学期分配'), (257,257,137,'专业课','新学期分配'), (258,258,138,'基础课','新学期分配'), (259,259,139,'专业课','新学期分配'), (260,260,140,'基础课','新学期分配'), (261,261,141,'专业课','新学期分配'), (262,262,142,'基础课','新学期分配'), (263,263,143,'专业课','新学期分配'), (264,264,144,'基础课','新学期分配'), (265,265,145,'专业课','新学期分配'), (266,266,146,'基础课','新学期分配'), (267,267,147,'专业课','新学期分配'), (268,268,148,'基础课','新学期分配'), (269,269,149,'专业课','新学期分配'), (270,270,150,'基础课','新学期分配');

INSERT INTO student_course (id, student_id, course_id, term) VALUES
 (31,31,1,'2024-2025-2'), (32,31,2,'2024-2025-2'), (33,31,3,'2024-2025-2'), (34,31,4,'2024-2025-2'), (35,31,5,'2024-2025-2'), (36,31,6,'2024-2025-2'), (37,32,1,'2024-2025-2'), (38,32,2,'2024-2025-2'), (39,32,3,'2024-2025-2'), (40,32,4,'2024-2025-2'), (41,32,5,'2024-2025-2'), (42,32,6,'2024-2025-2'), (43,33,1,'2024-2025-2'), (44,33,2,'2024-2025-2'), (45,33,3,'2024-2025-2'), (46,33,4,'2024-2025-2'), (47,33,5,'2024-2025-2'), (48,33,6,'2024-2025-2'), (49,34,1,'2024-2025-2'), (50,34,2,'2024-2025-2'), (51,34,3,'2024-2025-2'), (52,34,4,'2024-2025-2'), (53,34,5,'2024-2025-2'), (54,34,6,'2024-2025-2'), (55,35,1,'2024-2025-2'), (56,35,2,'2024-2025-2'), (57,35,3,'2024-2025-2'), (58,35,4,'2024-2025-2'), (59,35,5,'2024-2025-2'), (60,35,6,'2024-2025-2'), (61,36,1,'2024-2025-2'), (62,36,2,'2024-2025-2'), (63,36,3,'2024-2025-2'), (64,36,4,'2024-2025-2'), (65,36,5,'2024-2025-2'), (66,36,6,'2024-2025-2'), (67,37,1,'2024-2025-2'), (68,37,2,'2024-2025-2'), (69,37,3,'2024-2025-2'), (70,37,4,'2024-2025-2'), (71,37,5,'2024-2025-2'), (72,37,6,'2024-2025-2'), (73,38,1,'2024-2025-2'), (74,38,2,'2024-2025-2'), (75,38,3,'2024-2025-2'), (76,38,4,'2024-2025-2'), (77,38,5,'2024-2025-2'), (78,38,6,'2024-2025-2'), (79,39,1,'2024-2025-2'), (80,39,2,'2024-2025-2'), (81,39,3,'2024-2025-2'), (82,39,4,'2024-2025-2'), (83,39,5,'2024-2025-2'), (84,39,6,'2024-2025-2'), (85,40,1,'2024-2025-2'), (86,40,2,'2024-2025-2'), (87,40,3,'2024-2025-2'), (88,40,4,'2024-2025-2'), (89,40,5,'2024-2025-2'), (90,40,6,'2024-2025-2'), (91,41,1,'2024-2025-2'), (92,41,2,'2024-2025-2'), (93,41,3,'2024-2025-2'), (94,41,4,'2024-2025-2'), (95,41,5,'2024-2025-2'), (96,41,6,'2024-2025-2'), (97,42,1,'2024-2025-2'), (98,42,2,'2024-2025-2'), (99,42,3,'2024-2025-2'), (100,42,4,'2024-2025-2'), (101,42,5,'2024-2025-2'), (102,42,6,'2024-2025-2'), (103,43,1,'2024-2025-2'), (104,43,2,'2024-2025-2'), (105,43,3,'2024-2025-2'), (106,43,4,'2024-2025-2'), (107,43,5,'2024-2025-2'), (108,43,6,'2024-2025-2'), (109,44,1,'2024-2025-2'), (110,44,2,'2024-2025-2'), (111,44,3,'2024-2025-2'), (112,44,4,'2024-2025-2'), (113,44,5,'2024-2025-2'), (114,44,6,'2024-2025-2'), (115,45,1,'2024-2025-2'), (116,45,2,'2024-2025-2'), (117,45,3,'2024-2025-2'), (118,45,4,'2024-2025-2'), (119,45,5,'2024-2025-2'), (120,45,6,'2024-2025-2'), (121,46,1,'2024-2025-2'), (122,46,2,'2024-2025-2'), (123,46,3,'2024-2025-2'), (124,46,4,'2024-2025-2'), (125,46,5,'2024-2025-2'), (126,46,6,'2024-2025-2'), (127,47,1,'2024-2025-2'), (128,47,2,'2024-2025-2'), (129,47,3,'2024-2025-2'), (130,47,4,'2024-2025-2'), (131,47,5,'2024-2025-2'), (132,47,6,'2024-2025-2'), (133,48,1,'2024-2025-2'), (134,48,2,'2024-2025-2'), (135,48,3,'2024-2025-2'), (136,48,4,'2024-2025-2'), (137,48,5,'2024-2025-2'), (138,48,6,'2024-2025-2'), (139,49,1,'2024-2025-2'), (140,49,2,'2024-2025-2'), (141,49,3,'2024-2025-2'), (142,49,4,'2024-2025-2'), (143,49,5,'2024-2025-2'), (144,49,6,'2024-2025-2'), (145,50,1,'2024-2025-2'), (146,50,2,'2024-2025-2'), (147,50,3,'2024-2025-2'), (148,50,4,'2024-2025-2'), (149,50,5,'2024-2025-2'), (150,50,6,'2024-2025-2'), (151,51,1,'2024-2025-2'), (152,51,2,'2024-2025-2'), (153,51,3,'2024-2025-2'), (154,51,4,'2024-2025-2'), (155,51,5,'2024-2025-2'), (156,51,6,'2024-2025-2'), (157,52,1,'2024-2025-2'), (158,52,2,'2024-2025-2'), (159,52,3,'2024-2025-2'), (160,52,4,'2024-2025-2'), (161,52,5,'2024-2025-2'), (162,52,6,'2024-2025-2'), (163,53,1,'2024-2025-2'), (164,53,2,'2024-2025-2'), (165,53,3,'2024-2025-2'), (166,53,4,'2024-2025-2'), (167,53,5,'2024-2025-2'), (168,53,6,'2024-2025-2'), (169,54,1,'2024-2025-2'), (170,54,2,'2024-2025-2'), (171,54,3,'2024-2025-2'), (172,54,4,'2024-2025-2'), (173,54,5,'2024-2025-2'), (174,54,6,'2024-2025-2'), (175,55,1,'2024-2025-2'), (176,55,2,'2024-2025-2'), (177,55,3,'2024-2025-2'), (178,55,4,'2024-2025-2'), (179,55,5,'2024-2025-2'), (180,55,6,'2024-2025-2'), (181,56,1,'2024-2025-2'), (182,56,2,'2024-2025-2'), (183,56,3,'2024-2025-2'), (184,56,4,'2024-2025-2'), (185,56,5,'2024-2025-2'), (186,56,6,'2024-2025-2'), (187,57,1,'2024-2025-2'), (188,57,2,'2024-2025-2'), (189,57,3,'2024-2025-2'), (190,57,4,'2024-2025-2'), (191,57,5,'2024-2025-2'), (192,57,6,'2024-2025-2'), (193,58,1,'2024-2025-2'), (194,58,2,'2024-2025-2'), (195,58,3,'2024-2025-2'), (196,58,4,'2024-2025-2'), (197,58,5,'2024-2025-2'), (198,58,6,'2024-2025-2'), (199,59,1,'2024-2025-2'), (200,59,2,'2024-2025-2'), (201,59,3,'2024-2025-2'), (202,59,4,'2024-2025-2'), (203,59,5,'2024-2025-2'), (204,59,6,'2024-2025-2'), (205,60,1,'2024-2025-2'), (206,60,2,'2024-2025-2'), (207,60,3,'2024-2025-2'), (208,60,4,'2024-2025-2'), (209,60,5,'2024-2025-2'), (210,60,6,'2024-2025-2'), (211,61,1,'2024-2025-2'), (212,61,2,'2024-2025-2'), (213,61,3,'2024-2025-2'), (214,61,4,'2024-2025-2'), (215,61,5,'2024-2025-2'), (216,61,6,'2024-2025-2'), (217,62,1,'2024-2025-2'), (218,62,2,'2024-2025-2'), (219,62,3,'2024-2025-2'), (220,62,4,'2024-2025-2'), (221,62,5,'2024-2025-2'), (222,62,6,'2024-2025-2'), (223,63,1,'2024-2025-2'), (224,63,2,'2024-2025-2'), (225,63,3,'2024-2025-2'), (226,63,4,'2024-2025-2'), (227,63,5,'2024-2025-2'), (228,63,6,'2024-2025-2'), (229,64,1,'2024-2025-2'), (230,64,2,'2024-2025-2'), (231,64,3,'2024-2025-2'), (232,64,4,'2024-2025-2'), (233,64,5,'2024-2025-2'), (234,64,6,'2024-2025-2'), (235,65,1,'2024-2025-2'), (236,65,2,'2024-2025-2'), (237,65,3,'2024-2025-2'), (238,65,4,'2024-2025-2'), (239,65,5,'2024-2025-2'), (240,65,6,'2024-2025-2'), (241,66,1,'2024-2025-2'), (242,66,2,'2024-2025-2'), (243,66,3,'2024-2025-2'), (244,66,4,'2024-2025-2'), (245,66,5,'2024-2025-2'), (246,66,6,'2024-2025-2'), (247,67,1,'2024-2025-2'), (248,67,2,'2024-2025-2'), (249,67,3,'2024-2025-2'), (250,67,4,'2024-2025-2'), (251,67,5,'2024-2025-2'), (252,67,6,'2024-2025-2'), (253,68,1,'2024-2025-2'), (254,68,2,'2024-2025-2'), (255,68,3,'2024-2025-2'), (256,68,4,'2024-2025-2'), (257,68,5,'2024-2025-2'), (258,68,6,'2024-2025-2'), (259,69,1,'2024-2025-2'), (260,69,2,'2024-2025-2'), (261,69,3,'2024-2025-2'), (262,69,4,'2024-2025-2'), (263,69,5,'2024-2025-2'), (264,69,6,'2024-2025-2'), (265,70,1,'2024-2025-2'), (266,70,2,'2024-2025-2'), (267,70,3,'2024-2025-2'), (268,70,4,'2024-2025-2'), (269,70,5,'2024-2025-2'), (270,70,6,'2024-2025-2'), (271,71,2,'2024-2025-2'), (272,71,3,'2024-2025-2'), (273,71,4,'2024-2025-2'), (274,71,5,'2024-2025-2'), (275,71,6,'2024-2025-2'), (276,71,7,'2024-2025-2'), (277,72,2,'2024-2025-2'), (278,72,3,'2024-2025-2'), (279,72,4,'2024-2025-2'), (280,72,5,'2024-2025-2'), (281,72,6,'2024-2025-2'), (282,72,7,'2024-2025-2'), (283,73,2,'2024-2025-2'), (284,73,3,'2024-2025-2'), (285,73,4,'2024-2025-2'), (286,73,5,'2024-2025-2'), (287,73,6,'2024-2025-2'), (288,73,7,'2024-2025-2'), (289,74,2,'2024-2025-2'), (290,74,3,'2024-2025-2'), (291,74,4,'2024-2025-2'), (292,74,5,'2024-2025-2'), (293,74,6,'2024-2025-2'), (294,74,7,'2024-2025-2'), (295,75,2,'2024-2025-2'), (296,75,3,'2024-2025-2'), (297,75,4,'2024-2025-2'), (298,75,5,'2024-2025-2'), (299,75,6,'2024-2025-2'), (300,75,7,'2024-2025-2'), (301,76,2,'2024-2025-2'), (302,76,3,'2024-2025-2'), (303,76,4,'2024-2025-2'), (304,76,5,'2024-2025-2'), (305,76,6,'2024-2025-2'), (306,76,7,'2024-2025-2'), (307,77,2,'2024-2025-2'), (308,77,3,'2024-2025-2'), (309,77,4,'2024-2025-2'), (310,77,5,'2024-2025-2'), (311,77,6,'2024-2025-2'), (312,77,7,'2024-2025-2'), (313,78,2,'2024-2025-2'), (314,78,3,'2024-2025-2'), (315,78,4,'2024-2025-2'), (316,78,5,'2024-2025-2'), (317,78,6,'2024-2025-2'), (318,78,7,'2024-2025-2'), (319,79,2,'2024-2025-2'), (320,79,3,'2024-2025-2'), (321,79,4,'2024-2025-2'), (322,79,5,'2024-2025-2'), (323,79,6,'2024-2025-2'), (324,79,7,'2024-2025-2'), (325,80,2,'2024-2025-2'), (326,80,3,'2024-2025-2'), (327,80,4,'2024-2025-2'), (328,80,5,'2024-2025-2'), (329,80,6,'2024-2025-2'), (330,80,7,'2024-2025-2'), (331,81,2,'2024-2025-2'), (332,81,3,'2024-2025-2'), (333,81,4,'2024-2025-2'), (334,81,5,'2024-2025-2'), (335,81,6,'2024-2025-2'), (336,81,7,'2024-2025-2'), (337,82,2,'2024-2025-2'), (338,82,3,'2024-2025-2'), (339,82,4,'2024-2025-2'), (340,82,5,'2024-2025-2'), (341,82,6,'2024-2025-2'), (342,82,7,'2024-2025-2'), (343,83,2,'2024-2025-2'), (344,83,3,'2024-2025-2'), (345,83,4,'2024-2025-2'), (346,83,5,'2024-2025-2'), (347,83,6,'2024-2025-2'), (348,83,7,'2024-2025-2'), (349,84,2,'2024-2025-2'), (350,84,3,'2024-2025-2'), (351,84,4,'2024-2025-2'), (352,84,5,'2024-2025-2'), (353,84,6,'2024-2025-2'), (354,84,7,'2024-2025-2'), (355,85,2,'2024-2025-2'), (356,85,3,'2024-2025-2'), (357,85,4,'2024-2025-2'), (358,85,5,'2024-2025-2'), (359,85,6,'2024-2025-2'), (360,85,7,'2024-2025-2'), (361,86,2,'2024-2025-2'), (362,86,3,'2024-2025-2'), (363,86,4,'2024-2025-2'), (364,86,5,'2024-2025-2'), (365,86,6,'2024-2025-2'), (366,86,7,'2024-2025-2'), (367,87,2,'2024-2025-2'), (368,87,3,'2024-2025-2'), (369,87,4,'2024-2025-2'), (370,87,5,'2024-2025-2'), (371,87,6,'2024-2025-2'), (372,87,7,'2024-2025-2'), (373,88,2,'2024-2025-2'), (374,88,3,'2024-2025-2'), (375,88,4,'2024-2025-2'), (376,88,5,'2024-2025-2'), (377,88,6,'2024-2025-2'), (378,88,7,'2024-2025-2'), (379,89,2,'2024-2025-2'), (380,89,3,'2024-2025-2'), (381,89,4,'2024-2025-2'), (382,89,5,'2024-2025-2'), (383,89,6,'2024-2025-2'), (384,89,7,'2024-2025-2'), (385,90,2,'2024-2025-2'), (386,90,3,'2024-2025-2'), (387,90,4,'2024-2025-2'), (388,90,5,'2024-2025-2'), (389,90,6,'2024-2025-2'), (390,90,7,'2024-2025-2'), (391,91,2,'2024-2025-2'), (392,91,3,'2024-2025-2'), (393,91,4,'2024-2025-2'), (394,91,5,'2024-2025-2'), (395,91,6,'2024-2025-2'), (396,91,7,'2024-2025-2'), (397,92,2,'2024-2025-2'), (398,92,3,'2024-2025-2'), (399,92,4,'2024-2025-2'), (400,92,5,'2024-2025-2'), (401,92,6,'2024-2025-2'), (402,92,7,'2024-2025-2'), (403,93,2,'2024-2025-2'), (404,93,3,'2024-2025-2'), (405,93,4,'2024-2025-2'), (406,93,5,'2024-2025-2'), (407,93,6,'2024-2025-2'), (408,93,7,'2024-2025-2'), (409,94,2,'2024-2025-2'), (410,94,3,'2024-2025-2'), (411,94,4,'2024-2025-2'), (412,94,5,'2024-2025-2'), (413,94,6,'2024-2025-2'), (414,94,7,'2024-2025-2'), (415,95,2,'2024-2025-2'), (416,95,3,'2024-2025-2'), (417,95,4,'2024-2025-2'), (418,95,5,'2024-2025-2'), (419,95,6,'2024-2025-2'), (420,95,7,'2024-2025-2'), (421,96,2,'2024-2025-2'), (422,96,3,'2024-2025-2'), (423,96,4,'2024-2025-2'), (424,96,5,'2024-2025-2'), (425,96,6,'2024-2025-2'), (426,96,7,'2024-2025-2'), (427,97,2,'2024-2025-2'), (428,97,3,'2024-2025-2'), (429,97,4,'2024-2025-2'), (430,97,5,'2024-2025-2'), (431,97,6,'2024-2025-2'), (432,97,7,'2024-2025-2'), (433,98,2,'2024-2025-2'), (434,98,3,'2024-2025-2'), (435,98,4,'2024-2025-2'), (436,98,5,'2024-2025-2'), (437,98,6,'2024-2025-2'), (438,98,7,'2024-2025-2'), (439,99,2,'2024-2025-2'), (440,99,3,'2024-2025-2'), (441,99,4,'2024-2025-2'), (442,99,5,'2024-2025-2'), (443,99,6,'2024-2025-2'), (444,99,7,'2024-2025-2'), (445,100,2,'2024-2025-2'), (446,100,3,'2024-2025-2'), (447,100,4,'2024-2025-2'), (448,100,5,'2024-2025-2'), (449,100,6,'2024-2025-2'), (450,100,7,'2024-2025-2'), (451,101,2,'2024-2025-2'), (452,101,3,'2024-2025-2'), (453,101,4,'2024-2025-2'), (454,101,5,'2024-2025-2'), (455,101,6,'2024-2025-2'), (456,101,7,'2024-2025-2'), (457,102,2,'2024-2025-2'), (458,102,3,'2024-2025-2'), (459,102,4,'2024-2025-2'), (460,102,5,'2024-2025-2'), (461,102,6,'2024-2025-2'), (462,102,7,'2024-2025-2'), (463,103,2,'2024-2025-2'), (464,103,3,'2024-2025-2'), (465,103,4,'2024-2025-2'), (466,103,5,'2024-2025-2'), (467,103,6,'2024-2025-2'), (468,103,7,'2024-2025-2'), (469,104,2,'2024-2025-2'), (470,104,3,'2024-2025-2'), (471,104,4,'2024-2025-2'), (472,104,5,'2024-2025-2'), (473,104,6,'2024-2025-2'), (474,104,7,'2024-2025-2'), (475,105,2,'2024-2025-2'), (476,105,3,'2024-2025-2'), (477,105,4,'2024-2025-2'), (478,105,5,'2024-2025-2'), (479,105,6,'2024-2025-2'), (480,105,7,'2024-2025-2'), (481,106,2,'2024-2025-2'), (482,106,3,'2024-2025-2'), (483,106,4,'2024-2025-2'), (484,106,5,'2024-2025-2'), (485,106,6,'2024-2025-2'), (486,106,7,'2024-2025-2'), (487,107,2,'2024-2025-2'), (488,107,3,'2024-2025-2'), (489,107,4,'2024-2025-2'), (490,107,5,'2024-2025-2'), (491,107,6,'2024-2025-2'), (492,107,7,'2024-2025-2'), (493,108,2,'2024-2025-2'), (494,108,3,'2024-2025-2'), (495,108,4,'2024-2025-2'), (496,108,5,'2024-2025-2'), (497,108,6,'2024-2025-2'), (498,108,7,'2024-2025-2'), (499,109,2,'2024-2025-2'), (500,109,3,'2024-2025-2'), (501,109,4,'2024-2025-2'), (502,109,5,'2024-2025-2'), (503,109,6,'2024-2025-2'), (504,109,7,'2024-2025-2'), (505,110,2,'2024-2025-2'), (506,110,3,'2024-2025-2'), (507,110,4,'2024-2025-2'), (508,110,5,'2024-2025-2'), (509,110,6,'2024-2025-2'), (510,110,7,'2024-2025-2'), (511,111,3,'2024-2025-2'), (512,111,4,'2024-2025-2'), (513,111,5,'2024-2025-2'), (514,111,6,'2024-2025-2'), (515,111,7,'2024-2025-2'), (516,111,8,'2024-2025-2'), (517,112,3,'2024-2025-2'), (518,112,4,'2024-2025-2'), (519,112,5,'2024-2025-2'), (520,112,6,'2024-2025-2'), (521,112,7,'2024-2025-2'), (522,112,8,'2024-2025-2'), (523,113,3,'2024-2025-2'), (524,113,4,'2024-2025-2'), (525,113,5,'2024-2025-2'), (526,113,6,'2024-2025-2'), (527,113,7,'2024-2025-2'), (528,113,8,'2024-2025-2'), (529,114,3,'2024-2025-2'), (530,114,4,'2024-2025-2'), (531,114,5,'2024-2025-2'), (532,114,6,'2024-2025-2'), (533,114,7,'2024-2025-2'), (534,114,8,'2024-2025-2'), (535,115,3,'2024-2025-2'), (536,115,4,'2024-2025-2'), (537,115,5,'2024-2025-2'), (538,115,6,'2024-2025-2'), (539,115,7,'2024-2025-2'), (540,115,8,'2024-2025-2'), (541,116,3,'2024-2025-2'), (542,116,4,'2024-2025-2'), (543,116,5,'2024-2025-2'), (544,116,6,'2024-2025-2'), (545,116,7,'2024-2025-2'), (546,116,8,'2024-2025-2'), (547,117,3,'2024-2025-2'), (548,117,4,'2024-2025-2'), (549,117,5,'2024-2025-2'), (550,117,6,'2024-2025-2'), (551,117,7,'2024-2025-2'), (552,117,8,'2024-2025-2'), (553,118,3,'2024-2025-2'), (554,118,4,'2024-2025-2'), (555,118,5,'2024-2025-2'), (556,118,6,'2024-2025-2'), (557,118,7,'2024-2025-2'), (558,118,8,'2024-2025-2'), (559,119,3,'2024-2025-2'), (560,119,4,'2024-2025-2'), (561,119,5,'2024-2025-2'), (562,119,6,'2024-2025-2'), (563,119,7,'2024-2025-2'), (564,119,8,'2024-2025-2'), (565,120,3,'2024-2025-2'), (566,120,4,'2024-2025-2'), (567,120,5,'2024-2025-2'), (568,120,6,'2024-2025-2'), (569,120,7,'2024-2025-2'), (570,120,8,'2024-2025-2'), (571,121,3,'2024-2025-2'), (572,121,4,'2024-2025-2'), (573,121,5,'2024-2025-2'), (574,121,6,'2024-2025-2'), (575,121,7,'2024-2025-2'), (576,121,8,'2024-2025-2'), (577,122,3,'2024-2025-2'), (578,122,4,'2024-2025-2'), (579,122,5,'2024-2025-2'), (580,122,6,'2024-2025-2'), (581,122,7,'2024-2025-2'), (582,122,8,'2024-2025-2'), (583,123,3,'2024-2025-2'), (584,123,4,'2024-2025-2'), (585,123,5,'2024-2025-2'), (586,123,6,'2024-2025-2'), (587,123,7,'2024-2025-2'), (588,123,8,'2024-2025-2'), (589,124,3,'2024-2025-2'), (590,124,4,'2024-2025-2'), (591,124,5,'2024-2025-2'), (592,124,6,'2024-2025-2'), (593,124,7,'2024-2025-2'), (594,124,8,'2024-2025-2'), (595,125,3,'2024-2025-2'), (596,125,4,'2024-2025-2'), (597,125,5,'2024-2025-2'), (598,125,6,'2024-2025-2'), (599,125,7,'2024-2025-2'), (600,125,8,'2024-2025-2'), (601,126,3,'2024-2025-2'), (602,126,4,'2024-2025-2'), (603,126,5,'2024-2025-2'), (604,126,6,'2024-2025-2'), (605,126,7,'2024-2025-2'), (606,126,8,'2024-2025-2'), (607,127,3,'2024-2025-2'), (608,127,4,'2024-2025-2'), (609,127,5,'2024-2025-2'), (610,127,6,'2024-2025-2'), (611,127,7,'2024-2025-2'), (612,127,8,'2024-2025-2'), (613,128,3,'2024-2025-2'), (614,128,4,'2024-2025-2'), (615,128,5,'2024-2025-2'), (616,128,6,'2024-2025-2'), (617,128,7,'2024-2025-2'), (618,128,8,'2024-2025-2'), (619,129,3,'2024-2025-2'), (620,129,4,'2024-2025-2'), (621,129,5,'2024-2025-2'), (622,129,6,'2024-2025-2'), (623,129,7,'2024-2025-2'), (624,129,8,'2024-2025-2'), (625,130,3,'2024-2025-2'), (626,130,4,'2024-2025-2'), (627,130,5,'2024-2025-2'), (628,130,6,'2024-2025-2'), (629,130,7,'2024-2025-2'), (630,130,8,'2024-2025-2'), (631,131,3,'2024-2025-2'), (632,131,4,'2024-2025-2'), (633,131,5,'2024-2025-2'), (634,131,6,'2024-2025-2'), (635,131,7,'2024-2025-2'), (636,131,8,'2024-2025-2'), (637,132,3,'2024-2025-2'), (638,132,4,'2024-2025-2'), (639,132,5,'2024-2025-2'), (640,132,6,'2024-2025-2'), (641,132,7,'2024-2025-2'), (642,132,8,'2024-2025-2'), (643,133,3,'2024-2025-2'), (644,133,4,'2024-2025-2'), (645,133,5,'2024-2025-2'), (646,133,6,'2024-2025-2'), (647,133,7,'2024-2025-2'), (648,133,8,'2024-2025-2'), (649,134,3,'2024-2025-2'), (650,134,4,'2024-2025-2'), (651,134,5,'2024-2025-2'), (652,134,6,'2024-2025-2'), (653,134,7,'2024-2025-2'), (654,134,8,'2024-2025-2'), (655,135,3,'2024-2025-2'), (656,135,4,'2024-2025-2'), (657,135,5,'2024-2025-2'), (658,135,6,'2024-2025-2'), (659,135,7,'2024-2025-2'), (660,135,8,'2024-2025-2'), (661,136,3,'2024-2025-2'), (662,136,4,'2024-2025-2'), (663,136,5,'2024-2025-2'), (664,136,6,'2024-2025-2'), (665,136,7,'2024-2025-2'), (666,136,8,'2024-2025-2'), (667,137,3,'2024-2025-2'), (668,137,4,'2024-2025-2'), (669,137,5,'2024-2025-2'), (670,137,6,'2024-2025-2'), (671,137,7,'2024-2025-2'), (672,137,8,'2024-2025-2'), (673,138,3,'2024-2025-2'), (674,138,4,'2024-2025-2'), (675,138,5,'2024-2025-2'), (676,138,6,'2024-2025-2'), (677,138,7,'2024-2025-2'), (678,138,8,'2024-2025-2'), (679,139,3,'2024-2025-2'), (680,139,4,'2024-2025-2'), (681,139,5,'2024-2025-2'), (682,139,6,'2024-2025-2'), (683,139,7,'2024-2025-2'), (684,139,8,'2024-2025-2'), (685,140,3,'2024-2025-2'), (686,140,4,'2024-2025-2'), (687,140,5,'2024-2025-2'), (688,140,6,'2024-2025-2'), (689,140,7,'2024-2025-2'), (690,140,8,'2024-2025-2'), (691,141,3,'2024-2025-2'), (692,141,4,'2024-2025-2'), (693,141,5,'2024-2025-2'), (694,141,6,'2024-2025-2'), (695,141,7,'2024-2025-2'), (696,141,8,'2024-2025-2'), (697,142,3,'2024-2025-2'), (698,142,4,'2024-2025-2'), (699,142,5,'2024-2025-2'), (700,142,6,'2024-2025-2'), (701,142,7,'2024-2025-2'), (702,142,8,'2024-2025-2'), (703,143,3,'2024-2025-2'), (704,143,4,'2024-2025-2'), (705,143,5,'2024-2025-2'), (706,143,6,'2024-2025-2'), (707,143,7,'2024-2025-2'), (708,143,8,'2024-2025-2'), (709,144,3,'2024-2025-2'), (710,144,4,'2024-2025-2'), (711,144,5,'2024-2025-2'), (712,144,6,'2024-2025-2'), (713,144,7,'2024-2025-2'), (714,144,8,'2024-2025-2'), (715,145,3,'2024-2025-2'), (716,145,4,'2024-2025-2'), (717,145,5,'2024-2025-2'), (718,145,6,'2024-2025-2'), (719,145,7,'2024-2025-2'), (720,145,8,'2024-2025-2'), (721,146,3,'2024-2025-2'), (722,146,4,'2024-2025-2'), (723,146,5,'2024-2025-2'), (724,146,6,'2024-2025-2'), (725,146,7,'2024-2025-2'), (726,146,8,'2024-2025-2'), (727,147,3,'2024-2025-2'), (728,147,4,'2024-2025-2'), (729,147,5,'2024-2025-2'), (730,147,6,'2024-2025-2'), (731,147,7,'2024-2025-2'), (732,147,8,'2024-2025-2'), (733,148,3,'2024-2025-2'), (734,148,4,'2024-2025-2'), (735,148,5,'2024-2025-2'), (736,148,6,'2024-2025-2'), (737,148,7,'2024-2025-2'), (738,148,8,'2024-2025-2'), (739,149,3,'2024-2025-2'), (740,149,4,'2024-2025-2'), (741,149,5,'2024-2025-2'), (742,149,6,'2024-2025-2'), (743,149,7,'2024-2025-2'), (744,149,8,'2024-2025-2'), (745,150,3,'2024-2025-2'), (746,150,4,'2024-2025-2'), (747,150,5,'2024-2025-2'), (748,150,6,'2024-2025-2'), (749,150,7,'2024-2025-2'), (750,150,8,'2024-2025-2'), (751,151,4,'2024-2025-2'), (752,151,5,'2024-2025-2'), (753,151,6,'2024-2025-2'), (754,151,7,'2024-2025-2'), (755,151,8,'2024-2025-2'), (756,151,9,'2024-2025-2'), (757,152,4,'2024-2025-2'), (758,152,5,'2024-2025-2'), (759,152,6,'2024-2025-2'), (760,152,7,'2024-2025-2'), (761,152,8,'2024-2025-2'), (762,152,9,'2024-2025-2'), (763,153,4,'2024-2025-2'), (764,153,5,'2024-2025-2'), (765,153,6,'2024-2025-2'), (766,153,7,'2024-2025-2'), (767,153,8,'2024-2025-2'), (768,153,9,'2024-2025-2'), (769,154,4,'2024-2025-2'), (770,154,5,'2024-2025-2'), (771,154,6,'2024-2025-2'), (772,154,7,'2024-2025-2'), (773,154,8,'2024-2025-2'), (774,154,9,'2024-2025-2'), (775,155,4,'2024-2025-2'), (776,155,5,'2024-2025-2'), (777,155,6,'2024-2025-2'), (778,155,7,'2024-2025-2'), (779,155,8,'2024-2025-2'), (780,155,9,'2024-2025-2'), (781,156,4,'2024-2025-2'), (782,156,5,'2024-2025-2'), (783,156,6,'2024-2025-2'), (784,156,7,'2024-2025-2'), (785,156,8,'2024-2025-2'), (786,156,9,'2024-2025-2'), (787,157,4,'2024-2025-2'), (788,157,5,'2024-2025-2'), (789,157,6,'2024-2025-2'), (790,157,7,'2024-2025-2'), (791,157,8,'2024-2025-2'), (792,157,9,'2024-2025-2'), (793,158,4,'2024-2025-2'), (794,158,5,'2024-2025-2'), (795,158,6,'2024-2025-2'), (796,158,7,'2024-2025-2'), (797,158,8,'2024-2025-2'), (798,158,9,'2024-2025-2'), (799,159,4,'2024-2025-2'), (800,159,5,'2024-2025-2'), (801,159,6,'2024-2025-2'), (802,159,7,'2024-2025-2'), (803,159,8,'2024-2025-2'), (804,159,9,'2024-2025-2'), (805,160,4,'2024-2025-2'), (806,160,5,'2024-2025-2'), (807,160,6,'2024-2025-2'), (808,160,7,'2024-2025-2'), (809,160,8,'2024-2025-2'), (810,160,9,'2024-2025-2'), (811,161,4,'2024-2025-2'), (812,161,5,'2024-2025-2'), (813,161,6,'2024-2025-2'), (814,161,7,'2024-2025-2'), (815,161,8,'2024-2025-2'), (816,161,9,'2024-2025-2'), (817,162,4,'2024-2025-2'), (818,162,5,'2024-2025-2'), (819,162,6,'2024-2025-2'), (820,162,7,'2024-2025-2'), (821,162,8,'2024-2025-2'), (822,162,9,'2024-2025-2'), (823,163,4,'2024-2025-2'), (824,163,5,'2024-2025-2'), (825,163,6,'2024-2025-2'), (826,163,7,'2024-2025-2'), (827,163,8,'2024-2025-2'), (828,163,9,'2024-2025-2'), (829,164,4,'2024-2025-2'), (830,164,5,'2024-2025-2'), (831,164,6,'2024-2025-2'), (832,164,7,'2024-2025-2'), (833,164,8,'2024-2025-2'), (834,164,9,'2024-2025-2'), (835,165,4,'2024-2025-2'), (836,165,5,'2024-2025-2'), (837,165,6,'2024-2025-2'), (838,165,7,'2024-2025-2'), (839,165,8,'2024-2025-2'), (840,165,9,'2024-2025-2'), (841,166,4,'2024-2025-2'), (842,166,5,'2024-2025-2'), (843,166,6,'2024-2025-2'), (844,166,7,'2024-2025-2'), (845,166,8,'2024-2025-2'), (846,166,9,'2024-2025-2'), (847,167,4,'2024-2025-2'), (848,167,5,'2024-2025-2'), (849,167,6,'2024-2025-2'), (850,167,7,'2024-2025-2'), (851,167,8,'2024-2025-2'), (852,167,9,'2024-2025-2'), (853,168,4,'2024-2025-2'), (854,168,5,'2024-2025-2'), (855,168,6,'2024-2025-2'), (856,168,7,'2024-2025-2'), (857,168,8,'2024-2025-2'), (858,168,9,'2024-2025-2'), (859,169,4,'2024-2025-2'), (860,169,5,'2024-2025-2'), (861,169,6,'2024-2025-2'), (862,169,7,'2024-2025-2'), (863,169,8,'2024-2025-2'), (864,169,9,'2024-2025-2'), (865,170,4,'2024-2025-2'), (866,170,5,'2024-2025-2'), (867,170,6,'2024-2025-2'), (868,170,7,'2024-2025-2'), (869,170,8,'2024-2025-2'), (870,170,9,'2024-2025-2'), (871,171,4,'2024-2025-2'), (872,171,5,'2024-2025-2'), (873,171,6,'2024-2025-2'), (874,171,7,'2024-2025-2'), (875,171,8,'2024-2025-2'), (876,171,9,'2024-2025-2'), (877,172,4,'2024-2025-2'), (878,172,5,'2024-2025-2'), (879,172,6,'2024-2025-2'), (880,172,7,'2024-2025-2'), (881,172,8,'2024-2025-2'), (882,172,9,'2024-2025-2'), (883,173,4,'2024-2025-2'), (884,173,5,'2024-2025-2'), (885,173,6,'2024-2025-2'), (886,173,7,'2024-2025-2'), (887,173,8,'2024-2025-2'), (888,173,9,'2024-2025-2'), (889,174,4,'2024-2025-2'), (890,174,5,'2024-2025-2'), (891,174,6,'2024-2025-2'), (892,174,7,'2024-2025-2'), (893,174,8,'2024-2025-2'), (894,174,9,'2024-2025-2'), (895,175,4,'2024-2025-2'), (896,175,5,'2024-2025-2'), (897,175,6,'2024-2025-2'), (898,175,7,'2024-2025-2'), (899,175,8,'2024-2025-2'), (900,175,9,'2024-2025-2'), (901,176,4,'2024-2025-2'), (902,176,5,'2024-2025-2'), (903,176,6,'2024-2025-2'), (904,176,7,'2024-2025-2'), (905,176,8,'2024-2025-2'), (906,176,9,'2024-2025-2'), (907,177,4,'2024-2025-2'), (908,177,5,'2024-2025-2'), (909,177,6,'2024-2025-2'), (910,177,7,'2024-2025-2'), (911,177,8,'2024-2025-2'), (912,177,9,'2024-2025-2'), (913,178,4,'2024-2025-2'), (914,178,5,'2024-2025-2'), (915,178,6,'2024-2025-2'), (916,178,7,'2024-2025-2'), (917,178,8,'2024-2025-2'), (918,178,9,'2024-2025-2'), (919,179,4,'2024-2025-2'), (920,179,5,'2024-2025-2'), (921,179,6,'2024-2025-2'), (922,179,7,'2024-2025-2'), (923,179,8,'2024-2025-2'), (924,179,9,'2024-2025-2'), (925,180,4,'2024-2025-2'), (926,180,5,'2024-2025-2'), (927,180,6,'2024-2025-2'), (928,180,7,'2024-2025-2'), (929,180,8,'2024-2025-2'), (930,180,9,'2024-2025-2'), (931,181,4,'2024-2025-2'), (932,181,5,'2024-2025-2'), (933,181,6,'2024-2025-2'), (934,181,7,'2024-2025-2'), (935,181,8,'2024-2025-2'), (936,181,9,'2024-2025-2'), (937,182,4,'2024-2025-2'), (938,182,5,'2024-2025-2'), (939,182,6,'2024-2025-2'), (940,182,7,'2024-2025-2'), (941,182,8,'2024-2025-2'), (942,182,9,'2024-2025-2'), (943,183,4,'2024-2025-2'), (944,183,5,'2024-2025-2'), (945,183,6,'2024-2025-2'), (946,183,7,'2024-2025-2'), (947,183,8,'2024-2025-2'), (948,183,9,'2024-2025-2'), (949,184,4,'2024-2025-2'), (950,184,5,'2024-2025-2'), (951,184,6,'2024-2025-2'), (952,184,7,'2024-2025-2'), (953,184,8,'2024-2025-2'), (954,184,9,'2024-2025-2'), (955,185,4,'2024-2025-2'), (956,185,5,'2024-2025-2'), (957,185,6,'2024-2025-2'), (958,185,7,'2024-2025-2'), (959,185,8,'2024-2025-2'), (960,185,9,'2024-2025-2'), (961,186,4,'2024-2025-2'), (962,186,5,'2024-2025-2'), (963,186,6,'2024-2025-2'), (964,186,7,'2024-2025-2'), (965,186,8,'2024-2025-2'), (966,186,9,'2024-2025-2'), (967,187,4,'2024-2025-2'), (968,187,5,'2024-2025-2'), (969,187,6,'2024-2025-2'), (970,187,7,'2024-2025-2'), (971,187,8,'2024-2025-2'), (972,187,9,'2024-2025-2'), (973,188,4,'2024-2025-2'), (974,188,5,'2024-2025-2'), (975,188,6,'2024-2025-2'), (976,188,7,'2024-2025-2'), (977,188,8,'2024-2025-2'), (978,188,9,'2024-2025-2'), (979,189,4,'2024-2025-2'), (980,189,5,'2024-2025-2'), (981,189,6,'2024-2025-2'), (982,189,7,'2024-2025-2'), (983,189,8,'2024-2025-2'), (984,189,9,'2024-2025-2'), (985,190,4,'2024-2025-2'), (986,190,5,'2024-2025-2'), (987,190,6,'2024-2025-2'), (988,190,7,'2024-2025-2'), (989,190,8,'2024-2025-2'), (990,190,9,'2024-2025-2'), (991,191,5,'2024-2025-2'), (992,191,6,'2024-2025-2'), (993,191,7,'2024-2025-2'), (994,191,8,'2024-2025-2'), (995,191,9,'2024-2025-2'), (996,191,10,'2024-2025-2'), (997,192,5,'2024-2025-2'), (998,192,6,'2024-2025-2'), (999,192,7,'2024-2025-2'), (1000,192,8,'2024-2025-2'), (1001,192,9,'2024-2025-2'), (1002,192,10,'2024-2025-2'), (1003,193,5,'2024-2025-2'), (1004,193,6,'2024-2025-2'), (1005,193,7,'2024-2025-2'), (1006,193,8,'2024-2025-2'), (1007,193,9,'2024-2025-2'), (1008,193,10,'2024-2025-2'), (1009,194,5,'2024-2025-2'), (1010,194,6,'2024-2025-2'), (1011,194,7,'2024-2025-2'), (1012,194,8,'2024-2025-2'), (1013,194,9,'2024-2025-2'), (1014,194,10,'2024-2025-2'), (1015,195,5,'2024-2025-2'), (1016,195,6,'2024-2025-2'), (1017,195,7,'2024-2025-2'), (1018,195,8,'2024-2025-2'), (1019,195,9,'2024-2025-2'), (1020,195,10,'2024-2025-2'), (1021,196,5,'2024-2025-2'), (1022,196,6,'2024-2025-2'), (1023,196,7,'2024-2025-2'), (1024,196,8,'2024-2025-2'), (1025,196,9,'2024-2025-2'), (1026,196,10,'2024-2025-2'), (1027,197,5,'2024-2025-2'), (1028,197,6,'2024-2025-2'), (1029,197,7,'2024-2025-2'), (1030,197,8,'2024-2025-2'), (1031,197,9,'2024-2025-2'), (1032,197,10,'2024-2025-2'), (1033,198,5,'2024-2025-2'), (1034,198,6,'2024-2025-2'), (1035,198,7,'2024-2025-2'), (1036,198,8,'2024-2025-2'), (1037,198,9,'2024-2025-2'), (1038,198,10,'2024-2025-2'), (1039,199,5,'2024-2025-2'), (1040,199,6,'2024-2025-2'), (1041,199,7,'2024-2025-2'), (1042,199,8,'2024-2025-2'), (1043,199,9,'2024-2025-2'), (1044,199,10,'2024-2025-2'), (1045,200,5,'2024-2025-2'), (1046,200,6,'2024-2025-2'), (1047,200,7,'2024-2025-2'), (1048,200,8,'2024-2025-2'), (1049,200,9,'2024-2025-2'), (1050,200,10,'2024-2025-2'), (1051,201,5,'2024-2025-2'), (1052,201,6,'2024-2025-2'), (1053,201,7,'2024-2025-2'), (1054,201,8,'2024-2025-2'), (1055,201,9,'2024-2025-2'), (1056,201,10,'2024-2025-2'), (1057,202,5,'2024-2025-2'), (1058,202,6,'2024-2025-2'), (1059,202,7,'2024-2025-2'), (1060,202,8,'2024-2025-2'), (1061,202,9,'2024-2025-2'), (1062,202,10,'2024-2025-2'), (1063,203,5,'2024-2025-2'), (1064,203,6,'2024-2025-2'), (1065,203,7,'2024-2025-2'), (1066,203,8,'2024-2025-2'), (1067,203,9,'2024-2025-2'), (1068,203,10,'2024-2025-2'), (1069,204,5,'2024-2025-2'), (1070,204,6,'2024-2025-2'), (1071,204,7,'2024-2025-2'), (1072,204,8,'2024-2025-2'), (1073,204,9,'2024-2025-2'), (1074,204,10,'2024-2025-2'), (1075,205,5,'2024-2025-2'), (1076,205,6,'2024-2025-2'), (1077,205,7,'2024-2025-2'), (1078,205,8,'2024-2025-2'), (1079,205,9,'2024-2025-2'), (1080,205,10,'2024-2025-2'), (1081,206,5,'2024-2025-2'), (1082,206,6,'2024-2025-2'), (1083,206,7,'2024-2025-2'), (1084,206,8,'2024-2025-2'), (1085,206,9,'2024-2025-2'), (1086,206,10,'2024-2025-2'), (1087,207,5,'2024-2025-2'), (1088,207,6,'2024-2025-2'), (1089,207,7,'2024-2025-2'), (1090,207,8,'2024-2025-2'), (1091,207,9,'2024-2025-2'), (1092,207,10,'2024-2025-2'), (1093,208,5,'2024-2025-2'), (1094,208,6,'2024-2025-2'), (1095,208,7,'2024-2025-2'), (1096,208,8,'2024-2025-2'), (1097,208,9,'2024-2025-2'), (1098,208,10,'2024-2025-2'), (1099,209,5,'2024-2025-2'), (1100,209,6,'2024-2025-2'), (1101,209,7,'2024-2025-2'), (1102,209,8,'2024-2025-2'), (1103,209,9,'2024-2025-2'), (1104,209,10,'2024-2025-2'), (1105,210,5,'2024-2025-2'), (1106,210,6,'2024-2025-2'), (1107,210,7,'2024-2025-2'), (1108,210,8,'2024-2025-2'), (1109,210,9,'2024-2025-2'), (1110,210,10,'2024-2025-2'), (1111,211,6,'2024-2025-2'), (1112,211,7,'2024-2025-2'), (1113,211,8,'2024-2025-2'), (1114,211,9,'2024-2025-2'), (1115,211,10,'2024-2025-2'), (1116,211,11,'2024-2025-2'), (1117,212,6,'2024-2025-2'), (1118,212,7,'2024-2025-2'), (1119,212,8,'2024-2025-2'), (1120,212,9,'2024-2025-2'), (1121,212,10,'2024-2025-2'), (1122,212,11,'2024-2025-2'), (1123,213,6,'2024-2025-2'), (1124,213,7,'2024-2025-2'), (1125,213,8,'2024-2025-2'), (1126,213,9,'2024-2025-2'), (1127,213,10,'2024-2025-2'), (1128,213,11,'2024-2025-2'), (1129,214,6,'2024-2025-2'), (1130,214,7,'2024-2025-2'), (1131,214,8,'2024-2025-2'), (1132,214,9,'2024-2025-2'), (1133,214,10,'2024-2025-2'), (1134,214,11,'2024-2025-2'), (1135,215,6,'2024-2025-2'), (1136,215,7,'2024-2025-2'), (1137,215,8,'2024-2025-2'), (1138,215,9,'2024-2025-2'), (1139,215,10,'2024-2025-2'), (1140,215,11,'2024-2025-2'), (1141,216,6,'2024-2025-2'), (1142,216,7,'2024-2025-2'), (1143,216,8,'2024-2025-2'), (1144,216,9,'2024-2025-2'), (1145,216,10,'2024-2025-2'), (1146,216,11,'2024-2025-2'), (1147,217,6,'2024-2025-2'), (1148,217,7,'2024-2025-2'), (1149,217,8,'2024-2025-2'), (1150,217,9,'2024-2025-2'), (1151,217,10,'2024-2025-2'), (1152,217,11,'2024-2025-2'), (1153,218,6,'2024-2025-2'), (1154,218,7,'2024-2025-2'), (1155,218,8,'2024-2025-2'), (1156,218,9,'2024-2025-2'), (1157,218,10,'2024-2025-2'), (1158,218,11,'2024-2025-2'), (1159,219,6,'2024-2025-2'), (1160,219,7,'2024-2025-2'), (1161,219,8,'2024-2025-2'), (1162,219,9,'2024-2025-2'), (1163,219,10,'2024-2025-2'), (1164,219,11,'2024-2025-2'), (1165,220,6,'2024-2025-2'), (1166,220,7,'2024-2025-2'), (1167,220,8,'2024-2025-2'), (1168,220,9,'2024-2025-2'), (1169,220,10,'2024-2025-2'), (1170,220,11,'2024-2025-2'), (1171,221,6,'2024-2025-2'), (1172,221,7,'2024-2025-2'), (1173,221,8,'2024-2025-2'), (1174,221,9,'2024-2025-2'), (1175,221,10,'2024-2025-2'), (1176,221,11,'2024-2025-2'), (1177,222,6,'2024-2025-2'), (1178,222,7,'2024-2025-2'), (1179,222,8,'2024-2025-2'), (1180,222,9,'2024-2025-2'), (1181,222,10,'2024-2025-2'), (1182,222,11,'2024-2025-2'), (1183,223,6,'2024-2025-2'), (1184,223,7,'2024-2025-2'), (1185,223,8,'2024-2025-2'), (1186,223,9,'2024-2025-2'), (1187,223,10,'2024-2025-2'), (1188,223,11,'2024-2025-2'), (1189,224,6,'2024-2025-2'), (1190,224,7,'2024-2025-2'), (1191,224,8,'2024-2025-2'), (1192,224,9,'2024-2025-2'), (1193,224,10,'2024-2025-2'), (1194,224,11,'2024-2025-2'), (1195,225,6,'2024-2025-2'), (1196,225,7,'2024-2025-2'), (1197,225,8,'2024-2025-2'), (1198,225,9,'2024-2025-2'), (1199,225,10,'2024-2025-2'), (1200,225,11,'2024-2025-2'), (1201,226,6,'2024-2025-2'), (1202,226,7,'2024-2025-2'), (1203,226,8,'2024-2025-2'), (1204,226,9,'2024-2025-2'), (1205,226,10,'2024-2025-2'), (1206,226,11,'2024-2025-2'), (1207,227,6,'2024-2025-2'), (1208,227,7,'2024-2025-2'), (1209,227,8,'2024-2025-2'), (1210,227,9,'2024-2025-2'), (1211,227,10,'2024-2025-2'), (1212,227,11,'2024-2025-2'), (1213,228,6,'2024-2025-2'), (1214,228,7,'2024-2025-2'), (1215,228,8,'2024-2025-2'), (1216,228,9,'2024-2025-2'), (1217,228,10,'2024-2025-2'), (1218,228,11,'2024-2025-2'), (1219,229,6,'2024-2025-2'), (1220,229,7,'2024-2025-2'), (1221,229,8,'2024-2025-2'), (1222,229,9,'2024-2025-2'), (1223,229,10,'2024-2025-2'), (1224,229,11,'2024-2025-2'), (1225,230,6,'2024-2025-2'), (1226,230,7,'2024-2025-2'), (1227,230,8,'2024-2025-2'), (1228,230,9,'2024-2025-2'), (1229,230,10,'2024-2025-2'), (1230,230,11,'2024-2025-2'), (1231,231,7,'2024-2025-2'), (1232,231,8,'2024-2025-2'), (1233,231,9,'2024-2025-2'), (1234,231,10,'2024-2025-2'), (1235,231,11,'2024-2025-2'), (1236,231,12,'2024-2025-2'), (1237,232,7,'2024-2025-2'), (1238,232,8,'2024-2025-2'), (1239,232,9,'2024-2025-2'), (1240,232,10,'2024-2025-2'), (1241,232,11,'2024-2025-2'), (1242,232,12,'2024-2025-2'), (1243,233,7,'2024-2025-2'), (1244,233,8,'2024-2025-2'), (1245,233,9,'2024-2025-2'), (1246,233,10,'2024-2025-2'), (1247,233,11,'2024-2025-2'), (1248,233,12,'2024-2025-2'), (1249,234,7,'2024-2025-2'), (1250,234,8,'2024-2025-2'), (1251,234,9,'2024-2025-2'), (1252,234,10,'2024-2025-2'), (1253,234,11,'2024-2025-2'), (1254,234,12,'2024-2025-2'), (1255,235,7,'2024-2025-2'), (1256,235,8,'2024-2025-2'), (1257,235,9,'2024-2025-2'), (1258,235,10,'2024-2025-2'), (1259,235,11,'2024-2025-2'), (1260,235,12,'2024-2025-2'), (1261,236,7,'2024-2025-2'), (1262,236,8,'2024-2025-2'), (1263,236,9,'2024-2025-2'), (1264,236,10,'2024-2025-2'), (1265,236,11,'2024-2025-2'), (1266,236,12,'2024-2025-2'), (1267,237,7,'2024-2025-2'), (1268,237,8,'2024-2025-2'), (1269,237,9,'2024-2025-2'), (1270,237,10,'2024-2025-2'), (1271,237,11,'2024-2025-2'), (1272,237,12,'2024-2025-2'), (1273,238,7,'2024-2025-2'), (1274,238,8,'2024-2025-2'), (1275,238,9,'2024-2025-2'), (1276,238,10,'2024-2025-2'), (1277,238,11,'2024-2025-2'), (1278,238,12,'2024-2025-2'), (1279,239,7,'2024-2025-2'), (1280,239,8,'2024-2025-2'), (1281,239,9,'2024-2025-2'), (1282,239,10,'2024-2025-2'), (1283,239,11,'2024-2025-2'), (1284,239,12,'2024-2025-2'), (1285,240,7,'2024-2025-2'), (1286,240,8,'2024-2025-2'), (1287,240,9,'2024-2025-2'), (1288,240,10,'2024-2025-2'), (1289,240,11,'2024-2025-2'), (1290,240,12,'2024-2025-2'), (1291,241,7,'2024-2025-2'), (1292,241,8,'2024-2025-2'), (1293,241,9,'2024-2025-2'), (1294,241,10,'2024-2025-2'), (1295,241,11,'2024-2025-2'), (1296,241,12,'2024-2025-2'), (1297,242,7,'2024-2025-2'), (1298,242,8,'2024-2025-2'), (1299,242,9,'2024-2025-2'), (1300,242,10,'2024-2025-2'), (1301,242,11,'2024-2025-2'), (1302,242,12,'2024-2025-2'), (1303,243,7,'2024-2025-2'), (1304,243,8,'2024-2025-2'), (1305,243,9,'2024-2025-2'), (1306,243,10,'2024-2025-2'), (1307,243,11,'2024-2025-2'), (1308,243,12,'2024-2025-2'), (1309,244,7,'2024-2025-2'), (1310,244,8,'2024-2025-2'), (1311,244,9,'2024-2025-2'), (1312,244,10,'2024-2025-2'), (1313,244,11,'2024-2025-2'), (1314,244,12,'2024-2025-2'), (1315,245,7,'2024-2025-2'), (1316,245,8,'2024-2025-2'), (1317,245,9,'2024-2025-2'), (1318,245,10,'2024-2025-2'), (1319,245,11,'2024-2025-2'), (1320,245,12,'2024-2025-2'), (1321,246,7,'2024-2025-2'), (1322,246,8,'2024-2025-2'), (1323,246,9,'2024-2025-2'), (1324,246,10,'2024-2025-2'), (1325,246,11,'2024-2025-2'), (1326,246,12,'2024-2025-2'), (1327,247,7,'2024-2025-2'), (1328,247,8,'2024-2025-2'), (1329,247,9,'2024-2025-2'), (1330,247,10,'2024-2025-2'), (1331,247,11,'2024-2025-2'), (1332,247,12,'2024-2025-2'), (1333,248,7,'2024-2025-2'), (1334,248,8,'2024-2025-2'), (1335,248,9,'2024-2025-2'), (1336,248,10,'2024-2025-2'), (1337,248,11,'2024-2025-2'), (1338,248,12,'2024-2025-2'), (1339,249,7,'2024-2025-2'), (1340,249,8,'2024-2025-2'), (1341,249,9,'2024-2025-2'), (1342,249,10,'2024-2025-2'), (1343,249,11,'2024-2025-2'), (1344,249,12,'2024-2025-2'), (1345,250,7,'2024-2025-2'), (1346,250,8,'2024-2025-2'), (1347,250,9,'2024-2025-2'), (1348,250,10,'2024-2025-2'), (1349,250,11,'2024-2025-2'), (1350,250,12,'2024-2025-2'), (1351,251,8,'2024-2025-2'), (1352,251,9,'2024-2025-2'), (1353,251,10,'2024-2025-2'), (1354,251,11,'2024-2025-2'), (1355,251,12,'2024-2025-2'), (1356,251,13,'2024-2025-2'), (1357,252,8,'2024-2025-2'), (1358,252,9,'2024-2025-2'), (1359,252,10,'2024-2025-2'), (1360,252,11,'2024-2025-2'), (1361,252,12,'2024-2025-2'), (1362,252,13,'2024-2025-2'), (1363,253,8,'2024-2025-2'), (1364,253,9,'2024-2025-2'), (1365,253,10,'2024-2025-2'), (1366,253,11,'2024-2025-2'), (1367,253,12,'2024-2025-2'), (1368,253,13,'2024-2025-2'), (1369,254,8,'2024-2025-2'), (1370,254,9,'2024-2025-2'), (1371,254,10,'2024-2025-2'), (1372,254,11,'2024-2025-2'), (1373,254,12,'2024-2025-2'), (1374,254,13,'2024-2025-2'), (1375,255,8,'2024-2025-2'), (1376,255,9,'2024-2025-2'), (1377,255,10,'2024-2025-2'), (1378,255,11,'2024-2025-2'), (1379,255,12,'2024-2025-2'), (1380,255,13,'2024-2025-2'), (1381,256,8,'2024-2025-2'), (1382,256,9,'2024-2025-2'), (1383,256,10,'2024-2025-2'), (1384,256,11,'2024-2025-2'), (1385,256,12,'2024-2025-2'), (1386,256,13,'2024-2025-2'), (1387,257,8,'2024-2025-2'), (1388,257,9,'2024-2025-2'), (1389,257,10,'2024-2025-2'), (1390,257,11,'2024-2025-2'), (1391,257,12,'2024-2025-2'), (1392,257,13,'2024-2025-2'), (1393,258,8,'2024-2025-2'), (1394,258,9,'2024-2025-2'), (1395,258,10,'2024-2025-2'), (1396,258,11,'2024-2025-2'), (1397,258,12,'2024-2025-2'), (1398,258,13,'2024-2025-2'), (1399,259,8,'2024-2025-2'), (1400,259,9,'2024-2025-2'), (1401,259,10,'2024-2025-2'), (1402,259,11,'2024-2025-2'), (1403,259,12,'2024-2025-2'), (1404,259,13,'2024-2025-2'), (1405,260,8,'2024-2025-2'), (1406,260,9,'2024-2025-2'), (1407,260,10,'2024-2025-2'), (1408,260,11,'2024-2025-2'), (1409,260,12,'2024-2025-2'), (1410,260,13,'2024-2025-2'), (1411,261,8,'2024-2025-2'), (1412,261,9,'2024-2025-2'), (1413,261,10,'2024-2025-2'), (1414,261,11,'2024-2025-2'), (1415,261,12,'2024-2025-2'), (1416,261,13,'2024-2025-2'), (1417,262,8,'2024-2025-2'), (1418,262,9,'2024-2025-2'), (1419,262,10,'2024-2025-2'), (1420,262,11,'2024-2025-2'), (1421,262,12,'2024-2025-2'), (1422,262,13,'2024-2025-2'), (1423,263,8,'2024-2025-2'), (1424,263,9,'2024-2025-2'), (1425,263,10,'2024-2025-2'), (1426,263,11,'2024-2025-2'), (1427,263,12,'2024-2025-2'), (1428,263,13,'2024-2025-2'), (1429,264,8,'2024-2025-2'), (1430,264,9,'2024-2025-2'), (1431,264,10,'2024-2025-2'), (1432,264,11,'2024-2025-2'), (1433,264,12,'2024-2025-2'), (1434,264,13,'2024-2025-2'), (1435,265,8,'2024-2025-2'), (1436,265,9,'2024-2025-2'), (1437,265,10,'2024-2025-2'), (1438,265,11,'2024-2025-2'), (1439,265,12,'2024-2025-2'), (1440,265,13,'2024-2025-2'), (1441,266,8,'2024-2025-2'), (1442,266,9,'2024-2025-2'), (1443,266,10,'2024-2025-2'), (1444,266,11,'2024-2025-2'), (1445,266,12,'2024-2025-2'), (1446,266,13,'2024-2025-2'), (1447,267,8,'2024-2025-2'), (1448,267,9,'2024-2025-2'), (1449,267,10,'2024-2025-2'), (1450,267,11,'2024-2025-2'), (1451,267,12,'2024-2025-2'), (1452,267,13,'2024-2025-2'), (1453,268,8,'2024-2025-2'), (1454,268,9,'2024-2025-2'), (1455,268,10,'2024-2025-2'), (1456,268,11,'2024-2025-2'), (1457,268,12,'2024-2025-2'), (1458,268,13,'2024-2025-2'), (1459,269,8,'2024-2025-2'), (1460,269,9,'2024-2025-2'), (1461,269,10,'2024-2025-2'), (1462,269,11,'2024-2025-2'), (1463,269,12,'2024-2025-2'), (1464,269,13,'2024-2025-2'), (1465,270,8,'2024-2025-2'), (1466,270,9,'2024-2025-2'), (1467,270,10,'2024-2025-2'), (1468,270,11,'2024-2025-2'), (1469,270,12,'2024-2025-2'), (1470,270,13,'2024-2025-2'), (1471,271,9,'2024-2025-2'), (1472,271,10,'2024-2025-2'), (1473,271,11,'2024-2025-2'), (1474,271,12,'2024-2025-2'), (1475,271,13,'2024-2025-2'), (1476,271,14,'2024-2025-2'), (1477,272,9,'2024-2025-2'), (1478,272,10,'2024-2025-2'), (1479,272,11,'2024-2025-2'), (1480,272,12,'2024-2025-2'), (1481,272,13,'2024-2025-2'), (1482,272,14,'2024-2025-2'), (1483,273,9,'2024-2025-2'), (1484,273,10,'2024-2025-2'), (1485,273,11,'2024-2025-2'), (1486,273,12,'2024-2025-2'), (1487,273,13,'2024-2025-2'), (1488,273,14,'2024-2025-2'), (1489,274,9,'2024-2025-2'), (1490,274,10,'2024-2025-2'), (1491,274,11,'2024-2025-2'), (1492,274,12,'2024-2025-2'), (1493,274,13,'2024-2025-2'), (1494,274,14,'2024-2025-2'), (1495,275,9,'2024-2025-2'), (1496,275,10,'2024-2025-2'), (1497,275,11,'2024-2025-2'), (1498,275,12,'2024-2025-2'), (1499,275,13,'2024-2025-2'), (1500,275,14,'2024-2025-2'), (1501,276,9,'2024-2025-2'), (1502,276,10,'2024-2025-2'), (1503,276,11,'2024-2025-2'), (1504,276,12,'2024-2025-2'), (1505,276,13,'2024-2025-2'), (1506,276,14,'2024-2025-2'), (1507,277,9,'2024-2025-2'), (1508,277,10,'2024-2025-2'), (1509,277,11,'2024-2025-2'), (1510,277,12,'2024-2025-2'), (1511,277,13,'2024-2025-2'), (1512,277,14,'2024-2025-2'), (1513,278,9,'2024-2025-2'), (1514,278,10,'2024-2025-2'), (1515,278,11,'2024-2025-2'), (1516,278,12,'2024-2025-2'), (1517,278,13,'2024-2025-2'), (1518,278,14,'2024-2025-2'), (1519,279,9,'2024-2025-2'), (1520,279,10,'2024-2025-2'), (1521,279,11,'2024-2025-2'), (1522,279,12,'2024-2025-2'), (1523,279,13,'2024-2025-2'), (1524,279,14,'2024-2025-2'), (1525,280,9,'2024-2025-2'), (1526,280,10,'2024-2025-2'), (1527,280,11,'2024-2025-2'), (1528,280,12,'2024-2025-2'), (1529,280,13,'2024-2025-2'), (1530,280,14,'2024-2025-2'), (1531,281,9,'2024-2025-2'), (1532,281,10,'2024-2025-2'), (1533,281,11,'2024-2025-2'), (1534,281,12,'2024-2025-2'), (1535,281,13,'2024-2025-2'), (1536,281,14,'2024-2025-2'), (1537,282,9,'2024-2025-2'), (1538,282,10,'2024-2025-2'), (1539,282,11,'2024-2025-2'), (1540,282,12,'2024-2025-2'), (1541,282,13,'2024-2025-2'), (1542,282,14,'2024-2025-2'), (1543,283,9,'2024-2025-2'), (1544,283,10,'2024-2025-2'), (1545,283,11,'2024-2025-2'), (1546,283,12,'2024-2025-2'), (1547,283,13,'2024-2025-2'), (1548,283,14,'2024-2025-2'), (1549,284,9,'2024-2025-2'), (1550,284,10,'2024-2025-2'), (1551,284,11,'2024-2025-2'), (1552,284,12,'2024-2025-2'), (1553,284,13,'2024-2025-2'), (1554,284,14,'2024-2025-2'), (1555,285,9,'2024-2025-2'), (1556,285,10,'2024-2025-2'), (1557,285,11,'2024-2025-2'), (1558,285,12,'2024-2025-2'), (1559,285,13,'2024-2025-2'), (1560,285,14,'2024-2025-2'), (1561,286,9,'2024-2025-2'), (1562,286,10,'2024-2025-2'), (1563,286,11,'2024-2025-2'), (1564,286,12,'2024-2025-2'), (1565,286,13,'2024-2025-2'), (1566,286,14,'2024-2025-2'), (1567,287,9,'2024-2025-2'), (1568,287,10,'2024-2025-2'), (1569,287,11,'2024-2025-2'), (1570,287,12,'2024-2025-2'), (1571,287,13,'2024-2025-2'), (1572,287,14,'2024-2025-2'), (1573,288,9,'2024-2025-2'), (1574,288,10,'2024-2025-2'), (1575,288,11,'2024-2025-2'), (1576,288,12,'2024-2025-2'), (1577,288,13,'2024-2025-2'), (1578,288,14,'2024-2025-2'), (1579,289,9,'2024-2025-2'), (1580,289,10,'2024-2025-2'), (1581,289,11,'2024-2025-2'), (1582,289,12,'2024-2025-2'), (1583,289,13,'2024-2025-2'), (1584,289,14,'2024-2025-2'), (1585,290,9,'2024-2025-2'), (1586,290,10,'2024-2025-2'), (1587,290,11,'2024-2025-2'), (1588,290,12,'2024-2025-2'), (1589,290,13,'2024-2025-2'), (1590,290,14,'2024-2025-2'), (1591,291,10,'2024-2025-2'), (1592,291,11,'2024-2025-2'), (1593,291,12,'2024-2025-2'), (1594,291,13,'2024-2025-2'), (1595,291,14,'2024-2025-2'), (1596,291,15,'2024-2025-2'), (1597,292,10,'2024-2025-2'), (1598,292,11,'2024-2025-2'), (1599,292,12,'2024-2025-2'), (1600,292,13,'2024-2025-2'), (1601,292,14,'2024-2025-2'), (1602,292,15,'2024-2025-2'), (1603,293,10,'2024-2025-2'), (1604,293,11,'2024-2025-2'), (1605,293,12,'2024-2025-2'), (1606,293,13,'2024-2025-2'), (1607,293,14,'2024-2025-2'), (1608,293,15,'2024-2025-2'), (1609,294,10,'2024-2025-2'), (1610,294,11,'2024-2025-2'), (1611,294,12,'2024-2025-2'), (1612,294,13,'2024-2025-2'), (1613,294,14,'2024-2025-2'), (1614,294,15,'2024-2025-2'), (1615,295,10,'2024-2025-2'), (1616,295,11,'2024-2025-2'), (1617,295,12,'2024-2025-2'), (1618,295,13,'2024-2025-2'), (1619,295,14,'2024-2025-2'), (1620,295,15,'2024-2025-2'), (1621,296,10,'2024-2025-2'), (1622,296,11,'2024-2025-2'), (1623,296,12,'2024-2025-2'), (1624,296,13,'2024-2025-2'), (1625,296,14,'2024-2025-2'), (1626,296,15,'2024-2025-2'), (1627,297,10,'2024-2025-2'), (1628,297,11,'2024-2025-2'), (1629,297,12,'2024-2025-2'), (1630,297,13,'2024-2025-2'), (1631,297,14,'2024-2025-2'), (1632,297,15,'2024-2025-2'), (1633,298,10,'2024-2025-2'), (1634,298,11,'2024-2025-2'), (1635,298,12,'2024-2025-2'), (1636,298,13,'2024-2025-2'), (1637,298,14,'2024-2025-2'), (1638,298,15,'2024-2025-2'), (1639,299,10,'2024-2025-2'), (1640,299,11,'2024-2025-2'), (1641,299,12,'2024-2025-2'), (1642,299,13,'2024-2025-2'), (1643,299,14,'2024-2025-2'), (1644,299,15,'2024-2025-2'), (1645,300,10,'2024-2025-2'), (1646,300,11,'2024-2025-2'), (1647,300,12,'2024-2025-2'), (1648,300,13,'2024-2025-2'), (1649,300,14,'2024-2025-2'), (1650,300,15,'2024-2025-2'), (1651,301,10,'2024-2025-2'), (1652,301,11,'2024-2025-2'), (1653,301,12,'2024-2025-2'), (1654,301,13,'2024-2025-2'), (1655,301,14,'2024-2025-2'), (1656,301,15,'2024-2025-2'), (1657,302,10,'2024-2025-2'), (1658,302,11,'2024-2025-2'), (1659,302,12,'2024-2025-2'), (1660,302,13,'2024-2025-2'), (1661,302,14,'2024-2025-2'), (1662,302,15,'2024-2025-2'), (1663,303,10,'2024-2025-2'), (1664,303,11,'2024-2025-2'), (1665,303,12,'2024-2025-2'), (1666,303,13,'2024-2025-2'), (1667,303,14,'2024-2025-2'), (1668,303,15,'2024-2025-2'), (1669,304,10,'2024-2025-2'), (1670,304,11,'2024-2025-2'), (1671,304,12,'2024-2025-2'), (1672,304,13,'2024-2025-2'), (1673,304,14,'2024-2025-2'), (1674,304,15,'2024-2025-2'), (1675,305,10,'2024-2025-2'), (1676,305,11,'2024-2025-2'), (1677,305,12,'2024-2025-2'), (1678,305,13,'2024-2025-2'), (1679,305,14,'2024-2025-2'), (1680,305,15,'2024-2025-2'), (1681,306,10,'2024-2025-2'), (1682,306,11,'2024-2025-2'), (1683,306,12,'2024-2025-2'), (1684,306,13,'2024-2025-2'), (1685,306,14,'2024-2025-2'), (1686,306,15,'2024-2025-2'), (1687,307,10,'2024-2025-2'), (1688,307,11,'2024-2025-2'), (1689,307,12,'2024-2025-2'), (1690,307,13,'2024-2025-2'), (1691,307,14,'2024-2025-2'), (1692,307,15,'2024-2025-2'), (1693,308,10,'2024-2025-2'), (1694,308,11,'2024-2025-2'), (1695,308,12,'2024-2025-2'), (1696,308,13,'2024-2025-2'), (1697,308,14,'2024-2025-2'), (1698,308,15,'2024-2025-2'), (1699,309,10,'2024-2025-2'), (1700,309,11,'2024-2025-2'), (1701,309,12,'2024-2025-2'), (1702,309,13,'2024-2025-2'), (1703,309,14,'2024-2025-2'), (1704,309,15,'2024-2025-2'), (1705,310,10,'2024-2025-2'), (1706,310,11,'2024-2025-2'), (1707,310,12,'2024-2025-2'), (1708,310,13,'2024-2025-2'), (1709,310,14,'2024-2025-2'), (1710,310,15,'2024-2025-2'), (1711,311,11,'2024-2025-2'), (1712,311,12,'2024-2025-2'), (1713,311,13,'2024-2025-2'), (1714,311,14,'2024-2025-2'), (1715,311,15,'2024-2025-2'), (1716,311,16,'2024-2025-2'), (1717,312,11,'2024-2025-2'), (1718,312,12,'2024-2025-2'), (1719,312,13,'2024-2025-2'), (1720,312,14,'2024-2025-2'), (1721,312,15,'2024-2025-2'), (1722,312,16,'2024-2025-2'), (1723,313,11,'2024-2025-2'), (1724,313,12,'2024-2025-2'), (1725,313,13,'2024-2025-2'), (1726,313,14,'2024-2025-2'), (1727,313,15,'2024-2025-2'), (1728,313,16,'2024-2025-2'), (1729,314,11,'2024-2025-2'), (1730,314,12,'2024-2025-2'), (1731,314,13,'2024-2025-2'), (1732,314,14,'2024-2025-2'), (1733,314,15,'2024-2025-2'), (1734,314,16,'2024-2025-2'), (1735,315,11,'2024-2025-2'), (1736,315,12,'2024-2025-2'), (1737,315,13,'2024-2025-2'), (1738,315,14,'2024-2025-2'), (1739,315,15,'2024-2025-2'), (1740,315,16,'2024-2025-2'), (1741,316,11,'2024-2025-2'), (1742,316,12,'2024-2025-2'), (1743,316,13,'2024-2025-2'), (1744,316,14,'2024-2025-2'), (1745,316,15,'2024-2025-2'), (1746,316,16,'2024-2025-2'), (1747,317,11,'2024-2025-2'), (1748,317,12,'2024-2025-2'), (1749,317,13,'2024-2025-2'), (1750,317,14,'2024-2025-2'), (1751,317,15,'2024-2025-2'), (1752,317,16,'2024-2025-2'), (1753,318,11,'2024-2025-2'), (1754,318,12,'2024-2025-2'), (1755,318,13,'2024-2025-2'), (1756,318,14,'2024-2025-2'), (1757,318,15,'2024-2025-2'), (1758,318,16,'2024-2025-2'), (1759,319,11,'2024-2025-2'), (1760,319,12,'2024-2025-2'), (1761,319,13,'2024-2025-2'), (1762,319,14,'2024-2025-2'), (1763,319,15,'2024-2025-2'), (1764,319,16,'2024-2025-2'), (1765,320,11,'2024-2025-2'), (1766,320,12,'2024-2025-2'), (1767,320,13,'2024-2025-2'), (1768,320,14,'2024-2025-2'), (1769,320,15,'2024-2025-2'), (1770,320,16,'2024-2025-2'), (1771,321,11,'2024-2025-2'), (1772,321,12,'2024-2025-2'), (1773,321,13,'2024-2025-2'), (1774,321,14,'2024-2025-2'), (1775,321,15,'2024-2025-2'), (1776,321,16,'2024-2025-2'), (1777,322,11,'2024-2025-2'), (1778,322,12,'2024-2025-2'), (1779,322,13,'2024-2025-2'), (1780,322,14,'2024-2025-2'), (1781,322,15,'2024-2025-2'), (1782,322,16,'2024-2025-2'), (1783,323,11,'2024-2025-2'), (1784,323,12,'2024-2025-2'), (1785,323,13,'2024-2025-2'), (1786,323,14,'2024-2025-2'), (1787,323,15,'2024-2025-2'), (1788,323,16,'2024-2025-2'), (1789,324,11,'2024-2025-2'), (1790,324,12,'2024-2025-2'), (1791,324,13,'2024-2025-2'), (1792,324,14,'2024-2025-2'), (1793,324,15,'2024-2025-2'), (1794,324,16,'2024-2025-2'), (1795,325,11,'2024-2025-2'), (1796,325,12,'2024-2025-2'), (1797,325,13,'2024-2025-2'), (1798,325,14,'2024-2025-2'), (1799,325,15,'2024-2025-2'), (1800,325,16,'2024-2025-2'), (1801,326,11,'2024-2025-2'), (1802,326,12,'2024-2025-2'), (1803,326,13,'2024-2025-2'), (1804,326,14,'2024-2025-2'), (1805,326,15,'2024-2025-2'), (1806,326,16,'2024-2025-2'), (1807,327,11,'2024-2025-2'), (1808,327,12,'2024-2025-2'), (1809,327,13,'2024-2025-2'), (1810,327,14,'2024-2025-2'), (1811,327,15,'2024-2025-2'), (1812,327,16,'2024-2025-2'), (1813,328,11,'2024-2025-2'), (1814,328,12,'2024-2025-2'), (1815,328,13,'2024-2025-2'), (1816,328,14,'2024-2025-2'), (1817,328,15,'2024-2025-2'), (1818,328,16,'2024-2025-2'), (1819,329,11,'2024-2025-2'), (1820,329,12,'2024-2025-2'), (1821,329,13,'2024-2025-2'), (1822,329,14,'2024-2025-2'), (1823,329,15,'2024-2025-2'), (1824,329,16,'2024-2025-2'), (1825,330,11,'2024-2025-2'), (1826,330,12,'2024-2025-2'), (1827,330,13,'2024-2025-2'), (1828,330,14,'2024-2025-2'), (1829,330,15,'2024-2025-2'), (1830,330,16,'2024-2025-2'), (1831,331,12,'2024-2025-2'), (1832,331,13,'2024-2025-2'), (1833,331,14,'2024-2025-2'), (1834,331,15,'2024-2025-2'), (1835,331,16,'2024-2025-2'), (1836,331,17,'2024-2025-2'), (1837,332,12,'2024-2025-2'), (1838,332,13,'2024-2025-2'), (1839,332,14,'2024-2025-2'), (1840,332,15,'2024-2025-2'), (1841,332,16,'2024-2025-2'), (1842,332,17,'2024-2025-2'), (1843,333,12,'2024-2025-2'), (1844,333,13,'2024-2025-2'), (1845,333,14,'2024-2025-2'), (1846,333,15,'2024-2025-2'), (1847,333,16,'2024-2025-2'), (1848,333,17,'2024-2025-2'), (1849,334,12,'2024-2025-2'), (1850,334,13,'2024-2025-2'), (1851,334,14,'2024-2025-2'), (1852,334,15,'2024-2025-2'), (1853,334,16,'2024-2025-2'), (1854,334,17,'2024-2025-2'), (1855,335,12,'2024-2025-2'), (1856,335,13,'2024-2025-2'), (1857,335,14,'2024-2025-2'), (1858,335,15,'2024-2025-2'), (1859,335,16,'2024-2025-2'), (1860,335,17,'2024-2025-2'), (1861,336,12,'2024-2025-2'), (1862,336,13,'2024-2025-2'), (1863,336,14,'2024-2025-2'), (1864,336,15,'2024-2025-2'), (1865,336,16,'2024-2025-2'), (1866,336,17,'2024-2025-2'), (1867,337,12,'2024-2025-2'), (1868,337,13,'2024-2025-2'), (1869,337,14,'2024-2025-2'), (1870,337,15,'2024-2025-2'), (1871,337,16,'2024-2025-2'), (1872,337,17,'2024-2025-2'), (1873,338,12,'2024-2025-2'), (1874,338,13,'2024-2025-2'), (1875,338,14,'2024-2025-2'), (1876,338,15,'2024-2025-2'), (1877,338,16,'2024-2025-2'), (1878,338,17,'2024-2025-2'), (1879,339,12,'2024-2025-2'), (1880,339,13,'2024-2025-2'), (1881,339,14,'2024-2025-2'), (1882,339,15,'2024-2025-2'), (1883,339,16,'2024-2025-2'), (1884,339,17,'2024-2025-2'), (1885,340,12,'2024-2025-2'), (1886,340,13,'2024-2025-2'), (1887,340,14,'2024-2025-2'), (1888,340,15,'2024-2025-2'), (1889,340,16,'2024-2025-2'), (1890,340,17,'2024-2025-2'), (1891,341,12,'2024-2025-2'), (1892,341,13,'2024-2025-2'), (1893,341,14,'2024-2025-2'), (1894,341,15,'2024-2025-2'), (1895,341,16,'2024-2025-2'), (1896,341,17,'2024-2025-2'), (1897,342,12,'2024-2025-2'), (1898,342,13,'2024-2025-2'), (1899,342,14,'2024-2025-2'), (1900,342,15,'2024-2025-2'), (1901,342,16,'2024-2025-2'), (1902,342,17,'2024-2025-2'), (1903,343,12,'2024-2025-2'), (1904,343,13,'2024-2025-2'), (1905,343,14,'2024-2025-2'), (1906,343,15,'2024-2025-2'), (1907,343,16,'2024-2025-2'), (1908,343,17,'2024-2025-2'), (1909,344,12,'2024-2025-2'), (1910,344,13,'2024-2025-2'), (1911,344,14,'2024-2025-2'), (1912,344,15,'2024-2025-2'), (1913,344,16,'2024-2025-2'), (1914,344,17,'2024-2025-2'), (1915,345,12,'2024-2025-2'), (1916,345,13,'2024-2025-2'), (1917,345,14,'2024-2025-2'), (1918,345,15,'2024-2025-2'), (1919,345,16,'2024-2025-2'), (1920,345,17,'2024-2025-2'), (1921,346,12,'2024-2025-2'), (1922,346,13,'2024-2025-2'), (1923,346,14,'2024-2025-2'), (1924,346,15,'2024-2025-2'), (1925,346,16,'2024-2025-2'), (1926,346,17,'2024-2025-2'), (1927,347,12,'2024-2025-2'), (1928,347,13,'2024-2025-2'), (1929,347,14,'2024-2025-2'), (1930,347,15,'2024-2025-2'), (1931,347,16,'2024-2025-2'), (1932,347,17,'2024-2025-2'), (1933,348,12,'2024-2025-2'), (1934,348,13,'2024-2025-2'), (1935,348,14,'2024-2025-2'), (1936,348,15,'2024-2025-2'), (1937,348,16,'2024-2025-2'), (1938,348,17,'2024-2025-2'), (1939,349,12,'2024-2025-2'), (1940,349,13,'2024-2025-2'), (1941,349,14,'2024-2025-2'), (1942,349,15,'2024-2025-2'), (1943,349,16,'2024-2025-2'), (1944,349,17,'2024-2025-2'), (1945,350,12,'2024-2025-2'), (1946,350,13,'2024-2025-2'), (1947,350,14,'2024-2025-2'), (1948,350,15,'2024-2025-2'), (1949,350,16,'2024-2025-2'), (1950,350,17,'2024-2025-2'), (1951,351,13,'2024-2025-2'), (1952,351,14,'2024-2025-2'), (1953,351,15,'2024-2025-2'), (1954,351,16,'2024-2025-2'), (1955,351,17,'2024-2025-2'), (1956,351,18,'2024-2025-2'), (1957,352,13,'2024-2025-2'), (1958,352,14,'2024-2025-2'), (1959,352,15,'2024-2025-2'), (1960,352,16,'2024-2025-2'), (1961,352,17,'2024-2025-2'), (1962,352,18,'2024-2025-2'), (1963,353,13,'2024-2025-2'), (1964,353,14,'2024-2025-2'), (1965,353,15,'2024-2025-2'), (1966,353,16,'2024-2025-2'), (1967,353,17,'2024-2025-2'), (1968,353,18,'2024-2025-2'), (1969,354,13,'2024-2025-2'), (1970,354,14,'2024-2025-2'), (1971,354,15,'2024-2025-2'), (1972,354,16,'2024-2025-2'), (1973,354,17,'2024-2025-2'), (1974,354,18,'2024-2025-2'), (1975,355,13,'2024-2025-2'), (1976,355,14,'2024-2025-2'), (1977,355,15,'2024-2025-2'), (1978,355,16,'2024-2025-2'), (1979,355,17,'2024-2025-2'), (1980,355,18,'2024-2025-2'), (1981,356,13,'2024-2025-2'), (1982,356,14,'2024-2025-2'), (1983,356,15,'2024-2025-2'), (1984,356,16,'2024-2025-2'), (1985,356,17,'2024-2025-2'), (1986,356,18,'2024-2025-2'), (1987,357,13,'2024-2025-2'), (1988,357,14,'2024-2025-2'), (1989,357,15,'2024-2025-2'), (1990,357,16,'2024-2025-2'), (1991,357,17,'2024-2025-2'), (1992,357,18,'2024-2025-2'), (1993,358,13,'2024-2025-2'), (1994,358,14,'2024-2025-2'), (1995,358,15,'2024-2025-2'), (1996,358,16,'2024-2025-2'), (1997,358,17,'2024-2025-2'), (1998,358,18,'2024-2025-2'), (1999,359,13,'2024-2025-2'), (2000,359,14,'2024-2025-2'), (2001,359,15,'2024-2025-2'), (2002,359,16,'2024-2025-2'), (2003,359,17,'2024-2025-2'), (2004,359,18,'2024-2025-2'), (2005,360,13,'2024-2025-2'), (2006,360,14,'2024-2025-2'), (2007,360,15,'2024-2025-2'), (2008,360,16,'2024-2025-2'), (2009,360,17,'2024-2025-2'), (2010,360,18,'2024-2025-2'), (2011,361,13,'2024-2025-2'), (2012,361,14,'2024-2025-2'), (2013,361,15,'2024-2025-2'), (2014,361,16,'2024-2025-2'), (2015,361,17,'2024-2025-2'), (2016,361,18,'2024-2025-2'), (2017,362,13,'2024-2025-2'), (2018,362,14,'2024-2025-2'), (2019,362,15,'2024-2025-2'), (2020,362,16,'2024-2025-2'), (2021,362,17,'2024-2025-2'), (2022,362,18,'2024-2025-2'), (2023,363,13,'2024-2025-2'), (2024,363,14,'2024-2025-2'), (2025,363,15,'2024-2025-2'), (2026,363,16,'2024-2025-2'), (2027,363,17,'2024-2025-2'), (2028,363,18,'2024-2025-2'), (2029,364,13,'2024-2025-2'), (2030,364,14,'2024-2025-2'), (2031,364,15,'2024-2025-2'), (2032,364,16,'2024-2025-2'), (2033,364,17,'2024-2025-2'), (2034,364,18,'2024-2025-2'), (2035,365,13,'2024-2025-2'), (2036,365,14,'2024-2025-2'), (2037,365,15,'2024-2025-2'), (2038,365,16,'2024-2025-2'), (2039,365,17,'2024-2025-2'), (2040,365,18,'2024-2025-2'), (2041,366,13,'2024-2025-2'), (2042,366,14,'2024-2025-2'), (2043,366,15,'2024-2025-2'), (2044,366,16,'2024-2025-2'), (2045,366,17,'2024-2025-2'), (2046,366,18,'2024-2025-2'), (2047,367,13,'2024-2025-2'), (2048,367,14,'2024-2025-2'), (2049,367,15,'2024-2025-2'), (2050,367,16,'2024-2025-2'), (2051,367,17,'2024-2025-2'), (2052,367,18,'2024-2025-2'), (2053,368,13,'2024-2025-2'), (2054,368,14,'2024-2025-2'), (2055,368,15,'2024-2025-2'), (2056,368,16,'2024-2025-2'), (2057,368,17,'2024-2025-2'), (2058,368,18,'2024-2025-2'), (2059,369,13,'2024-2025-2'), (2060,369,14,'2024-2025-2'), (2061,369,15,'2024-2025-2'), (2062,369,16,'2024-2025-2'), (2063,369,17,'2024-2025-2'), (2064,369,18,'2024-2025-2'), (2065,370,13,'2024-2025-2'), (2066,370,14,'2024-2025-2'), (2067,370,15,'2024-2025-2'), (2068,370,16,'2024-2025-2'), (2069,370,17,'2024-2025-2'), (2070,370,18,'2024-2025-2'), (2071,371,14,'2024-2025-2'), (2072,371,15,'2024-2025-2'), (2073,371,16,'2024-2025-2'), (2074,371,17,'2024-2025-2'), (2075,371,18,'2024-2025-2'), (2076,371,19,'2024-2025-2'), (2077,372,14,'2024-2025-2'), (2078,372,15,'2024-2025-2'), (2079,372,16,'2024-2025-2'), (2080,372,17,'2024-2025-2'), (2081,372,18,'2024-2025-2'), (2082,372,19,'2024-2025-2'), (2083,373,14,'2024-2025-2'), (2084,373,15,'2024-2025-2'), (2085,373,16,'2024-2025-2'), (2086,373,17,'2024-2025-2'), (2087,373,18,'2024-2025-2'), (2088,373,19,'2024-2025-2'), (2089,374,14,'2024-2025-2'), (2090,374,15,'2024-2025-2'), (2091,374,16,'2024-2025-2'), (2092,374,17,'2024-2025-2'), (2093,374,18,'2024-2025-2'), (2094,374,19,'2024-2025-2'), (2095,375,14,'2024-2025-2'), (2096,375,15,'2024-2025-2'), (2097,375,16,'2024-2025-2'), (2098,375,17,'2024-2025-2'), (2099,375,18,'2024-2025-2'), (2100,375,19,'2024-2025-2'), (2101,376,14,'2024-2025-2'), (2102,376,15,'2024-2025-2'), (2103,376,16,'2024-2025-2'), (2104,376,17,'2024-2025-2'), (2105,376,18,'2024-2025-2'), (2106,376,19,'2024-2025-2'), (2107,377,14,'2024-2025-2'), (2108,377,15,'2024-2025-2'), (2109,377,16,'2024-2025-2'), (2110,377,17,'2024-2025-2'), (2111,377,18,'2024-2025-2'), (2112,377,19,'2024-2025-2'), (2113,378,14,'2024-2025-2'), (2114,378,15,'2024-2025-2'), (2115,378,16,'2024-2025-2'), (2116,378,17,'2024-2025-2'), (2117,378,18,'2024-2025-2'), (2118,378,19,'2024-2025-2'), (2119,379,14,'2024-2025-2'), (2120,379,15,'2024-2025-2'), (2121,379,16,'2024-2025-2'), (2122,379,17,'2024-2025-2'), (2123,379,18,'2024-2025-2'), (2124,379,19,'2024-2025-2'), (2125,380,14,'2024-2025-2'), (2126,380,15,'2024-2025-2'), (2127,380,16,'2024-2025-2'), (2128,380,17,'2024-2025-2'), (2129,380,18,'2024-2025-2'), (2130,380,19,'2024-2025-2'), (2131,381,14,'2024-2025-2'), (2132,381,15,'2024-2025-2'), (2133,381,16,'2024-2025-2'), (2134,381,17,'2024-2025-2'), (2135,381,18,'2024-2025-2'), (2136,381,19,'2024-2025-2'), (2137,382,14,'2024-2025-2'), (2138,382,15,'2024-2025-2'), (2139,382,16,'2024-2025-2'), (2140,382,17,'2024-2025-2'), (2141,382,18,'2024-2025-2'), (2142,382,19,'2024-2025-2'), (2143,383,14,'2024-2025-2'), (2144,383,15,'2024-2025-2'), (2145,383,16,'2024-2025-2'), (2146,383,17,'2024-2025-2'), (2147,383,18,'2024-2025-2'), (2148,383,19,'2024-2025-2'), (2149,384,14,'2024-2025-2'), (2150,384,15,'2024-2025-2'), (2151,384,16,'2024-2025-2'), (2152,384,17,'2024-2025-2'), (2153,384,18,'2024-2025-2'), (2154,384,19,'2024-2025-2'), (2155,385,14,'2024-2025-2'), (2156,385,15,'2024-2025-2'), (2157,385,16,'2024-2025-2'), (2158,385,17,'2024-2025-2'), (2159,385,18,'2024-2025-2'), (2160,385,19,'2024-2025-2'), (2161,386,14,'2024-2025-2'), (2162,386,15,'2024-2025-2'), (2163,386,16,'2024-2025-2'), (2164,386,17,'2024-2025-2'), (2165,386,18,'2024-2025-2'), (2166,386,19,'2024-2025-2'), (2167,387,14,'2024-2025-2'), (2168,387,15,'2024-2025-2'), (2169,387,16,'2024-2025-2'), (2170,387,17,'2024-2025-2'), (2171,387,18,'2024-2025-2'), (2172,387,19,'2024-2025-2'), (2173,388,14,'2024-2025-2'), (2174,388,15,'2024-2025-2'), (2175,388,16,'2024-2025-2'), (2176,388,17,'2024-2025-2'), (2177,388,18,'2024-2025-2'), (2178,388,19,'2024-2025-2'), (2179,389,14,'2024-2025-2'), (2180,389,15,'2024-2025-2'), (2181,389,16,'2024-2025-2'), (2182,389,17,'2024-2025-2'), (2183,389,18,'2024-2025-2'), (2184,389,19,'2024-2025-2'), (2185,390,14,'2024-2025-2'), (2186,390,15,'2024-2025-2'), (2187,390,16,'2024-2025-2'), (2188,390,17,'2024-2025-2'), (2189,390,18,'2024-2025-2'), (2190,390,19,'2024-2025-2'), (2191,391,15,'2024-2025-2'), (2192,391,16,'2024-2025-2'), (2193,391,17,'2024-2025-2'), (2194,391,18,'2024-2025-2'), (2195,391,19,'2024-2025-2'), (2196,391,20,'2024-2025-2'), (2197,392,15,'2024-2025-2'), (2198,392,16,'2024-2025-2'), (2199,392,17,'2024-2025-2'), (2200,392,18,'2024-2025-2'), (2201,392,19,'2024-2025-2'), (2202,392,20,'2024-2025-2'), (2203,393,15,'2024-2025-2'), (2204,393,16,'2024-2025-2'), (2205,393,17,'2024-2025-2'), (2206,393,18,'2024-2025-2'), (2207,393,19,'2024-2025-2'), (2208,393,20,'2024-2025-2'), (2209,394,15,'2024-2025-2'), (2210,394,16,'2024-2025-2'), (2211,394,17,'2024-2025-2'), (2212,394,18,'2024-2025-2'), (2213,394,19,'2024-2025-2'), (2214,394,20,'2024-2025-2'), (2215,395,15,'2024-2025-2'), (2216,395,16,'2024-2025-2'), (2217,395,17,'2024-2025-2'), (2218,395,18,'2024-2025-2'), (2219,395,19,'2024-2025-2'), (2220,395,20,'2024-2025-2'), (2221,396,15,'2024-2025-2'), (2222,396,16,'2024-2025-2'), (2223,396,17,'2024-2025-2'), (2224,396,18,'2024-2025-2'), (2225,396,19,'2024-2025-2'), (2226,396,20,'2024-2025-2'), (2227,397,15,'2024-2025-2'), (2228,397,16,'2024-2025-2'), (2229,397,17,'2024-2025-2'), (2230,397,18,'2024-2025-2'), (2231,397,19,'2024-2025-2'), (2232,397,20,'2024-2025-2'), (2233,398,15,'2024-2025-2'), (2234,398,16,'2024-2025-2'), (2235,398,17,'2024-2025-2'), (2236,398,18,'2024-2025-2'), (2237,398,19,'2024-2025-2'), (2238,398,20,'2024-2025-2'), (2239,399,15,'2024-2025-2'), (2240,399,16,'2024-2025-2'), (2241,399,17,'2024-2025-2'), (2242,399,18,'2024-2025-2'), (2243,399,19,'2024-2025-2'), (2244,399,20,'2024-2025-2'), (2245,400,15,'2024-2025-2'), (2246,400,16,'2024-2025-2'), (2247,400,17,'2024-2025-2'), (2248,400,18,'2024-2025-2'), (2249,400,19,'2024-2025-2'), (2250,400,20,'2024-2025-2'), (2251,401,15,'2024-2025-2'), (2252,401,16,'2024-2025-2'), (2253,401,17,'2024-2025-2'), (2254,401,18,'2024-2025-2'), (2255,401,19,'2024-2025-2'), (2256,401,20,'2024-2025-2'), (2257,402,15,'2024-2025-2'), (2258,402,16,'2024-2025-2'), (2259,402,17,'2024-2025-2'), (2260,402,18,'2024-2025-2'), (2261,402,19,'2024-2025-2'), (2262,402,20,'2024-2025-2'), (2263,403,15,'2024-2025-2'), (2264,403,16,'2024-2025-2'), (2265,403,17,'2024-2025-2'), (2266,403,18,'2024-2025-2'), (2267,403,19,'2024-2025-2'), (2268,403,20,'2024-2025-2'), (2269,404,15,'2024-2025-2'), (2270,404,16,'2024-2025-2'), (2271,404,17,'2024-2025-2'), (2272,404,18,'2024-2025-2'), (2273,404,19,'2024-2025-2'), (2274,404,20,'2024-2025-2'), (2275,405,15,'2024-2025-2'), (2276,405,16,'2024-2025-2'), (2277,405,17,'2024-2025-2'), (2278,405,18,'2024-2025-2'), (2279,405,19,'2024-2025-2'), (2280,405,20,'2024-2025-2'), (2281,406,15,'2024-2025-2'), (2282,406,16,'2024-2025-2'), (2283,406,17,'2024-2025-2'), (2284,406,18,'2024-2025-2'), (2285,406,19,'2024-2025-2'), (2286,406,20,'2024-2025-2'), (2287,407,15,'2024-2025-2'), (2288,407,16,'2024-2025-2'), (2289,407,17,'2024-2025-2'), (2290,407,18,'2024-2025-2'), (2291,407,19,'2024-2025-2'), (2292,407,20,'2024-2025-2'), (2293,408,15,'2024-2025-2'), (2294,408,16,'2024-2025-2'), (2295,408,17,'2024-2025-2'), (2296,408,18,'2024-2025-2'), (2297,408,19,'2024-2025-2'), (2298,408,20,'2024-2025-2'), (2299,409,15,'2024-2025-2'), (2300,409,16,'2024-2025-2'), (2301,409,17,'2024-2025-2'), (2302,409,18,'2024-2025-2'), (2303,409,19,'2024-2025-2'), (2304,409,20,'2024-2025-2'), (2305,410,15,'2024-2025-2'), (2306,410,16,'2024-2025-2'), (2307,410,17,'2024-2025-2'), (2308,410,18,'2024-2025-2'), (2309,410,19,'2024-2025-2'), (2310,410,20,'2024-2025-2'), (2311,411,16,'2024-2025-2'), (2312,411,17,'2024-2025-2'), (2313,411,18,'2024-2025-2'), (2314,411,19,'2024-2025-2'), (2315,411,20,'2024-2025-2'), (2316,411,21,'2024-2025-2'), (2317,412,16,'2024-2025-2'), (2318,412,17,'2024-2025-2'), (2319,412,18,'2024-2025-2'), (2320,412,19,'2024-2025-2'), (2321,412,20,'2024-2025-2'), (2322,412,21,'2024-2025-2'), (2323,413,16,'2024-2025-2'), (2324,413,17,'2024-2025-2'), (2325,413,18,'2024-2025-2'), (2326,413,19,'2024-2025-2'), (2327,413,20,'2024-2025-2'), (2328,413,21,'2024-2025-2'), (2329,414,16,'2024-2025-2'), (2330,414,17,'2024-2025-2'), (2331,414,18,'2024-2025-2'), (2332,414,19,'2024-2025-2'), (2333,414,20,'2024-2025-2'), (2334,414,21,'2024-2025-2'), (2335,415,16,'2024-2025-2'), (2336,415,17,'2024-2025-2'), (2337,415,18,'2024-2025-2'), (2338,415,19,'2024-2025-2'), (2339,415,20,'2024-2025-2'), (2340,415,21,'2024-2025-2'), (2341,416,16,'2024-2025-2'), (2342,416,17,'2024-2025-2'), (2343,416,18,'2024-2025-2'), (2344,416,19,'2024-2025-2'), (2345,416,20,'2024-2025-2'), (2346,416,21,'2024-2025-2'), (2347,417,16,'2024-2025-2'), (2348,417,17,'2024-2025-2'), (2349,417,18,'2024-2025-2'), (2350,417,19,'2024-2025-2'), (2351,417,20,'2024-2025-2'), (2352,417,21,'2024-2025-2'), (2353,418,16,'2024-2025-2'), (2354,418,17,'2024-2025-2'), (2355,418,18,'2024-2025-2'), (2356,418,19,'2024-2025-2'), (2357,418,20,'2024-2025-2'), (2358,418,21,'2024-2025-2'), (2359,419,16,'2024-2025-2'), (2360,419,17,'2024-2025-2'), (2361,419,18,'2024-2025-2'), (2362,419,19,'2024-2025-2'), (2363,419,20,'2024-2025-2'), (2364,419,21,'2024-2025-2'), (2365,420,16,'2024-2025-2'), (2366,420,17,'2024-2025-2'), (2367,420,18,'2024-2025-2'), (2368,420,19,'2024-2025-2'), (2369,420,20,'2024-2025-2'), (2370,420,21,'2024-2025-2'), (2371,421,16,'2024-2025-2'), (2372,421,17,'2024-2025-2'), (2373,421,18,'2024-2025-2'), (2374,421,19,'2024-2025-2'), (2375,421,20,'2024-2025-2'), (2376,421,21,'2024-2025-2'), (2377,422,16,'2024-2025-2'), (2378,422,17,'2024-2025-2'), (2379,422,18,'2024-2025-2'), (2380,422,19,'2024-2025-2'), (2381,422,20,'2024-2025-2'), (2382,422,21,'2024-2025-2'), (2383,423,16,'2024-2025-2'), (2384,423,17,'2024-2025-2'), (2385,423,18,'2024-2025-2'), (2386,423,19,'2024-2025-2'), (2387,423,20,'2024-2025-2'), (2388,423,21,'2024-2025-2'), (2389,424,16,'2024-2025-2'), (2390,424,17,'2024-2025-2'), (2391,424,18,'2024-2025-2'), (2392,424,19,'2024-2025-2'), (2393,424,20,'2024-2025-2'), (2394,424,21,'2024-2025-2'), (2395,425,16,'2024-2025-2'), (2396,425,17,'2024-2025-2'), (2397,425,18,'2024-2025-2'), (2398,425,19,'2024-2025-2'), (2399,425,20,'2024-2025-2'), (2400,425,21,'2024-2025-2'), (2401,426,16,'2024-2025-2'), (2402,426,17,'2024-2025-2'), (2403,426,18,'2024-2025-2'), (2404,426,19,'2024-2025-2'), (2405,426,20,'2024-2025-2'), (2406,426,21,'2024-2025-2'), (2407,427,16,'2024-2025-2'), (2408,427,17,'2024-2025-2'), (2409,427,18,'2024-2025-2'), (2410,427,19,'2024-2025-2'), (2411,427,20,'2024-2025-2'), (2412,427,21,'2024-2025-2'), (2413,428,16,'2024-2025-2'), (2414,428,17,'2024-2025-2'), (2415,428,18,'2024-2025-2'), (2416,428,19,'2024-2025-2'), (2417,428,20,'2024-2025-2'), (2418,428,21,'2024-2025-2'), (2419,429,16,'2024-2025-2'), (2420,429,17,'2024-2025-2'), (2421,429,18,'2024-2025-2'), (2422,429,19,'2024-2025-2'), (2423,429,20,'2024-2025-2'), (2424,429,21,'2024-2025-2'), (2425,430,16,'2024-2025-2'), (2426,430,17,'2024-2025-2'), (2427,430,18,'2024-2025-2'), (2428,430,19,'2024-2025-2'), (2429,430,20,'2024-2025-2'), (2430,430,21,'2024-2025-2'), (2431,431,17,'2024-2025-2'), (2432,431,18,'2024-2025-2'), (2433,431,19,'2024-2025-2'), (2434,431,20,'2024-2025-2'), (2435,431,21,'2024-2025-2'), (2436,431,22,'2024-2025-2'), (2437,432,17,'2024-2025-2'), (2438,432,18,'2024-2025-2'), (2439,432,19,'2024-2025-2'), (2440,432,20,'2024-2025-2'), (2441,432,21,'2024-2025-2'), (2442,432,22,'2024-2025-2'), (2443,433,17,'2024-2025-2'), (2444,433,18,'2024-2025-2'), (2445,433,19,'2024-2025-2'), (2446,433,20,'2024-2025-2'), (2447,433,21,'2024-2025-2'), (2448,433,22,'2024-2025-2'), (2449,434,17,'2024-2025-2'), (2450,434,18,'2024-2025-2'), (2451,434,19,'2024-2025-2'), (2452,434,20,'2024-2025-2'), (2453,434,21,'2024-2025-2'), (2454,434,22,'2024-2025-2'), (2455,435,17,'2024-2025-2'), (2456,435,18,'2024-2025-2'), (2457,435,19,'2024-2025-2'), (2458,435,20,'2024-2025-2'), (2459,435,21,'2024-2025-2'), (2460,435,22,'2024-2025-2'), (2461,436,17,'2024-2025-2'), (2462,436,18,'2024-2025-2'), (2463,436,19,'2024-2025-2'), (2464,436,20,'2024-2025-2'), (2465,436,21,'2024-2025-2'), (2466,436,22,'2024-2025-2'), (2467,437,17,'2024-2025-2'), (2468,437,18,'2024-2025-2'), (2469,437,19,'2024-2025-2'), (2470,437,20,'2024-2025-2'), (2471,437,21,'2024-2025-2'), (2472,437,22,'2024-2025-2'), (2473,438,17,'2024-2025-2'), (2474,438,18,'2024-2025-2'), (2475,438,19,'2024-2025-2'), (2476,438,20,'2024-2025-2'), (2477,438,21,'2024-2025-2'), (2478,438,22,'2024-2025-2'), (2479,439,17,'2024-2025-2'), (2480,439,18,'2024-2025-2'), (2481,439,19,'2024-2025-2'), (2482,439,20,'2024-2025-2'), (2483,439,21,'2024-2025-2'), (2484,439,22,'2024-2025-2'), (2485,440,17,'2024-2025-2'), (2486,440,18,'2024-2025-2'), (2487,440,19,'2024-2025-2'), (2488,440,20,'2024-2025-2'), (2489,440,21,'2024-2025-2'), (2490,440,22,'2024-2025-2'), (2491,441,17,'2024-2025-2'), (2492,441,18,'2024-2025-2'), (2493,441,19,'2024-2025-2'), (2494,441,20,'2024-2025-2'), (2495,441,21,'2024-2025-2'), (2496,441,22,'2024-2025-2'), (2497,442,17,'2024-2025-2'), (2498,442,18,'2024-2025-2'), (2499,442,19,'2024-2025-2'), (2500,442,20,'2024-2025-2'), (2501,442,21,'2024-2025-2'), (2502,442,22,'2024-2025-2'), (2503,443,17,'2024-2025-2'), (2504,443,18,'2024-2025-2'), (2505,443,19,'2024-2025-2'), (2506,443,20,'2024-2025-2'), (2507,443,21,'2024-2025-2'), (2508,443,22,'2024-2025-2'), (2509,444,17,'2024-2025-2'), (2510,444,18,'2024-2025-2'), (2511,444,19,'2024-2025-2'), (2512,444,20,'2024-2025-2'), (2513,444,21,'2024-2025-2'), (2514,444,22,'2024-2025-2'), (2515,445,17,'2024-2025-2'), (2516,445,18,'2024-2025-2'), (2517,445,19,'2024-2025-2'), (2518,445,20,'2024-2025-2'), (2519,445,21,'2024-2025-2'), (2520,445,22,'2024-2025-2'), (2521,446,17,'2024-2025-2'), (2522,446,18,'2024-2025-2'), (2523,446,19,'2024-2025-2'), (2524,446,20,'2024-2025-2'), (2525,446,21,'2024-2025-2'), (2526,446,22,'2024-2025-2'), (2527,447,17,'2024-2025-2'), (2528,447,18,'2024-2025-2'), (2529,447,19,'2024-2025-2'), (2530,447,20,'2024-2025-2'), (2531,447,21,'2024-2025-2'), (2532,447,22,'2024-2025-2'), (2533,448,17,'2024-2025-2'), (2534,448,18,'2024-2025-2'), (2535,448,19,'2024-2025-2'), (2536,448,20,'2024-2025-2'), (2537,448,21,'2024-2025-2'), (2538,448,22,'2024-2025-2'), (2539,449,17,'2024-2025-2'), (2540,449,18,'2024-2025-2'), (2541,449,19,'2024-2025-2'), (2542,449,20,'2024-2025-2'), (2543,449,21,'2024-2025-2'), (2544,449,22,'2024-2025-2'), (2545,450,17,'2024-2025-2'), (2546,450,18,'2024-2025-2'), (2547,450,19,'2024-2025-2'), (2548,450,20,'2024-2025-2'), (2549,450,21,'2024-2025-2'), (2550,450,22,'2024-2025-2'), (2551,451,18,'2024-2025-2'), (2552,451,19,'2024-2025-2'), (2553,451,20,'2024-2025-2'), (2554,451,21,'2024-2025-2'), (2555,451,22,'2024-2025-2'), (2556,451,23,'2024-2025-2'), (2557,452,18,'2024-2025-2'), (2558,452,19,'2024-2025-2'), (2559,452,20,'2024-2025-2'), (2560,452,21,'2024-2025-2'), (2561,452,22,'2024-2025-2'), (2562,452,23,'2024-2025-2'), (2563,453,18,'2024-2025-2'), (2564,453,19,'2024-2025-2'), (2565,453,20,'2024-2025-2'), (2566,453,21,'2024-2025-2'), (2567,453,22,'2024-2025-2'), (2568,453,23,'2024-2025-2'), (2569,454,18,'2024-2025-2'), (2570,454,19,'2024-2025-2'), (2571,454,20,'2024-2025-2'), (2572,454,21,'2024-2025-2'), (2573,454,22,'2024-2025-2'), (2574,454,23,'2024-2025-2'), (2575,455,18,'2024-2025-2'), (2576,455,19,'2024-2025-2'), (2577,455,20,'2024-2025-2'), (2578,455,21,'2024-2025-2'), (2579,455,22,'2024-2025-2'), (2580,455,23,'2024-2025-2'), (2581,456,18,'2024-2025-2'), (2582,456,19,'2024-2025-2'), (2583,456,20,'2024-2025-2'), (2584,456,21,'2024-2025-2'), (2585,456,22,'2024-2025-2'), (2586,456,23,'2024-2025-2'), (2587,457,18,'2024-2025-2'), (2588,457,19,'2024-2025-2'), (2589,457,20,'2024-2025-2'), (2590,457,21,'2024-2025-2'), (2591,457,22,'2024-2025-2'), (2592,457,23,'2024-2025-2'), (2593,458,18,'2024-2025-2'), (2594,458,19,'2024-2025-2'), (2595,458,20,'2024-2025-2'), (2596,458,21,'2024-2025-2'), (2597,458,22,'2024-2025-2'), (2598,458,23,'2024-2025-2'), (2599,459,18,'2024-2025-2'), (2600,459,19,'2024-2025-2'), (2601,459,20,'2024-2025-2'), (2602,459,21,'2024-2025-2'), (2603,459,22,'2024-2025-2'), (2604,459,23,'2024-2025-2'), (2605,460,18,'2024-2025-2'), (2606,460,19,'2024-2025-2'), (2607,460,20,'2024-2025-2'), (2608,460,21,'2024-2025-2'), (2609,460,22,'2024-2025-2'), (2610,460,23,'2024-2025-2'), (2611,461,18,'2024-2025-2'), (2612,461,19,'2024-2025-2'), (2613,461,20,'2024-2025-2'), (2614,461,21,'2024-2025-2'), (2615,461,22,'2024-2025-2'), (2616,461,23,'2024-2025-2'), (2617,462,18,'2024-2025-2'), (2618,462,19,'2024-2025-2'), (2619,462,20,'2024-2025-2'), (2620,462,21,'2024-2025-2'), (2621,462,22,'2024-2025-2'), (2622,462,23,'2024-2025-2'), (2623,463,18,'2024-2025-2'), (2624,463,19,'2024-2025-2'), (2625,463,20,'2024-2025-2'), (2626,463,21,'2024-2025-2'), (2627,463,22,'2024-2025-2'), (2628,463,23,'2024-2025-2'), (2629,464,18,'2024-2025-2'), (2630,464,19,'2024-2025-2'), (2631,464,20,'2024-2025-2'), (2632,464,21,'2024-2025-2'), (2633,464,22,'2024-2025-2'), (2634,464,23,'2024-2025-2'), (2635,465,18,'2024-2025-2'), (2636,465,19,'2024-2025-2'), (2637,465,20,'2024-2025-2'), (2638,465,21,'2024-2025-2'), (2639,465,22,'2024-2025-2'), (2640,465,23,'2024-2025-2'), (2641,466,18,'2024-2025-2'), (2642,466,19,'2024-2025-2'), (2643,466,20,'2024-2025-2'), (2644,466,21,'2024-2025-2'), (2645,466,22,'2024-2025-2'), (2646,466,23,'2024-2025-2'), (2647,467,18,'2024-2025-2'), (2648,467,19,'2024-2025-2'), (2649,467,20,'2024-2025-2'), (2650,467,21,'2024-2025-2'), (2651,467,22,'2024-2025-2'), (2652,467,23,'2024-2025-2'), (2653,468,18,'2024-2025-2'), (2654,468,19,'2024-2025-2'), (2655,468,20,'2024-2025-2'), (2656,468,21,'2024-2025-2'), (2657,468,22,'2024-2025-2'), (2658,468,23,'2024-2025-2'), (2659,469,18,'2024-2025-2'), (2660,469,19,'2024-2025-2'), (2661,469,20,'2024-2025-2'), (2662,469,21,'2024-2025-2'), (2663,469,22,'2024-2025-2'), (2664,469,23,'2024-2025-2'), (2665,470,18,'2024-2025-2'), (2666,470,19,'2024-2025-2'), (2667,470,20,'2024-2025-2'), (2668,470,21,'2024-2025-2'), (2669,470,22,'2024-2025-2'), (2670,470,23,'2024-2025-2'), (2671,471,19,'2024-2025-2'), (2672,471,20,'2024-2025-2'), (2673,471,21,'2024-2025-2'), (2674,471,22,'2024-2025-2'), (2675,471,23,'2024-2025-2'), (2676,471,24,'2024-2025-2'), (2677,472,19,'2024-2025-2'), (2678,472,20,'2024-2025-2'), (2679,472,21,'2024-2025-2'), (2680,472,22,'2024-2025-2'), (2681,472,23,'2024-2025-2'), (2682,472,24,'2024-2025-2'), (2683,473,19,'2024-2025-2'), (2684,473,20,'2024-2025-2'), (2685,473,21,'2024-2025-2'), (2686,473,22,'2024-2025-2'), (2687,473,23,'2024-2025-2'), (2688,473,24,'2024-2025-2'), (2689,474,19,'2024-2025-2'), (2690,474,20,'2024-2025-2'), (2691,474,21,'2024-2025-2'), (2692,474,22,'2024-2025-2'), (2693,474,23,'2024-2025-2'), (2694,474,24,'2024-2025-2'), (2695,475,19,'2024-2025-2'), (2696,475,20,'2024-2025-2'), (2697,475,21,'2024-2025-2'), (2698,475,22,'2024-2025-2'), (2699,475,23,'2024-2025-2'), (2700,475,24,'2024-2025-2'), (2701,476,19,'2024-2025-2'), (2702,476,20,'2024-2025-2'), (2703,476,21,'2024-2025-2'), (2704,476,22,'2024-2025-2'), (2705,476,23,'2024-2025-2'), (2706,476,24,'2024-2025-2'), (2707,477,19,'2024-2025-2'), (2708,477,20,'2024-2025-2'), (2709,477,21,'2024-2025-2'), (2710,477,22,'2024-2025-2'), (2711,477,23,'2024-2025-2'), (2712,477,24,'2024-2025-2'), (2713,478,19,'2024-2025-2'), (2714,478,20,'2024-2025-2'), (2715,478,21,'2024-2025-2'), (2716,478,22,'2024-2025-2'), (2717,478,23,'2024-2025-2'), (2718,478,24,'2024-2025-2'), (2719,479,19,'2024-2025-2'), (2720,479,20,'2024-2025-2'), (2721,479,21,'2024-2025-2'), (2722,479,22,'2024-2025-2'), (2723,479,23,'2024-2025-2'), (2724,479,24,'2024-2025-2'), (2725,480,19,'2024-2025-2'), (2726,480,20,'2024-2025-2'), (2727,480,21,'2024-2025-2'), (2728,480,22,'2024-2025-2'), (2729,480,23,'2024-2025-2'), (2730,480,24,'2024-2025-2'), (2731,481,19,'2024-2025-2'), (2732,481,20,'2024-2025-2'), (2733,481,21,'2024-2025-2'), (2734,481,22,'2024-2025-2'), (2735,481,23,'2024-2025-2'), (2736,481,24,'2024-2025-2'), (2737,482,19,'2024-2025-2'), (2738,482,20,'2024-2025-2'), (2739,482,21,'2024-2025-2'), (2740,482,22,'2024-2025-2'), (2741,482,23,'2024-2025-2'), (2742,482,24,'2024-2025-2'), (2743,483,19,'2024-2025-2'), (2744,483,20,'2024-2025-2'), (2745,483,21,'2024-2025-2'), (2746,483,22,'2024-2025-2'), (2747,483,23,'2024-2025-2'), (2748,483,24,'2024-2025-2'), (2749,484,19,'2024-2025-2'), (2750,484,20,'2024-2025-2'), (2751,484,21,'2024-2025-2'), (2752,484,22,'2024-2025-2'), (2753,484,23,'2024-2025-2'), (2754,484,24,'2024-2025-2'), (2755,485,19,'2024-2025-2'), (2756,485,20,'2024-2025-2'), (2757,485,21,'2024-2025-2'), (2758,485,22,'2024-2025-2'), (2759,485,23,'2024-2025-2'), (2760,485,24,'2024-2025-2'), (2761,486,19,'2024-2025-2'), (2762,486,20,'2024-2025-2'), (2763,486,21,'2024-2025-2'), (2764,486,22,'2024-2025-2'), (2765,486,23,'2024-2025-2'), (2766,486,24,'2024-2025-2'), (2767,487,19,'2024-2025-2'), (2768,487,20,'2024-2025-2'), (2769,487,21,'2024-2025-2'), (2770,487,22,'2024-2025-2'), (2771,487,23,'2024-2025-2'), (2772,487,24,'2024-2025-2'), (2773,488,19,'2024-2025-2'), (2774,488,20,'2024-2025-2'), (2775,488,21,'2024-2025-2'), (2776,488,22,'2024-2025-2'), (2777,488,23,'2024-2025-2'), (2778,488,24,'2024-2025-2'), (2779,489,19,'2024-2025-2'), (2780,489,20,'2024-2025-2'), (2781,489,21,'2024-2025-2'), (2782,489,22,'2024-2025-2'), (2783,489,23,'2024-2025-2'), (2784,489,24,'2024-2025-2'), (2785,490,19,'2024-2025-2'), (2786,490,20,'2024-2025-2'), (2787,490,21,'2024-2025-2'), (2788,490,22,'2024-2025-2'), (2789,490,23,'2024-2025-2'), (2790,490,24,'2024-2025-2'), (2791,491,20,'2024-2025-2'), (2792,491,21,'2024-2025-2'), (2793,491,22,'2024-2025-2'), (2794,491,23,'2024-2025-2'), (2795,491,24,'2024-2025-2'), (2796,491,25,'2024-2025-2'), (2797,492,20,'2024-2025-2'), (2798,492,21,'2024-2025-2'), (2799,492,22,'2024-2025-2'), (2800,492,23,'2024-2025-2'), (2801,492,24,'2024-2025-2'), (2802,492,25,'2024-2025-2'), (2803,493,20,'2024-2025-2'), (2804,493,21,'2024-2025-2'), (2805,493,22,'2024-2025-2'), (2806,493,23,'2024-2025-2'), (2807,493,24,'2024-2025-2'), (2808,493,25,'2024-2025-2'), (2809,494,20,'2024-2025-2'), (2810,494,21,'2024-2025-2'), (2811,494,22,'2024-2025-2'), (2812,494,23,'2024-2025-2'), (2813,494,24,'2024-2025-2'), (2814,494,25,'2024-2025-2'), (2815,495,20,'2024-2025-2'), (2816,495,21,'2024-2025-2'), (2817,495,22,'2024-2025-2'), (2818,495,23,'2024-2025-2'), (2819,495,24,'2024-2025-2'), (2820,495,25,'2024-2025-2'), (2821,496,20,'2024-2025-2'), (2822,496,21,'2024-2025-2'), (2823,496,22,'2024-2025-2'), (2824,496,23,'2024-2025-2'), (2825,496,24,'2024-2025-2'), (2826,496,25,'2024-2025-2'), (2827,497,20,'2024-2025-2'), (2828,497,21,'2024-2025-2'), (2829,497,22,'2024-2025-2'), (2830,497,23,'2024-2025-2'), (2831,497,24,'2024-2025-2'), (2832,497,25,'2024-2025-2'), (2833,498,20,'2024-2025-2'), (2834,498,21,'2024-2025-2'), (2835,498,22,'2024-2025-2'), (2836,498,23,'2024-2025-2'), (2837,498,24,'2024-2025-2'), (2838,498,25,'2024-2025-2'), (2839,499,20,'2024-2025-2'), (2840,499,21,'2024-2025-2'), (2841,499,22,'2024-2025-2'), (2842,499,23,'2024-2025-2'), (2843,499,24,'2024-2025-2'), (2844,499,25,'2024-2025-2'), (2845,500,20,'2024-2025-2'), (2846,500,21,'2024-2025-2'), (2847,500,22,'2024-2025-2'), (2848,500,23,'2024-2025-2'), (2849,500,24,'2024-2025-2'), (2850,500,25,'2024-2025-2'), (2851,501,20,'2024-2025-2'), (2852,501,21,'2024-2025-2'), (2853,501,22,'2024-2025-2'), (2854,501,23,'2024-2025-2'), (2855,501,24,'2024-2025-2'), (2856,501,25,'2024-2025-2'), (2857,502,20,'2024-2025-2'), (2858,502,21,'2024-2025-2'), (2859,502,22,'2024-2025-2'), (2860,502,23,'2024-2025-2'), (2861,502,24,'2024-2025-2'), (2862,502,25,'2024-2025-2'), (2863,503,20,'2024-2025-2'), (2864,503,21,'2024-2025-2'), (2865,503,22,'2024-2025-2'), (2866,503,23,'2024-2025-2'), (2867,503,24,'2024-2025-2'), (2868,503,25,'2024-2025-2'), (2869,504,20,'2024-2025-2'), (2870,504,21,'2024-2025-2'), (2871,504,22,'2024-2025-2'), (2872,504,23,'2024-2025-2'), (2873,504,24,'2024-2025-2'), (2874,504,25,'2024-2025-2'), (2875,505,20,'2024-2025-2'), (2876,505,21,'2024-2025-2'), (2877,505,22,'2024-2025-2'), (2878,505,23,'2024-2025-2'), (2879,505,24,'2024-2025-2'), (2880,505,25,'2024-2025-2'), (2881,506,20,'2024-2025-2'), (2882,506,21,'2024-2025-2'), (2883,506,22,'2024-2025-2'), (2884,506,23,'2024-2025-2'), (2885,506,24,'2024-2025-2'), (2886,506,25,'2024-2025-2'), (2887,507,20,'2024-2025-2'), (2888,507,21,'2024-2025-2'), (2889,507,22,'2024-2025-2'), (2890,507,23,'2024-2025-2'), (2891,507,24,'2024-2025-2'), (2892,507,25,'2024-2025-2'), (2893,508,20,'2024-2025-2'), (2894,508,21,'2024-2025-2'), (2895,508,22,'2024-2025-2'), (2896,508,23,'2024-2025-2'), (2897,508,24,'2024-2025-2'), (2898,508,25,'2024-2025-2'), (2899,509,20,'2024-2025-2'), (2900,509,21,'2024-2025-2'), (2901,509,22,'2024-2025-2'), (2902,509,23,'2024-2025-2'), (2903,509,24,'2024-2025-2'), (2904,509,25,'2024-2025-2'), (2905,510,20,'2024-2025-2'), (2906,510,21,'2024-2025-2'), (2907,510,22,'2024-2025-2'), (2908,510,23,'2024-2025-2'), (2909,510,24,'2024-2025-2'), (2910,510,25,'2024-2025-2'), (2911,511,21,'2024-2025-2'), (2912,511,22,'2024-2025-2'), (2913,511,23,'2024-2025-2'), (2914,511,24,'2024-2025-2'), (2915,511,25,'2024-2025-2'), (2916,511,26,'2024-2025-2'), (2917,512,21,'2024-2025-2'), (2918,512,22,'2024-2025-2'), (2919,512,23,'2024-2025-2'), (2920,512,24,'2024-2025-2'), (2921,512,25,'2024-2025-2'), (2922,512,26,'2024-2025-2'), (2923,513,21,'2024-2025-2'), (2924,513,22,'2024-2025-2'), (2925,513,23,'2024-2025-2'), (2926,513,24,'2024-2025-2'), (2927,513,25,'2024-2025-2'), (2928,513,26,'2024-2025-2'), (2929,514,21,'2024-2025-2'), (2930,514,22,'2024-2025-2'), (2931,514,23,'2024-2025-2'), (2932,514,24,'2024-2025-2'), (2933,514,25,'2024-2025-2'), (2934,514,26,'2024-2025-2'), (2935,515,21,'2024-2025-2'), (2936,515,22,'2024-2025-2'), (2937,515,23,'2024-2025-2'), (2938,515,24,'2024-2025-2'), (2939,515,25,'2024-2025-2'), (2940,515,26,'2024-2025-2'), (2941,516,21,'2024-2025-2'), (2942,516,22,'2024-2025-2'), (2943,516,23,'2024-2025-2'), (2944,516,24,'2024-2025-2'), (2945,516,25,'2024-2025-2'), (2946,516,26,'2024-2025-2'), (2947,517,21,'2024-2025-2'), (2948,517,22,'2024-2025-2'), (2949,517,23,'2024-2025-2'), (2950,517,24,'2024-2025-2'), (2951,517,25,'2024-2025-2'), (2952,517,26,'2024-2025-2'), (2953,518,21,'2024-2025-2'), (2954,518,22,'2024-2025-2'), (2955,518,23,'2024-2025-2'), (2956,518,24,'2024-2025-2'), (2957,518,25,'2024-2025-2'), (2958,518,26,'2024-2025-2'), (2959,519,21,'2024-2025-2'), (2960,519,22,'2024-2025-2'), (2961,519,23,'2024-2025-2'), (2962,519,24,'2024-2025-2'), (2963,519,25,'2024-2025-2'), (2964,519,26,'2024-2025-2'), (2965,520,21,'2024-2025-2'), (2966,520,22,'2024-2025-2'), (2967,520,23,'2024-2025-2'), (2968,520,24,'2024-2025-2'), (2969,520,25,'2024-2025-2'), (2970,520,26,'2024-2025-2'), (2971,521,21,'2024-2025-2'), (2972,521,22,'2024-2025-2'), (2973,521,23,'2024-2025-2'), (2974,521,24,'2024-2025-2'), (2975,521,25,'2024-2025-2'), (2976,521,26,'2024-2025-2'), (2977,522,21,'2024-2025-2'), (2978,522,22,'2024-2025-2'), (2979,522,23,'2024-2025-2'), (2980,522,24,'2024-2025-2'), (2981,522,25,'2024-2025-2'), (2982,522,26,'2024-2025-2'), (2983,523,21,'2024-2025-2'), (2984,523,22,'2024-2025-2'), (2985,523,23,'2024-2025-2'), (2986,523,24,'2024-2025-2'), (2987,523,25,'2024-2025-2'), (2988,523,26,'2024-2025-2'), (2989,524,21,'2024-2025-2'), (2990,524,22,'2024-2025-2'), (2991,524,23,'2024-2025-2'), (2992,524,24,'2024-2025-2'), (2993,524,25,'2024-2025-2'), (2994,524,26,'2024-2025-2'), (2995,525,21,'2024-2025-2'), (2996,525,22,'2024-2025-2'), (2997,525,23,'2024-2025-2'), (2998,525,24,'2024-2025-2'), (2999,525,25,'2024-2025-2'), (3000,525,26,'2024-2025-2'), (3001,526,21,'2024-2025-2'), (3002,526,22,'2024-2025-2'), (3003,526,23,'2024-2025-2'), (3004,526,24,'2024-2025-2'), (3005,526,25,'2024-2025-2'), (3006,526,26,'2024-2025-2'), (3007,527,21,'2024-2025-2'), (3008,527,22,'2024-2025-2'), (3009,527,23,'2024-2025-2'), (3010,527,24,'2024-2025-2'), (3011,527,25,'2024-2025-2'), (3012,527,26,'2024-2025-2'), (3013,528,21,'2024-2025-2'), (3014,528,22,'2024-2025-2'), (3015,528,23,'2024-2025-2'), (3016,528,24,'2024-2025-2'), (3017,528,25,'2024-2025-2'), (3018,528,26,'2024-2025-2'), (3019,529,21,'2024-2025-2'), (3020,529,22,'2024-2025-2'), (3021,529,23,'2024-2025-2'), (3022,529,24,'2024-2025-2'), (3023,529,25,'2024-2025-2'), (3024,529,26,'2024-2025-2'), (3025,530,21,'2024-2025-2'), (3026,530,22,'2024-2025-2'), (3027,530,23,'2024-2025-2'), (3028,530,24,'2024-2025-2'), (3029,530,25,'2024-2025-2'), (3030,530,26,'2024-2025-2'), (3031,531,22,'2024-2025-2'), (3032,531,23,'2024-2025-2'), (3033,531,24,'2024-2025-2'), (3034,531,25,'2024-2025-2'), (3035,531,26,'2024-2025-2'), (3036,531,27,'2024-2025-2'), (3037,532,22,'2024-2025-2'), (3038,532,23,'2024-2025-2'), (3039,532,24,'2024-2025-2'), (3040,532,25,'2024-2025-2'), (3041,532,26,'2024-2025-2'), (3042,532,27,'2024-2025-2'), (3043,533,22,'2024-2025-2'), (3044,533,23,'2024-2025-2'), (3045,533,24,'2024-2025-2'), (3046,533,25,'2024-2025-2'), (3047,533,26,'2024-2025-2'), (3048,533,27,'2024-2025-2'), (3049,534,22,'2024-2025-2'), (3050,534,23,'2024-2025-2'), (3051,534,24,'2024-2025-2'), (3052,534,25,'2024-2025-2'), (3053,534,26,'2024-2025-2'), (3054,534,27,'2024-2025-2'), (3055,535,22,'2024-2025-2'), (3056,535,23,'2024-2025-2'), (3057,535,24,'2024-2025-2'), (3058,535,25,'2024-2025-2'), (3059,535,26,'2024-2025-2'), (3060,535,27,'2024-2025-2'), (3061,536,22,'2024-2025-2'), (3062,536,23,'2024-2025-2'), (3063,536,24,'2024-2025-2'), (3064,536,25,'2024-2025-2'), (3065,536,26,'2024-2025-2'), (3066,536,27,'2024-2025-2'), (3067,537,22,'2024-2025-2'), (3068,537,23,'2024-2025-2'), (3069,537,24,'2024-2025-2'), (3070,537,25,'2024-2025-2'), (3071,537,26,'2024-2025-2'), (3072,537,27,'2024-2025-2'), (3073,538,22,'2024-2025-2'), (3074,538,23,'2024-2025-2'), (3075,538,24,'2024-2025-2'), (3076,538,25,'2024-2025-2'), (3077,538,26,'2024-2025-2'), (3078,538,27,'2024-2025-2'), (3079,539,22,'2024-2025-2'), (3080,539,23,'2024-2025-2'), (3081,539,24,'2024-2025-2'), (3082,539,25,'2024-2025-2'), (3083,539,26,'2024-2025-2'), (3084,539,27,'2024-2025-2'), (3085,540,22,'2024-2025-2'), (3086,540,23,'2024-2025-2'), (3087,540,24,'2024-2025-2'), (3088,540,25,'2024-2025-2'), (3089,540,26,'2024-2025-2'), (3090,540,27,'2024-2025-2'), (3091,541,22,'2024-2025-2'), (3092,541,23,'2024-2025-2'), (3093,541,24,'2024-2025-2'), (3094,541,25,'2024-2025-2'), (3095,541,26,'2024-2025-2'), (3096,541,27,'2024-2025-2'), (3097,542,22,'2024-2025-2'), (3098,542,23,'2024-2025-2'), (3099,542,24,'2024-2025-2'), (3100,542,25,'2024-2025-2'), (3101,542,26,'2024-2025-2'), (3102,542,27,'2024-2025-2'), (3103,543,22,'2024-2025-2'), (3104,543,23,'2024-2025-2'), (3105,543,24,'2024-2025-2'), (3106,543,25,'2024-2025-2'), (3107,543,26,'2024-2025-2'), (3108,543,27,'2024-2025-2'), (3109,544,22,'2024-2025-2'), (3110,544,23,'2024-2025-2'), (3111,544,24,'2024-2025-2'), (3112,544,25,'2024-2025-2'), (3113,544,26,'2024-2025-2'), (3114,544,27,'2024-2025-2'), (3115,545,22,'2024-2025-2'), (3116,545,23,'2024-2025-2'), (3117,545,24,'2024-2025-2'), (3118,545,25,'2024-2025-2'), (3119,545,26,'2024-2025-2'), (3120,545,27,'2024-2025-2'), (3121,546,22,'2024-2025-2'), (3122,546,23,'2024-2025-2'), (3123,546,24,'2024-2025-2'), (3124,546,25,'2024-2025-2'), (3125,546,26,'2024-2025-2'), (3126,546,27,'2024-2025-2'), (3127,547,22,'2024-2025-2'), (3128,547,23,'2024-2025-2'), (3129,547,24,'2024-2025-2'), (3130,547,25,'2024-2025-2'), (3131,547,26,'2024-2025-2'), (3132,547,27,'2024-2025-2'), (3133,548,22,'2024-2025-2'), (3134,548,23,'2024-2025-2'), (3135,548,24,'2024-2025-2'), (3136,548,25,'2024-2025-2'), (3137,548,26,'2024-2025-2'), (3138,548,27,'2024-2025-2'), (3139,549,22,'2024-2025-2'), (3140,549,23,'2024-2025-2'), (3141,549,24,'2024-2025-2'), (3142,549,25,'2024-2025-2'), (3143,549,26,'2024-2025-2'), (3144,549,27,'2024-2025-2'), (3145,550,22,'2024-2025-2'), (3146,550,23,'2024-2025-2'), (3147,550,24,'2024-2025-2'), (3148,550,25,'2024-2025-2'), (3149,550,26,'2024-2025-2'), (3150,550,27,'2024-2025-2'), (3151,551,23,'2024-2025-2'), (3152,551,24,'2024-2025-2'), (3153,551,25,'2024-2025-2'), (3154,551,26,'2024-2025-2'), (3155,551,27,'2024-2025-2'), (3156,551,28,'2024-2025-2'), (3157,552,23,'2024-2025-2'), (3158,552,24,'2024-2025-2'), (3159,552,25,'2024-2025-2'), (3160,552,26,'2024-2025-2'), (3161,552,27,'2024-2025-2'), (3162,552,28,'2024-2025-2'), (3163,553,23,'2024-2025-2'), (3164,553,24,'2024-2025-2'), (3165,553,25,'2024-2025-2'), (3166,553,26,'2024-2025-2'), (3167,553,27,'2024-2025-2'), (3168,553,28,'2024-2025-2'), (3169,554,23,'2024-2025-2'), (3170,554,24,'2024-2025-2'), (3171,554,25,'2024-2025-2'), (3172,554,26,'2024-2025-2'), (3173,554,27,'2024-2025-2'), (3174,554,28,'2024-2025-2'), (3175,555,23,'2024-2025-2'), (3176,555,24,'2024-2025-2'), (3177,555,25,'2024-2025-2'), (3178,555,26,'2024-2025-2'), (3179,555,27,'2024-2025-2'), (3180,555,28,'2024-2025-2'), (3181,556,23,'2024-2025-2'), (3182,556,24,'2024-2025-2'), (3183,556,25,'2024-2025-2'), (3184,556,26,'2024-2025-2'), (3185,556,27,'2024-2025-2'), (3186,556,28,'2024-2025-2'), (3187,557,23,'2024-2025-2'), (3188,557,24,'2024-2025-2'), (3189,557,25,'2024-2025-2'), (3190,557,26,'2024-2025-2'), (3191,557,27,'2024-2025-2'), (3192,557,28,'2024-2025-2'), (3193,558,23,'2024-2025-2'), (3194,558,24,'2024-2025-2'), (3195,558,25,'2024-2025-2'), (3196,558,26,'2024-2025-2'), (3197,558,27,'2024-2025-2'), (3198,558,28,'2024-2025-2'), (3199,559,23,'2024-2025-2'), (3200,559,24,'2024-2025-2'), (3201,559,25,'2024-2025-2'), (3202,559,26,'2024-2025-2'), (3203,559,27,'2024-2025-2'), (3204,559,28,'2024-2025-2'), (3205,560,23,'2024-2025-2'), (3206,560,24,'2024-2025-2'), (3207,560,25,'2024-2025-2'), (3208,560,26,'2024-2025-2'), (3209,560,27,'2024-2025-2'), (3210,560,28,'2024-2025-2'), (3211,561,23,'2024-2025-2'), (3212,561,24,'2024-2025-2'), (3213,561,25,'2024-2025-2'), (3214,561,26,'2024-2025-2'), (3215,561,27,'2024-2025-2'), (3216,561,28,'2024-2025-2'), (3217,562,23,'2024-2025-2'), (3218,562,24,'2024-2025-2'), (3219,562,25,'2024-2025-2'), (3220,562,26,'2024-2025-2'), (3221,562,27,'2024-2025-2'), (3222,562,28,'2024-2025-2'), (3223,563,23,'2024-2025-2'), (3224,563,24,'2024-2025-2'), (3225,563,25,'2024-2025-2'), (3226,563,26,'2024-2025-2'), (3227,563,27,'2024-2025-2'), (3228,563,28,'2024-2025-2'), (3229,564,23,'2024-2025-2'), (3230,564,24,'2024-2025-2'), (3231,564,25,'2024-2025-2'), (3232,564,26,'2024-2025-2'), (3233,564,27,'2024-2025-2'), (3234,564,28,'2024-2025-2'), (3235,565,23,'2024-2025-2'), (3236,565,24,'2024-2025-2'), (3237,565,25,'2024-2025-2'), (3238,565,26,'2024-2025-2'), (3239,565,27,'2024-2025-2'), (3240,565,28,'2024-2025-2'), (3241,566,23,'2024-2025-2'), (3242,566,24,'2024-2025-2'), (3243,566,25,'2024-2025-2'), (3244,566,26,'2024-2025-2'), (3245,566,27,'2024-2025-2'), (3246,566,28,'2024-2025-2'), (3247,567,23,'2024-2025-2'), (3248,567,24,'2024-2025-2'), (3249,567,25,'2024-2025-2'), (3250,567,26,'2024-2025-2'), (3251,567,27,'2024-2025-2'), (3252,567,28,'2024-2025-2'), (3253,568,23,'2024-2025-2'), (3254,568,24,'2024-2025-2'), (3255,568,25,'2024-2025-2'), (3256,568,26,'2024-2025-2'), (3257,568,27,'2024-2025-2'), (3258,568,28,'2024-2025-2'), (3259,569,23,'2024-2025-2'), (3260,569,24,'2024-2025-2'), (3261,569,25,'2024-2025-2'), (3262,569,26,'2024-2025-2'), (3263,569,27,'2024-2025-2'), (3264,569,28,'2024-2025-2'), (3265,570,23,'2024-2025-2'), (3266,570,24,'2024-2025-2'), (3267,570,25,'2024-2025-2'), (3268,570,26,'2024-2025-2'), (3269,570,27,'2024-2025-2'), (3270,570,28,'2024-2025-2'), (3271,571,24,'2024-2025-2'), (3272,571,25,'2024-2025-2'), (3273,571,26,'2024-2025-2'), (3274,571,27,'2024-2025-2'), (3275,571,28,'2024-2025-2'), (3276,571,29,'2024-2025-2'), (3277,572,24,'2024-2025-2'), (3278,572,25,'2024-2025-2'), (3279,572,26,'2024-2025-2'), (3280,572,27,'2024-2025-2'), (3281,572,28,'2024-2025-2'), (3282,572,29,'2024-2025-2'), (3283,573,24,'2024-2025-2'), (3284,573,25,'2024-2025-2'), (3285,573,26,'2024-2025-2'), (3286,573,27,'2024-2025-2'), (3287,573,28,'2024-2025-2'), (3288,573,29,'2024-2025-2'), (3289,574,24,'2024-2025-2'), (3290,574,25,'2024-2025-2'), (3291,574,26,'2024-2025-2'), (3292,574,27,'2024-2025-2'), (3293,574,28,'2024-2025-2'), (3294,574,29,'2024-2025-2'), (3295,575,24,'2024-2025-2'), (3296,575,25,'2024-2025-2'), (3297,575,26,'2024-2025-2'), (3298,575,27,'2024-2025-2'), (3299,575,28,'2024-2025-2'), (3300,575,29,'2024-2025-2'), (3301,576,24,'2024-2025-2'), (3302,576,25,'2024-2025-2'), (3303,576,26,'2024-2025-2'), (3304,576,27,'2024-2025-2'), (3305,576,28,'2024-2025-2'), (3306,576,29,'2024-2025-2'), (3307,577,24,'2024-2025-2'), (3308,577,25,'2024-2025-2'), (3309,577,26,'2024-2025-2'), (3310,577,27,'2024-2025-2'), (3311,577,28,'2024-2025-2'), (3312,577,29,'2024-2025-2'), (3313,578,24,'2024-2025-2'), (3314,578,25,'2024-2025-2'), (3315,578,26,'2024-2025-2'), (3316,578,27,'2024-2025-2'), (3317,578,28,'2024-2025-2'), (3318,578,29,'2024-2025-2'), (3319,579,24,'2024-2025-2'), (3320,579,25,'2024-2025-2'), (3321,579,26,'2024-2025-2'), (3322,579,27,'2024-2025-2'), (3323,579,28,'2024-2025-2'), (3324,579,29,'2024-2025-2'), (3325,580,24,'2024-2025-2'), (3326,580,25,'2024-2025-2'), (3327,580,26,'2024-2025-2'), (3328,580,27,'2024-2025-2'), (3329,580,28,'2024-2025-2'), (3330,580,29,'2024-2025-2'), (3331,581,24,'2024-2025-2'), (3332,581,25,'2024-2025-2'), (3333,581,26,'2024-2025-2'), (3334,581,27,'2024-2025-2'), (3335,581,28,'2024-2025-2'), (3336,581,29,'2024-2025-2'), (3337,582,24,'2024-2025-2'), (3338,582,25,'2024-2025-2'), (3339,582,26,'2024-2025-2'), (3340,582,27,'2024-2025-2'), (3341,582,28,'2024-2025-2'), (3342,582,29,'2024-2025-2'), (3343,583,24,'2024-2025-2'), (3344,583,25,'2024-2025-2'), (3345,583,26,'2024-2025-2'), (3346,583,27,'2024-2025-2'), (3347,583,28,'2024-2025-2'), (3348,583,29,'2024-2025-2'), (3349,584,24,'2024-2025-2'), (3350,584,25,'2024-2025-2'), (3351,584,26,'2024-2025-2'), (3352,584,27,'2024-2025-2'), (3353,584,28,'2024-2025-2'), (3354,584,29,'2024-2025-2'), (3355,585,24,'2024-2025-2'), (3356,585,25,'2024-2025-2'), (3357,585,26,'2024-2025-2'), (3358,585,27,'2024-2025-2'), (3359,585,28,'2024-2025-2'), (3360,585,29,'2024-2025-2'), (3361,586,24,'2024-2025-2'), (3362,586,25,'2024-2025-2'), (3363,586,26,'2024-2025-2'), (3364,586,27,'2024-2025-2'), (3365,586,28,'2024-2025-2'), (3366,586,29,'2024-2025-2'), (3367,587,24,'2024-2025-2'), (3368,587,25,'2024-2025-2'), (3369,587,26,'2024-2025-2'), (3370,587,27,'2024-2025-2'), (3371,587,28,'2024-2025-2'), (3372,587,29,'2024-2025-2'), (3373,588,24,'2024-2025-2'), (3374,588,25,'2024-2025-2'), (3375,588,26,'2024-2025-2'), (3376,588,27,'2024-2025-2'), (3377,588,28,'2024-2025-2'), (3378,588,29,'2024-2025-2'), (3379,589,24,'2024-2025-2'), (3380,589,25,'2024-2025-2'), (3381,589,26,'2024-2025-2'), (3382,589,27,'2024-2025-2'), (3383,589,28,'2024-2025-2'), (3384,589,29,'2024-2025-2'), (3385,590,24,'2024-2025-2'), (3386,590,25,'2024-2025-2'), (3387,590,26,'2024-2025-2'), (3388,590,27,'2024-2025-2'), (3389,590,28,'2024-2025-2'), (3390,590,29,'2024-2025-2'), (3391,591,25,'2024-2025-2'), (3392,591,26,'2024-2025-2'), (3393,591,27,'2024-2025-2'), (3394,591,28,'2024-2025-2'), (3395,591,29,'2024-2025-2'), (3396,591,30,'2024-2025-2'), (3397,592,25,'2024-2025-2'), (3398,592,26,'2024-2025-2'), (3399,592,27,'2024-2025-2'), (3400,592,28,'2024-2025-2'), (3401,592,29,'2024-2025-2'), (3402,592,30,'2024-2025-2'), (3403,593,25,'2024-2025-2'), (3404,593,26,'2024-2025-2'), (3405,593,27,'2024-2025-2'), (3406,593,28,'2024-2025-2'), (3407,593,29,'2024-2025-2'), (3408,593,30,'2024-2025-2'), (3409,594,25,'2024-2025-2'), (3410,594,26,'2024-2025-2'), (3411,594,27,'2024-2025-2'), (3412,594,28,'2024-2025-2'), (3413,594,29,'2024-2025-2'), (3414,594,30,'2024-2025-2'), (3415,595,25,'2024-2025-2'), (3416,595,26,'2024-2025-2'), (3417,595,27,'2024-2025-2'), (3418,595,28,'2024-2025-2'), (3419,595,29,'2024-2025-2'), (3420,595,30,'2024-2025-2'), (3421,596,25,'2024-2025-2'), (3422,596,26,'2024-2025-2'), (3423,596,27,'2024-2025-2'), (3424,596,28,'2024-2025-2'), (3425,596,29,'2024-2025-2'), (3426,596,30,'2024-2025-2'), (3427,597,25,'2024-2025-2'), (3428,597,26,'2024-2025-2'), (3429,597,27,'2024-2025-2'), (3430,597,28,'2024-2025-2'), (3431,597,29,'2024-2025-2'), (3432,597,30,'2024-2025-2'), (3433,598,25,'2024-2025-2'), (3434,598,26,'2024-2025-2'), (3435,598,27,'2024-2025-2'), (3436,598,28,'2024-2025-2'), (3437,598,29,'2024-2025-2'), (3438,598,30,'2024-2025-2'), (3439,599,25,'2024-2025-2'), (3440,599,26,'2024-2025-2'), (3441,599,27,'2024-2025-2'), (3442,599,28,'2024-2025-2'), (3443,599,29,'2024-2025-2'), (3444,599,30,'2024-2025-2'), (3445,600,25,'2024-2025-2'), (3446,600,26,'2024-2025-2'), (3447,600,27,'2024-2025-2'), (3448,600,28,'2024-2025-2'), (3449,600,29,'2024-2025-2'), (3450,600,30,'2024-2025-2'), (3451,601,25,'2024-2025-2'), (3452,601,26,'2024-2025-2'), (3453,601,27,'2024-2025-2'), (3454,601,28,'2024-2025-2'), (3455,601,29,'2024-2025-2'), (3456,601,30,'2024-2025-2'), (3457,602,25,'2024-2025-2'), (3458,602,26,'2024-2025-2'), (3459,602,27,'2024-2025-2'), (3460,602,28,'2024-2025-2'), (3461,602,29,'2024-2025-2'), (3462,602,30,'2024-2025-2'), (3463,603,25,'2024-2025-2'), (3464,603,26,'2024-2025-2'), (3465,603,27,'2024-2025-2'), (3466,603,28,'2024-2025-2'), (3467,603,29,'2024-2025-2'), (3468,603,30,'2024-2025-2'), (3469,604,25,'2024-2025-2'), (3470,604,26,'2024-2025-2'), (3471,604,27,'2024-2025-2'), (3472,604,28,'2024-2025-2'), (3473,604,29,'2024-2025-2'), (3474,604,30,'2024-2025-2'), (3475,605,25,'2024-2025-2'), (3476,605,26,'2024-2025-2'), (3477,605,27,'2024-2025-2'), (3478,605,28,'2024-2025-2'), (3479,605,29,'2024-2025-2'), (3480,605,30,'2024-2025-2'), (3481,606,25,'2024-2025-2'), (3482,606,26,'2024-2025-2'), (3483,606,27,'2024-2025-2'), (3484,606,28,'2024-2025-2'), (3485,606,29,'2024-2025-2'), (3486,606,30,'2024-2025-2'), (3487,607,25,'2024-2025-2'), (3488,607,26,'2024-2025-2'), (3489,607,27,'2024-2025-2'), (3490,607,28,'2024-2025-2'), (3491,607,29,'2024-2025-2'), (3492,607,30,'2024-2025-2'), (3493,608,25,'2024-2025-2'), (3494,608,26,'2024-2025-2'), (3495,608,27,'2024-2025-2'), (3496,608,28,'2024-2025-2'), (3497,608,29,'2024-2025-2'), (3498,608,30,'2024-2025-2'), (3499,609,25,'2024-2025-2'), (3500,609,26,'2024-2025-2'), (3501,609,27,'2024-2025-2'), (3502,609,28,'2024-2025-2'), (3503,609,29,'2024-2025-2'), (3504,609,30,'2024-2025-2'), (3505,610,25,'2024-2025-2'), (3506,610,26,'2024-2025-2'), (3507,610,27,'2024-2025-2'), (3508,610,28,'2024-2025-2'), (3509,610,29,'2024-2025-2'), (3510,610,30,'2024-2025-2'), (3511,611,30,'2024-2025-2'), (3512,611,1,'2024-2025-2'), (3513,611,2,'2024-2025-2'), (3514,611,3,'2024-2025-2'), (3515,611,4,'2024-2025-2'), (3516,611,5,'2024-2025-2'), (3517,612,30,'2024-2025-2'), (3518,612,1,'2024-2025-2'), (3519,612,2,'2024-2025-2'), (3520,612,3,'2024-2025-2'), (3521,612,4,'2024-2025-2'), (3522,612,5,'2024-2025-2'), (3523,613,30,'2024-2025-2'), (3524,613,1,'2024-2025-2'), (3525,613,2,'2024-2025-2'), (3526,613,3,'2024-2025-2'), (3527,613,4,'2024-2025-2'), (3528,613,5,'2024-2025-2'), (3529,614,30,'2024-2025-2'), (3530,614,1,'2024-2025-2'), (3531,614,2,'2024-2025-2'), (3532,614,3,'2024-2025-2'), (3533,614,4,'2024-2025-2'), (3534,614,5,'2024-2025-2'), (3535,615,30,'2024-2025-2'), (3536,615,1,'2024-2025-2'), (3537,615,2,'2024-2025-2'), (3538,615,3,'2024-2025-2'), (3539,615,4,'2024-2025-2'), (3540,615,5,'2024-2025-2'), (3541,616,30,'2024-2025-2'), (3542,616,1,'2024-2025-2'), (3543,616,2,'2024-2025-2'), (3544,616,3,'2024-2025-2'), (3545,616,4,'2024-2025-2'), (3546,616,5,'2024-2025-2'), (3547,617,30,'2024-2025-2'), (3548,617,1,'2024-2025-2'), (3549,617,2,'2024-2025-2'), (3550,617,3,'2024-2025-2'), (3551,617,4,'2024-2025-2'), (3552,617,5,'2024-2025-2'), (3553,618,30,'2024-2025-2'), (3554,618,1,'2024-2025-2'), (3555,618,2,'2024-2025-2'), (3556,618,3,'2024-2025-2'), (3557,618,4,'2024-2025-2'), (3558,618,5,'2024-2025-2'), (3559,619,30,'2024-2025-2'), (3560,619,1,'2024-2025-2'), (3561,619,2,'2024-2025-2'), (3562,619,3,'2024-2025-2'), (3563,619,4,'2024-2025-2'), (3564,619,5,'2024-2025-2'), (3565,620,30,'2024-2025-2'), (3566,620,1,'2024-2025-2'), (3567,620,2,'2024-2025-2'), (3568,620,3,'2024-2025-2'), (3569,620,4,'2024-2025-2'), (3570,620,5,'2024-2025-2'), (3571,621,30,'2024-2025-2'), (3572,621,1,'2024-2025-2'), (3573,621,2,'2024-2025-2'), (3574,621,3,'2024-2025-2'), (3575,621,4,'2024-2025-2'), (3576,621,5,'2024-2025-2'), (3577,622,30,'2024-2025-2'), (3578,622,1,'2024-2025-2'), (3579,622,2,'2024-2025-2'), (3580,622,3,'2024-2025-2'), (3581,622,4,'2024-2025-2'), (3582,622,5,'2024-2025-2'), (3583,623,30,'2024-2025-2'), (3584,623,1,'2024-2025-2'), (3585,623,2,'2024-2025-2'), (3586,623,3,'2024-2025-2'), (3587,623,4,'2024-2025-2'), (3588,623,5,'2024-2025-2'), (3589,624,30,'2024-2025-2'), (3590,624,1,'2024-2025-2'), (3591,624,2,'2024-2025-2'), (3592,624,3,'2024-2025-2'), (3593,624,4,'2024-2025-2'), (3594,624,5,'2024-2025-2'), (3595,625,30,'2024-2025-2'), (3596,625,1,'2024-2025-2'), (3597,625,2,'2024-2025-2'), (3598,625,3,'2024-2025-2'), (3599,625,4,'2024-2025-2'), (3600,625,5,'2024-2025-2'), (3601,626,30,'2024-2025-2'), (3602,626,1,'2024-2025-2'), (3603,626,2,'2024-2025-2'), (3604,626,3,'2024-2025-2'), (3605,626,4,'2024-2025-2'), (3606,626,5,'2024-2025-2'), (3607,627,30,'2024-2025-2'), (3608,627,1,'2024-2025-2'), (3609,627,2,'2024-2025-2'), (3610,627,3,'2024-2025-2'), (3611,627,4,'2024-2025-2'), (3612,627,5,'2024-2025-2'), (3613,628,30,'2024-2025-2'), (3614,628,1,'2024-2025-2'), (3615,628,2,'2024-2025-2'), (3616,628,3,'2024-2025-2'), (3617,628,4,'2024-2025-2'), (3618,628,5,'2024-2025-2'), (3619,629,30,'2024-2025-2'), (3620,629,1,'2024-2025-2'), (3621,629,2,'2024-2025-2'), (3622,629,3,'2024-2025-2'), (3623,629,4,'2024-2025-2'), (3624,629,5,'2024-2025-2'), (3625,630,30,'2024-2025-2'), (3626,630,1,'2024-2025-2'), (3627,630,2,'2024-2025-2'), (3628,630,3,'2024-2025-2'), (3629,630,4,'2024-2025-2'), (3630,630,5,'2024-2025-2');

INSERT INTO grade_record (id, student_id, course_id, term, score) VALUES
 (31,31,1,'2024-2025-2',70), (32,31,2,'2024-2025-2',75), (33,31,3,'2024-2025-2',80), (34,31,4,'2024-2025-2',85), (35,31,5,'2024-2025-2',78), (36,31,6,'2024-2025-2',82), (37,32,1,'2024-2025-2',88), (38,32,2,'2024-2025-2',90), (39,32,3,'2024-2025-2',92), (40,32,4,'2024-2025-2',65), (41,32,5,'2024-2025-2',69), (42,32,6,'2024-2025-2',74), (43,33,1,'2024-2025-2',77), (44,33,2,'2024-2025-2',83), (45,33,3,'2024-2025-2',86), (46,33,4,'2024-2025-2',89), (47,33,5,'2024-2025-2',91), (48,33,6,'2024-2025-2',93), (49,34,1,'2024-2025-2',94), (50,34,2,'2024-2025-2',NULL), (51,34,3,'2024-2025-2',75), (52,34,4,'2024-2025-2',80), (53,34,5,'2024-2025-2',85), (54,34,6,'2024-2025-2',78), (55,35,1,'2024-2025-2',82), (56,35,2,'2024-2025-2',88), (57,35,3,'2024-2025-2',90), (58,35,4,'2024-2025-2',92), (59,35,5,'2024-2025-2',65), (60,35,6,'2024-2025-2',69), (61,36,1,'2024-2025-2',74), (62,36,2,'2024-2025-2',77), (63,36,3,'2024-2025-2',83), (64,36,4,'2024-2025-2',86), (65,36,5,'2024-2025-2',89), (66,36,6,'2024-2025-2',91), (67,37,1,'2024-2025-2',93), (68,37,2,'2024-2025-2',94), (69,37,3,'2024-2025-2',70), (70,37,4,'2024-2025-2',75), (71,37,5,'2024-2025-2',80), (72,37,6,'2024-2025-2',85), (73,38,1,'2024-2025-2',78), (74,38,2,'2024-2025-2',82), (75,38,3,'2024-2025-2',88), (76,38,4,'2024-2025-2',90), (77,38,5,'2024-2025-2',92), (78,38,6,'2024-2025-2',65), (79,39,1,'2024-2025-2',69), (80,39,2,'2024-2025-2',74), (81,39,3,'2024-2025-2',77), (82,39,4,'2024-2025-2',83), (83,39,5,'2024-2025-2',86), (84,39,6,'2024-2025-2',89), (85,40,1,'2024-2025-2',91), (86,40,2,'2024-2025-2',93), (87,40,3,'2024-2025-2',94), (88,40,4,'2024-2025-2',70), (89,40,5,'2024-2025-2',75), (90,40,6,'2024-2025-2',80), (91,41,1,'2024-2025-2',85), (92,41,2,'2024-2025-2',78), (93,41,3,'2024-2025-2',82), (94,41,4,'2024-2025-2',88), (95,41,5,'2024-2025-2',90), (96,41,6,'2024-2025-2',92), (97,42,1,'2024-2025-2',65), (98,42,2,'2024-2025-2',69), (99,42,3,'2024-2025-2',74), (100,42,4,'2024-2025-2',NULL), (101,42,5,'2024-2025-2',83), (102,42,6,'2024-2025-2',86), (103,43,1,'2024-2025-2',89), (104,43,2,'2024-2025-2',91), (105,43,3,'2024-2025-2',93), (106,43,4,'2024-2025-2',94), (107,43,5,'2024-2025-2',70), (108,43,6,'2024-2025-2',75), (109,44,1,'2024-2025-2',80), (110,44,2,'2024-2025-2',85), (111,44,3,'2024-2025-2',78), (112,44,4,'2024-2025-2',82), (113,44,5,'2024-2025-2',88), (114,44,6,'2024-2025-2',90), (115,45,1,'2024-2025-2',92), (116,45,2,'2024-2025-2',65), (117,45,3,'2024-2025-2',69), (118,45,4,'2024-2025-2',74), (119,45,5,'2024-2025-2',77), (120,45,6,'2024-2025-2',83), (121,46,1,'2024-2025-2',86), (122,46,2,'2024-2025-2',89), (123,46,3,'2024-2025-2',91), (124,46,4,'2024-2025-2',93), (125,46,5,'2024-2025-2',94), (126,46,6,'2024-2025-2',70), (127,47,1,'2024-2025-2',75), (128,47,2,'2024-2025-2',80), (129,47,3,'2024-2025-2',85), (130,47,4,'2024-2025-2',78), (131,47,5,'2024-2025-2',82), (132,47,6,'2024-2025-2',88), (133,48,1,'2024-2025-2',90), (134,48,2,'2024-2025-2',92), (135,48,3,'2024-2025-2',65), (136,48,4,'2024-2025-2',69), (137,48,5,'2024-2025-2',74), (138,48,6,'2024-2025-2',77), (139,49,1,'2024-2025-2',83), (140,49,2,'2024-2025-2',86), (141,49,3,'2024-2025-2',89), (142,49,4,'2024-2025-2',91), (143,49,5,'2024-2025-2',93), (144,49,6,'2024-2025-2',94), (145,50,1,'2024-2025-2',70), (146,50,2,'2024-2025-2',75), (147,50,3,'2024-2025-2',80), (148,50,4,'2024-2025-2',85), (149,50,5,'2024-2025-2',78), (150,50,6,'2024-2025-2',NULL), (151,51,1,'2024-2025-2',88), (152,51,2,'2024-2025-2',90), (153,51,3,'2024-2025-2',92), (154,51,4,'2024-2025-2',65), (155,51,5,'2024-2025-2',69), (156,51,6,'2024-2025-2',74), (157,52,1,'2024-2025-2',77), (158,52,2,'2024-2025-2',83), (159,52,3,'2024-2025-2',86), (160,52,4,'2024-2025-2',89), (161,52,5,'2024-2025-2',91), (162,52,6,'2024-2025-2',93), (163,53,1,'2024-2025-2',94), (164,53,2,'2024-2025-2',70), (165,53,3,'2024-2025-2',75), (166,53,4,'2024-2025-2',80), (167,53,5,'2024-2025-2',85), (168,53,6,'2024-2025-2',78), (169,54,1,'2024-2025-2',82), (170,54,2,'2024-2025-2',88), (171,54,3,'2024-2025-2',90), (172,54,4,'2024-2025-2',92), (173,54,5,'2024-2025-2',65), (174,54,6,'2024-2025-2',69), (175,55,1,'2024-2025-2',74), (176,55,2,'2024-2025-2',77), (177,55,3,'2024-2025-2',83), (178,55,4,'2024-2025-2',86), (179,55,5,'2024-2025-2',89), (180,55,6,'2024-2025-2',91), (181,56,1,'2024-2025-2',93), (182,56,2,'2024-2025-2',94), (183,56,3,'2024-2025-2',70), (184,56,4,'2024-2025-2',75), (185,56,5,'2024-2025-2',80), (186,56,6,'2024-2025-2',85), (187,57,1,'2024-2025-2',78), (188,57,2,'2024-2025-2',82), (189,57,3,'2024-2025-2',88), (190,57,4,'2024-2025-2',90), (191,57,5,'2024-2025-2',92), (192,57,6,'2024-2025-2',65), (193,58,1,'2024-2025-2',69), (194,58,2,'2024-2025-2',74), (195,58,3,'2024-2025-2',77), (196,58,4,'2024-2025-2',83), (197,58,5,'2024-2025-2',86), (198,58,6,'2024-2025-2',89), (199,59,1,'2024-2025-2',91), (200,59,2,'2024-2025-2',NULL), (201,59,3,'2024-2025-2',94), (202,59,4,'2024-2025-2',70), (203,59,5,'2024-2025-2',75), (204,59,6,'2024-2025-2',80), (205,60,1,'2024-2025-2',85), (206,60,2,'2024-2025-2',78), (207,60,3,'2024-2025-2',82), (208,60,4,'2024-2025-2',88), (209,60,5,'2024-2025-2',90), (210,60,6,'2024-2025-2',92), (211,61,1,'2024-2025-2',65), (212,61,2,'2024-2025-2',69), (213,61,3,'2024-2025-2',74), (214,61,4,'2024-2025-2',77), (215,61,5,'2024-2025-2',83), (216,61,6,'2024-2025-2',86), (217,62,1,'2024-2025-2',89), (218,62,2,'2024-2025-2',91), (219,62,3,'2024-2025-2',93), (220,62,4,'2024-2025-2',94), (221,62,5,'2024-2025-2',70), (222,62,6,'2024-2025-2',75), (223,63,1,'2024-2025-2',80), (224,63,2,'2024-2025-2',85), (225,63,3,'2024-2025-2',78), (226,63,4,'2024-2025-2',82), (227,63,5,'2024-2025-2',88), (228,63,6,'2024-2025-2',90), (229,64,1,'2024-2025-2',92), (230,64,2,'2024-2025-2',65), (231,64,3,'2024-2025-2',69), (232,64,4,'2024-2025-2',74), (233,64,5,'2024-2025-2',77), (234,64,6,'2024-2025-2',83), (235,65,1,'2024-2025-2',86), (236,65,2,'2024-2025-2',89), (237,65,3,'2024-2025-2',91), (238,65,4,'2024-2025-2',93), (239,65,5,'2024-2025-2',94), (240,65,6,'2024-2025-2',70), (241,66,1,'2024-2025-2',75), (242,66,2,'2024-2025-2',80), (243,66,3,'2024-2025-2',85), (244,66,4,'2024-2025-2',78), (245,66,5,'2024-2025-2',82), (246,66,6,'2024-2025-2',88), (247,67,1,'2024-2025-2',90), (248,67,2,'2024-2025-2',92), (249,67,3,'2024-2025-2',65), (250,67,4,'2024-2025-2',NULL), (251,67,5,'2024-2025-2',74), (252,67,6,'2024-2025-2',77), (253,68,1,'2024-2025-2',83), (254,68,2,'2024-2025-2',86), (255,68,3,'2024-2025-2',89), (256,68,4,'2024-2025-2',91), (257,68,5,'2024-2025-2',93), (258,68,6,'2024-2025-2',94), (259,69,1,'2024-2025-2',70), (260,69,2,'2024-2025-2',75), (261,69,3,'2024-2025-2',80), (262,69,4,'2024-2025-2',85), (263,69,5,'2024-2025-2',78), (264,69,6,'2024-2025-2',82), (265,70,1,'2024-2025-2',88), (266,70,2,'2024-2025-2',90), (267,70,3,'2024-2025-2',92), (268,70,4,'2024-2025-2',65), (269,70,5,'2024-2025-2',69), (270,70,6,'2024-2025-2',74), (271,71,2,'2024-2025-2',77), (272,71,3,'2024-2025-2',83), (273,71,4,'2024-2025-2',86), (274,71,5,'2024-2025-2',89), (275,71,6,'2024-2025-2',91), (276,71,7,'2024-2025-2',93), (277,72,2,'2024-2025-2',94), (278,72,3,'2024-2025-2',70), (279,72,4,'2024-2025-2',75), (280,72,5,'2024-2025-2',80), (281,72,6,'2024-2025-2',85), (282,72,7,'2024-2025-2',78), (283,73,2,'2024-2025-2',82), (284,73,3,'2024-2025-2',88), (285,73,4,'2024-2025-2',90), (286,73,5,'2024-2025-2',92), (287,73,6,'2024-2025-2',65), (288,73,7,'2024-2025-2',69), (289,74,2,'2024-2025-2',74), (290,74,3,'2024-2025-2',77), (291,74,4,'2024-2025-2',83), (292,74,5,'2024-2025-2',86), (293,74,6,'2024-2025-2',89), (294,74,7,'2024-2025-2',91), (295,75,2,'2024-2025-2',93), (296,75,3,'2024-2025-2',94), (297,75,4,'2024-2025-2',70), (298,75,5,'2024-2025-2',75), (299,75,6,'2024-2025-2',80), (300,75,7,'2024-2025-2',NULL), (301,76,2,'2024-2025-2',78), (302,76,3,'2024-2025-2',82), (303,76,4,'2024-2025-2',88), (304,76,5,'2024-2025-2',90), (305,76,6,'2024-2025-2',92), (306,76,7,'2024-2025-2',65), (307,77,2,'2024-2025-2',69), (308,77,3,'2024-2025-2',74), (309,77,4,'2024-2025-2',77), (310,77,5,'2024-2025-2',83), (311,77,6,'2024-2025-2',86), (312,77,7,'2024-2025-2',89), (313,78,2,'2024-2025-2',91), (314,78,3,'2024-2025-2',93), (315,78,4,'2024-2025-2',94), (316,78,5,'2024-2025-2',70), (317,78,6,'2024-2025-2',75), (318,78,7,'2024-2025-2',80), (319,79,2,'2024-2025-2',85), (320,79,3,'2024-2025-2',78), (321,79,4,'2024-2025-2',82), (322,79,5,'2024-2025-2',88), (323,79,6,'2024-2025-2',90), (324,79,7,'2024-2025-2',92), (325,80,2,'2024-2025-2',65), (326,80,3,'2024-2025-2',69), (327,80,4,'2024-2025-2',74), (328,80,5,'2024-2025-2',77), (329,80,6,'2024-2025-2',83), (330,80,7,'2024-2025-2',86), (331,81,2,'2024-2025-2',89), (332,81,3,'2024-2025-2',91), (333,81,4,'2024-2025-2',93), (334,81,5,'2024-2025-2',94), (335,81,6,'2024-2025-2',70), (336,81,7,'2024-2025-2',75), (337,82,2,'2024-2025-2',80), (338,82,3,'2024-2025-2',85), (339,82,4,'2024-2025-2',78), (340,82,5,'2024-2025-2',82), (341,82,6,'2024-2025-2',88), (342,82,7,'2024-2025-2',90), (343,83,2,'2024-2025-2',92), (344,83,3,'2024-2025-2',65), (345,83,4,'2024-2025-2',69), (346,83,5,'2024-2025-2',74), (347,83,6,'2024-2025-2',77), (348,83,7,'2024-2025-2',83), (349,84,2,'2024-2025-2',86), (350,84,3,'2024-2025-2',NULL), (351,84,4,'2024-2025-2',91), (352,84,5,'2024-2025-2',93), (353,84,6,'2024-2025-2',94), (354,84,7,'2024-2025-2',70), (355,85,2,'2024-2025-2',75), (356,85,3,'2024-2025-2',80), (357,85,4,'2024-2025-2',85), (358,85,5,'2024-2025-2',78), (359,85,6,'2024-2025-2',82), (360,85,7,'2024-2025-2',88), (361,86,2,'2024-2025-2',90), (362,86,3,'2024-2025-2',92), (363,86,4,'2024-2025-2',65), (364,86,5,'2024-2025-2',69), (365,86,6,'2024-2025-2',74), (366,86,7,'2024-2025-2',77), (367,87,2,'2024-2025-2',83), (368,87,3,'2024-2025-2',86), (369,87,4,'2024-2025-2',89), (370,87,5,'2024-2025-2',91), (371,87,6,'2024-2025-2',93), (372,87,7,'2024-2025-2',94), (373,88,2,'2024-2025-2',70), (374,88,3,'2024-2025-2',75), (375,88,4,'2024-2025-2',80), (376,88,5,'2024-2025-2',85), (377,88,6,'2024-2025-2',78), (378,88,7,'2024-2025-2',82), (379,89,2,'2024-2025-2',88), (380,89,3,'2024-2025-2',90), (381,89,4,'2024-2025-2',92), (382,89,5,'2024-2025-2',65), (383,89,6,'2024-2025-2',69), (384,89,7,'2024-2025-2',74), (385,90,2,'2024-2025-2',77), (386,90,3,'2024-2025-2',83), (387,90,4,'2024-2025-2',86), (388,90,5,'2024-2025-2',89), (389,90,6,'2024-2025-2',91), (390,90,7,'2024-2025-2',93), (391,91,2,'2024-2025-2',94), (392,91,3,'2024-2025-2',70), (393,91,4,'2024-2025-2',75), (394,91,5,'2024-2025-2',80), (395,91,6,'2024-2025-2',85), (396,91,7,'2024-2025-2',78), (397,92,2,'2024-2025-2',82), (398,92,3,'2024-2025-2',88), (399,92,4,'2024-2025-2',90), (400,92,5,'2024-2025-2',NULL), (401,92,6,'2024-2025-2',65), (402,92,7,'2024-2025-2',69), (403,93,2,'2024-2025-2',74), (404,93,3,'2024-2025-2',77), (405,93,4,'2024-2025-2',83), (406,93,5,'2024-2025-2',86), (407,93,6,'2024-2025-2',89), (408,93,7,'2024-2025-2',91), (409,94,2,'2024-2025-2',93), (410,94,3,'2024-2025-2',94), (411,94,4,'2024-2025-2',70), (412,94,5,'2024-2025-2',75), (413,94,6,'2024-2025-2',80), (414,94,7,'2024-2025-2',85), (415,95,2,'2024-2025-2',78), (416,95,3,'2024-2025-2',82), (417,95,4,'2024-2025-2',88), (418,95,5,'2024-2025-2',90), (419,95,6,'2024-2025-2',92), (420,95,7,'2024-2025-2',65), (421,96,2,'2024-2025-2',69), (422,96,3,'2024-2025-2',74), (423,96,4,'2024-2025-2',77), (424,96,5,'2024-2025-2',83), (425,96,6,'2024-2025-2',86), (426,96,7,'2024-2025-2',89), (427,97,2,'2024-2025-2',91), (428,97,3,'2024-2025-2',93), (429,97,4,'2024-2025-2',94), (430,97,5,'2024-2025-2',70), (431,97,6,'2024-2025-2',75), (432,97,7,'2024-2025-2',80), (433,98,2,'2024-2025-2',85), (434,98,3,'2024-2025-2',78), (435,98,4,'2024-2025-2',82), (436,98,5,'2024-2025-2',88), (437,98,6,'2024-2025-2',90), (438,98,7,'2024-2025-2',92), (439,99,2,'2024-2025-2',65), (440,99,3,'2024-2025-2',69), (441,99,4,'2024-2025-2',74), (442,99,5,'2024-2025-2',77), (443,99,6,'2024-2025-2',83), (444,99,7,'2024-2025-2',86), (445,100,2,'2024-2025-2',89), (446,100,3,'2024-2025-2',91), (447,100,4,'2024-2025-2',93), (448,100,5,'2024-2025-2',94), (449,100,6,'2024-2025-2',70), (450,100,7,'2024-2025-2',NULL), (451,101,2,'2024-2025-2',80), (452,101,3,'2024-2025-2',85), (453,101,4,'2024-2025-2',78), (454,101,5,'2024-2025-2',82), (455,101,6,'2024-2025-2',88), (456,101,7,'2024-2025-2',90), (457,102,2,'2024-2025-2',92), (458,102,3,'2024-2025-2',65), (459,102,4,'2024-2025-2',69), (460,102,5,'2024-2025-2',74), (461,102,6,'2024-2025-2',77), (462,102,7,'2024-2025-2',83), (463,103,2,'2024-2025-2',86), (464,103,3,'2024-2025-2',89), (465,103,4,'2024-2025-2',91), (466,103,5,'2024-2025-2',93), (467,103,6,'2024-2025-2',94), (468,103,7,'2024-2025-2',70), (469,104,2,'2024-2025-2',75), (470,104,3,'2024-2025-2',80), (471,104,4,'2024-2025-2',85), (472,104,5,'2024-2025-2',78), (473,104,6,'2024-2025-2',82), (474,104,7,'2024-2025-2',88), (475,105,2,'2024-2025-2',90), (476,105,3,'2024-2025-2',92), (477,105,4,'2024-2025-2',65), (478,105,5,'2024-2025-2',69), (479,105,6,'2024-2025-2',74), (480,105,7,'2024-2025-2',77), (481,106,2,'2024-2025-2',83), (482,106,3,'2024-2025-2',86), (483,106,4,'2024-2025-2',89), (484,106,5,'2024-2025-2',91), (485,106,6,'2024-2025-2',93), (486,106,7,'2024-2025-2',94), (487,107,2,'2024-2025-2',70), (488,107,3,'2024-2025-2',75), (489,107,4,'2024-2025-2',80), (490,107,5,'2024-2025-2',85), (491,107,6,'2024-2025-2',78), (492,107,7,'2024-2025-2',82), (493,108,2,'2024-2025-2',88), (494,108,3,'2024-2025-2',90), (495,108,4,'2024-2025-2',92), (496,108,5,'2024-2025-2',65), (497,108,6,'2024-2025-2',69), (498,108,7,'2024-2025-2',74), (499,109,2,'2024-2025-2',77), (500,109,3,'2024-2025-2',NULL), (501,109,4,'2024-2025-2',86), (502,109,5,'2024-2025-2',89), (503,109,6,'2024-2025-2',91), (504,109,7,'2024-2025-2',93), (505,110,2,'2024-2025-2',94), (506,110,3,'2024-2025-2',70), (507,110,4,'2024-2025-2',75), (508,110,5,'2024-2025-2',80), (509,110,6,'2024-2025-2',85), (510,110,7,'2024-2025-2',78), (511,111,3,'2024-2025-2',82), (512,111,4,'2024-2025-2',88), (513,111,5,'2024-2025-2',90), (514,111,6,'2024-2025-2',92), (515,111,7,'2024-2025-2',65), (516,111,8,'2024-2025-2',69), (517,112,3,'2024-2025-2',74), (518,112,4,'2024-2025-2',77), (519,112,5,'2024-2025-2',83), (520,112,6,'2024-2025-2',86), (521,112,7,'2024-2025-2',89), (522,112,8,'2024-2025-2',91), (523,113,3,'2024-2025-2',93), (524,113,4,'2024-2025-2',94), (525,113,5,'2024-2025-2',70), (526,113,6,'2024-2025-2',75), (527,113,7,'2024-2025-2',80), (528,113,8,'2024-2025-2',85), (529,114,3,'2024-2025-2',78), (530,114,4,'2024-2025-2',82), (531,114,5,'2024-2025-2',88), (532,114,6,'2024-2025-2',90), (533,114,7,'2024-2025-2',92), (534,114,8,'2024-2025-2',65), (535,115,3,'2024-2025-2',69), (536,115,4,'2024-2025-2',74), (537,115,5,'2024-2025-2',77), (538,115,6,'2024-2025-2',83), (539,115,7,'2024-2025-2',86), (540,115,8,'2024-2025-2',89), (541,116,3,'2024-2025-2',91), (542,116,4,'2024-2025-2',93), (543,116,5,'2024-2025-2',94), (544,116,6,'2024-2025-2',70), (545,116,7,'2024-2025-2',75), (546,116,8,'2024-2025-2',80), (547,117,3,'2024-2025-2',85), (548,117,4,'2024-2025-2',78), (549,117,5,'2024-2025-2',82), (550,117,6,'2024-2025-2',NULL), (551,117,7,'2024-2025-2',90), (552,117,8,'2024-2025-2',92), (553,118,3,'2024-2025-2',65), (554,118,4,'2024-2025-2',69), (555,118,5,'2024-2025-2',74), (556,118,6,'2024-2025-2',77), (557,118,7,'2024-2025-2',83), (558,118,8,'2024-2025-2',86), (559,119,3,'2024-2025-2',89), (560,119,4,'2024-2025-2',91), (561,119,5,'2024-2025-2',93), (562,119,6,'2024-2025-2',94), (563,119,7,'2024-2025-2',70), (564,119,8,'2024-2025-2',75), (565,120,3,'2024-2025-2',80), (566,120,4,'2024-2025-2',85), (567,120,5,'2024-2025-2',78), (568,120,6,'2024-2025-2',82), (569,120,7,'2024-2025-2',88), (570,120,8,'2024-2025-2',90), (571,121,3,'2024-2025-2',92), (572,121,4,'2024-2025-2',65), (573,121,5,'2024-2025-2',69), (574,121,6,'2024-2025-2',74), (575,121,7,'2024-2025-2',77), (576,121,8,'2024-2025-2',83), (577,122,3,'2024-2025-2',86), (578,122,4,'2024-2025-2',89), (579,122,5,'2024-2025-2',91), (580,122,6,'2024-2025-2',93), (581,122,7,'2024-2025-2',94), (582,122,8,'2024-2025-2',70), (583,123,3,'2024-2025-2',75), (584,123,4,'2024-2025-2',80), (585,123,5,'2024-2025-2',85), (586,123,6,'2024-2025-2',78), (587,123,7,'2024-2025-2',82), (588,123,8,'2024-2025-2',88), (589,124,3,'2024-2025-2',90), (590,124,4,'2024-2025-2',92), (591,124,5,'2024-2025-2',65), (592,124,6,'2024-2025-2',69), (593,124,7,'2024-2025-2',74), (594,124,8,'2024-2025-2',77), (595,125,3,'2024-2025-2',83), (596,125,4,'2024-2025-2',86), (597,125,5,'2024-2025-2',89), (598,125,6,'2024-2025-2',91), (599,125,7,'2024-2025-2',93), (600,125,8,'2024-2025-2',NULL), (601,126,3,'2024-2025-2',70), (602,126,4,'2024-2025-2',75), (603,126,5,'2024-2025-2',80), (604,126,6,'2024-2025-2',85), (605,126,7,'2024-2025-2',78), (606,126,8,'2024-2025-2',82), (607,127,3,'2024-2025-2',88), (608,127,4,'2024-2025-2',90), (609,127,5,'2024-2025-2',92), (610,127,6,'2024-2025-2',65), (611,127,7,'2024-2025-2',69), (612,127,8,'2024-2025-2',74), (613,128,3,'2024-2025-2',77), (614,128,4,'2024-2025-2',83), (615,128,5,'2024-2025-2',86), (616,128,6,'2024-2025-2',89), (617,128,7,'2024-2025-2',91), (618,128,8,'2024-2025-2',93), (619,129,3,'2024-2025-2',94), (620,129,4,'2024-2025-2',70), (621,129,5,'2024-2025-2',75), (622,129,6,'2024-2025-2',80), (623,129,7,'2024-2025-2',85), (624,129,8,'2024-2025-2',78), (625,130,3,'2024-2025-2',82), (626,130,4,'2024-2025-2',88), (627,130,5,'2024-2025-2',90), (628,130,6,'2024-2025-2',92), (629,130,7,'2024-2025-2',65), (630,130,8,'2024-2025-2',69), (631,131,3,'2024-2025-2',74), (632,131,4,'2024-2025-2',77), (633,131,5,'2024-2025-2',83), (634,131,6,'2024-2025-2',86), (635,131,7,'2024-2025-2',89), (636,131,8,'2024-2025-2',91), (637,132,3,'2024-2025-2',93), (638,132,4,'2024-2025-2',94), (639,132,5,'2024-2025-2',70), (640,132,6,'2024-2025-2',75), (641,132,7,'2024-2025-2',80), (642,132,8,'2024-2025-2',85), (643,133,3,'2024-2025-2',78), (644,133,4,'2024-2025-2',82), (645,133,5,'2024-2025-2',88), (646,133,6,'2024-2025-2',90), (647,133,7,'2024-2025-2',92), (648,133,8,'2024-2025-2',65), (649,134,3,'2024-2025-2',69), (650,134,4,'2024-2025-2',NULL), (651,134,5,'2024-2025-2',77), (652,134,6,'2024-2025-2',83), (653,134,7,'2024-2025-2',86), (654,134,8,'2024-2025-2',89), (655,135,3,'2024-2025-2',91), (656,135,4,'2024-2025-2',93), (657,135,5,'2024-2025-2',94), (658,135,6,'2024-2025-2',70), (659,135,7,'2024-2025-2',75), (660,135,8,'2024-2025-2',80), (661,136,3,'2024-2025-2',85), (662,136,4,'2024-2025-2',78), (663,136,5,'2024-2025-2',82), (664,136,6,'2024-2025-2',88), (665,136,7,'2024-2025-2',90), (666,136,8,'2024-2025-2',92), (667,137,3,'2024-2025-2',65), (668,137,4,'2024-2025-2',69), (669,137,5,'2024-2025-2',74), (670,137,6,'2024-2025-2',77), (671,137,7,'2024-2025-2',83), (672,137,8,'2024-2025-2',86), (673,138,3,'2024-2025-2',89), (674,138,4,'2024-2025-2',91), (675,138,5,'2024-2025-2',93), (676,138,6,'2024-2025-2',94), (677,138,7,'2024-2025-2',70), (678,138,8,'2024-2025-2',75), (679,139,3,'2024-2025-2',80), (680,139,4,'2024-2025-2',85), (681,139,5,'2024-2025-2',78), (682,139,6,'2024-2025-2',82), (683,139,7,'2024-2025-2',88), (684,139,8,'2024-2025-2',90), (685,140,3,'2024-2025-2',92), (686,140,4,'2024-2025-2',65), (687,140,5,'2024-2025-2',69), (688,140,6,'2024-2025-2',74), (689,140,7,'2024-2025-2',77), (690,140,8,'2024-2025-2',83), (691,141,3,'2024-2025-2',86), (692,141,4,'2024-2025-2',89), (693,141,5,'2024-2025-2',91), (694,141,6,'2024-2025-2',93), (695,141,7,'2024-2025-2',94), (696,141,8,'2024-2025-2',70), (697,142,3,'2024-2025-2',75), (698,142,4,'2024-2025-2',80), (699,142,5,'2024-2025-2',85), (700,142,6,'2024-2025-2',NULL), (701,142,7,'2024-2025-2',82), (702,142,8,'2024-2025-2',88), (703,143,3,'2024-2025-2',90), (704,143,4,'2024-2025-2',92), (705,143,5,'2024-2025-2',65), (706,143,6,'2024-2025-2',69), (707,143,7,'2024-2025-2',74), (708,143,8,'2024-2025-2',77), (709,144,3,'2024-2025-2',83), (710,144,4,'2024-2025-2',86), (711,144,5,'2024-2025-2',89), (712,144,6,'2024-2025-2',91), (713,144,7,'2024-2025-2',93), (714,144,8,'2024-2025-2',94), (715,145,3,'2024-2025-2',70), (716,145,4,'2024-2025-2',75), (717,145,5,'2024-2025-2',80), (718,145,6,'2024-2025-2',85), (719,145,7,'2024-2025-2',78), (720,145,8,'2024-2025-2',82), (721,146,3,'2024-2025-2',88), (722,146,4,'2024-2025-2',90), (723,146,5,'2024-2025-2',92), (724,146,6,'2024-2025-2',65), (725,146,7,'2024-2025-2',69), (726,146,8,'2024-2025-2',74), (727,147,3,'2024-2025-2',77), (728,147,4,'2024-2025-2',83), (729,147,5,'2024-2025-2',86), (730,147,6,'2024-2025-2',89), (731,147,7,'2024-2025-2',91), (732,147,8,'2024-2025-2',93), (733,148,3,'2024-2025-2',94), (734,148,4,'2024-2025-2',70), (735,148,5,'2024-2025-2',75), (736,148,6,'2024-2025-2',80), (737,148,7,'2024-2025-2',85), (738,148,8,'2024-2025-2',78), (739,149,3,'2024-2025-2',82), (740,149,4,'2024-2025-2',88), (741,149,5,'2024-2025-2',90), (742,149,6,'2024-2025-2',92), (743,149,7,'2024-2025-2',65), (744,149,8,'2024-2025-2',69), (745,150,3,'2024-2025-2',74), (746,150,4,'2024-2025-2',77), (747,150,5,'2024-2025-2',83), (748,150,6,'2024-2025-2',86), (749,150,7,'2024-2025-2',89), (750,150,8,'2024-2025-2',NULL), (751,151,4,'2024-2025-2',93), (752,151,5,'2024-2025-2',94), (753,151,6,'2024-2025-2',70), (754,151,7,'2024-2025-2',75), (755,151,8,'2024-2025-2',80), (756,151,9,'2024-2025-2',85), (757,152,4,'2024-2025-2',78), (758,152,5,'2024-2025-2',82), (759,152,6,'2024-2025-2',88), (760,152,7,'2024-2025-2',90), (761,152,8,'2024-2025-2',92), (762,152,9,'2024-2025-2',65), (763,153,4,'2024-2025-2',69), (764,153,5,'2024-2025-2',74), (765,153,6,'2024-2025-2',77), (766,153,7,'2024-2025-2',83), (767,153,8,'2024-2025-2',86), (768,153,9,'2024-2025-2',89), (769,154,4,'2024-2025-2',91), (770,154,5,'2024-2025-2',93), (771,154,6,'2024-2025-2',94), (772,154,7,'2024-2025-2',70), (773,154,8,'2024-2025-2',75), (774,154,9,'2024-2025-2',80), (775,155,4,'2024-2025-2',85), (776,155,5,'2024-2025-2',78), (777,155,6,'2024-2025-2',82), (778,155,7,'2024-2025-2',88), (779,155,8,'2024-2025-2',90), (780,155,9,'2024-2025-2',92), (781,156,4,'2024-2025-2',65), (782,156,5,'2024-2025-2',69), (783,156,6,'2024-2025-2',74), (784,156,7,'2024-2025-2',77), (785,156,8,'2024-2025-2',83), (786,156,9,'2024-2025-2',86), (787,157,4,'2024-2025-2',89), (788,157,5,'2024-2025-2',91), (789,157,6,'2024-2025-2',93), (790,157,7,'2024-2025-2',94), (791,157,8,'2024-2025-2',70), (792,157,9,'2024-2025-2',75), (793,158,4,'2024-2025-2',80), (794,158,5,'2024-2025-2',85), (795,158,6,'2024-2025-2',78), (796,158,7,'2024-2025-2',82), (797,158,8,'2024-2025-2',88), (798,158,9,'2024-2025-2',90), (799,159,4,'2024-2025-2',92), (800,159,5,'2024-2025-2',NULL), (801,159,6,'2024-2025-2',69), (802,159,7,'2024-2025-2',74), (803,159,8,'2024-2025-2',77), (804,159,9,'2024-2025-2',83), (805,160,4,'2024-2025-2',86), (806,160,5,'2024-2025-2',89), (807,160,6,'2024-2025-2',91), (808,160,7,'2024-2025-2',93), (809,160,8,'2024-2025-2',94), (810,160,9,'2024-2025-2',70), (811,161,4,'2024-2025-2',75), (812,161,5,'2024-2025-2',80), (813,161,6,'2024-2025-2',85), (814,161,7,'2024-2025-2',78), (815,161,8,'2024-2025-2',82), (816,161,9,'2024-2025-2',88), (817,162,4,'2024-2025-2',90), (818,162,5,'2024-2025-2',92), (819,162,6,'2024-2025-2',65), (820,162,7,'2024-2025-2',69), (821,162,8,'2024-2025-2',74), (822,162,9,'2024-2025-2',77), (823,163,4,'2024-2025-2',83), (824,163,5,'2024-2025-2',86), (825,163,6,'2024-2025-2',89), (826,163,7,'2024-2025-2',91), (827,163,8,'2024-2025-2',93), (828,163,9,'2024-2025-2',94), (829,164,4,'2024-2025-2',70), (830,164,5,'2024-2025-2',75), (831,164,6,'2024-2025-2',80), (832,164,7,'2024-2025-2',85), (833,164,8,'2024-2025-2',78), (834,164,9,'2024-2025-2',82), (835,165,4,'2024-2025-2',88), (836,165,5,'2024-2025-2',90), (837,165,6,'2024-2025-2',92), (838,165,7,'2024-2025-2',65), (839,165,8,'2024-2025-2',69), (840,165,9,'2024-2025-2',74), (841,166,4,'2024-2025-2',77), (842,166,5,'2024-2025-2',83), (843,166,6,'2024-2025-2',86), (844,166,7,'2024-2025-2',89), (845,166,8,'2024-2025-2',91), (846,166,9,'2024-2025-2',93), (847,167,4,'2024-2025-2',94), (848,167,5,'2024-2025-2',70), (849,167,6,'2024-2025-2',75), (850,167,7,'2024-2025-2',NULL), (851,167,8,'2024-2025-2',85), (852,167,9,'2024-2025-2',78), (853,168,4,'2024-2025-2',82), (854,168,5,'2024-2025-2',88), (855,168,6,'2024-2025-2',90), (856,168,7,'2024-2025-2',92), (857,168,8,'2024-2025-2',65), (858,168,9,'2024-2025-2',69), (859,169,4,'2024-2025-2',74), (860,169,5,'2024-2025-2',77), (861,169,6,'2024-2025-2',83), (862,169,7,'2024-2025-2',86), (863,169,8,'2024-2025-2',89), (864,169,9,'2024-2025-2',91), (865,170,4,'2024-2025-2',93), (866,170,5,'2024-2025-2',94), (867,170,6,'2024-2025-2',70), (868,170,7,'2024-2025-2',75), (869,170,8,'2024-2025-2',80), (870,170,9,'2024-2025-2',85), (871,171,4,'2024-2025-2',78), (872,171,5,'2024-2025-2',82), (873,171,6,'2024-2025-2',88), (874,171,7,'2024-2025-2',90), (875,171,8,'2024-2025-2',92), (876,171,9,'2024-2025-2',65), (877,172,4,'2024-2025-2',69), (878,172,5,'2024-2025-2',74), (879,172,6,'2024-2025-2',77), (880,172,7,'2024-2025-2',83), (881,172,8,'2024-2025-2',86), (882,172,9,'2024-2025-2',89), (883,173,4,'2024-2025-2',91), (884,173,5,'2024-2025-2',93), (885,173,6,'2024-2025-2',94), (886,173,7,'2024-2025-2',70), (887,173,8,'2024-2025-2',75), (888,173,9,'2024-2025-2',80), (889,174,4,'2024-2025-2',85), (890,174,5,'2024-2025-2',78), (891,174,6,'2024-2025-2',82), (892,174,7,'2024-2025-2',88), (893,174,8,'2024-2025-2',90), (894,174,9,'2024-2025-2',92), (895,175,4,'2024-2025-2',65), (896,175,5,'2024-2025-2',69), (897,175,6,'2024-2025-2',74), (898,175,7,'2024-2025-2',77), (899,175,8,'2024-2025-2',83), (900,175,9,'2024-2025-2',NULL), (901,176,4,'2024-2025-2',89), (902,176,5,'2024-2025-2',91), (903,176,6,'2024-2025-2',93), (904,176,7,'2024-2025-2',94), (905,176,8,'2024-2025-2',70), (906,176,9,'2024-2025-2',75), (907,177,4,'2024-2025-2',80), (908,177,5,'2024-2025-2',85), (909,177,6,'2024-2025-2',78), (910,177,7,'2024-2025-2',82), (911,177,8,'2024-2025-2',88), (912,177,9,'2024-2025-2',90), (913,178,4,'2024-2025-2',92), (914,178,5,'2024-2025-2',65), (915,178,6,'2024-2025-2',69), (916,178,7,'2024-2025-2',74), (917,178,8,'2024-2025-2',77), (918,178,9,'2024-2025-2',83), (919,179,4,'2024-2025-2',86), (920,179,5,'2024-2025-2',89), (921,179,6,'2024-2025-2',91), (922,179,7,'2024-2025-2',93), (923,179,8,'2024-2025-2',94), (924,179,9,'2024-2025-2',70), (925,180,4,'2024-2025-2',75), (926,180,5,'2024-2025-2',80), (927,180,6,'2024-2025-2',85), (928,180,7,'2024-2025-2',78), (929,180,8,'2024-2025-2',82), (930,180,9,'2024-2025-2',88), (931,181,4,'2024-2025-2',90), (932,181,5,'2024-2025-2',92), (933,181,6,'2024-2025-2',65), (934,181,7,'2024-2025-2',69), (935,181,8,'2024-2025-2',74), (936,181,9,'2024-2025-2',77), (937,182,4,'2024-2025-2',83), (938,182,5,'2024-2025-2',86), (939,182,6,'2024-2025-2',89), (940,182,7,'2024-2025-2',91), (941,182,8,'2024-2025-2',93), (942,182,9,'2024-2025-2',94), (943,183,4,'2024-2025-2',70), (944,183,5,'2024-2025-2',75), (945,183,6,'2024-2025-2',80), (946,183,7,'2024-2025-2',85), (947,183,8,'2024-2025-2',78), (948,183,9,'2024-2025-2',82), (949,184,4,'2024-2025-2',88), (950,184,5,'2024-2025-2',NULL), (951,184,6,'2024-2025-2',92), (952,184,7,'2024-2025-2',65), (953,184,8,'2024-2025-2',69), (954,184,9,'2024-2025-2',74), (955,185,4,'2024-2025-2',77), (956,185,5,'2024-2025-2',83), (957,185,6,'2024-2025-2',86), (958,185,7,'2024-2025-2',89), (959,185,8,'2024-2025-2',91), (960,185,9,'2024-2025-2',93), (961,186,4,'2024-2025-2',94), (962,186,5,'2024-2025-2',70), (963,186,6,'2024-2025-2',75), (964,186,7,'2024-2025-2',80), (965,186,8,'2024-2025-2',85), (966,186,9,'2024-2025-2',78), (967,187,4,'2024-2025-2',82), (968,187,5,'2024-2025-2',88), (969,187,6,'2024-2025-2',90), (970,187,7,'2024-2025-2',92), (971,187,8,'2024-2025-2',65), (972,187,9,'2024-2025-2',69), (973,188,4,'2024-2025-2',74), (974,188,5,'2024-2025-2',77), (975,188,6,'2024-2025-2',83), (976,188,7,'2024-2025-2',86), (977,188,8,'2024-2025-2',89), (978,188,9,'2024-2025-2',91), (979,189,4,'2024-2025-2',93), (980,189,5,'2024-2025-2',94), (981,189,6,'2024-2025-2',70), (982,189,7,'2024-2025-2',75), (983,189,8,'2024-2025-2',80), (984,189,9,'2024-2025-2',85), (985,190,4,'2024-2025-2',78), (986,190,5,'2024-2025-2',82), (987,190,6,'2024-2025-2',88), (988,190,7,'2024-2025-2',90), (989,190,8,'2024-2025-2',92), (990,190,9,'2024-2025-2',65), (991,191,5,'2024-2025-2',69), (992,191,6,'2024-2025-2',74), (993,191,7,'2024-2025-2',77), (994,191,8,'2024-2025-2',83), (995,191,9,'2024-2025-2',86), (996,191,10,'2024-2025-2',89), (997,192,5,'2024-2025-2',91), (998,192,6,'2024-2025-2',93), (999,192,7,'2024-2025-2',94), (1000,192,8,'2024-2025-2',NULL), (1001,192,9,'2024-2025-2',75), (1002,192,10,'2024-2025-2',80), (1003,193,5,'2024-2025-2',85), (1004,193,6,'2024-2025-2',78), (1005,193,7,'2024-2025-2',82), (1006,193,8,'2024-2025-2',88), (1007,193,9,'2024-2025-2',90), (1008,193,10,'2024-2025-2',92), (1009,194,5,'2024-2025-2',65), (1010,194,6,'2024-2025-2',69), (1011,194,7,'2024-2025-2',74), (1012,194,8,'2024-2025-2',77), (1013,194,9,'2024-2025-2',83), (1014,194,10,'2024-2025-2',86), (1015,195,5,'2024-2025-2',89), (1016,195,6,'2024-2025-2',91), (1017,195,7,'2024-2025-2',93), (1018,195,8,'2024-2025-2',94), (1019,195,9,'2024-2025-2',70), (1020,195,10,'2024-2025-2',75), (1021,196,5,'2024-2025-2',80), (1022,196,6,'2024-2025-2',85), (1023,196,7,'2024-2025-2',78), (1024,196,8,'2024-2025-2',82), (1025,196,9,'2024-2025-2',88), (1026,196,10,'2024-2025-2',90), (1027,197,5,'2024-2025-2',92), (1028,197,6,'2024-2025-2',65), (1029,197,7,'2024-2025-2',69), (1030,197,8,'2024-2025-2',74), (1031,197,9,'2024-2025-2',77), (1032,197,10,'2024-2025-2',83), (1033,198,5,'2024-2025-2',86), (1034,198,6,'2024-2025-2',89), (1035,198,7,'2024-2025-2',91), (1036,198,8,'2024-2025-2',93), (1037,198,9,'2024-2025-2',94), (1038,198,10,'2024-2025-2',70), (1039,199,5,'2024-2025-2',75), (1040,199,6,'2024-2025-2',80), (1041,199,7,'2024-2025-2',85), (1042,199,8,'2024-2025-2',78), (1043,199,9,'2024-2025-2',82), (1044,199,10,'2024-2025-2',88), (1045,200,5,'2024-2025-2',90), (1046,200,6,'2024-2025-2',92), (1047,200,7,'2024-2025-2',65), (1048,200,8,'2024-2025-2',69), (1049,200,9,'2024-2025-2',74), (1050,200,10,'2024-2025-2',NULL), (1051,201,5,'2024-2025-2',83), (1052,201,6,'2024-2025-2',86), (1053,201,7,'2024-2025-2',89), (1054,201,8,'2024-2025-2',91), (1055,201,9,'2024-2025-2',93), (1056,201,10,'2024-2025-2',94), (1057,202,5,'2024-2025-2',70), (1058,202,6,'2024-2025-2',75), (1059,202,7,'2024-2025-2',80), (1060,202,8,'2024-2025-2',85), (1061,202,9,'2024-2025-2',78), (1062,202,10,'2024-2025-2',82), (1063,203,5,'2024-2025-2',88), (1064,203,6,'2024-2025-2',90), (1065,203,7,'2024-2025-2',92), (1066,203,8,'2024-2025-2',65), (1067,203,9,'2024-2025-2',69), (1068,203,10,'2024-2025-2',74), (1069,204,5,'2024-2025-2',77), (1070,204,6,'2024-2025-2',83), (1071,204,7,'2024-2025-2',86), (1072,204,8,'2024-2025-2',89), (1073,204,9,'2024-2025-2',91), (1074,204,10,'2024-2025-2',93), (1075,205,5,'2024-2025-2',94), (1076,205,6,'2024-2025-2',70), (1077,205,7,'2024-2025-2',75), (1078,205,8,'2024-2025-2',80), (1079,205,9,'2024-2025-2',85), (1080,205,10,'2024-2025-2',78), (1081,206,5,'2024-2025-2',82), (1082,206,6,'2024-2025-2',88), (1083,206,7,'2024-2025-2',90), (1084,206,8,'2024-2025-2',92), (1085,206,9,'2024-2025-2',65), (1086,206,10,'2024-2025-2',69), (1087,207,5,'2024-2025-2',74), (1088,207,6,'2024-2025-2',77), (1089,207,7,'2024-2025-2',83), (1090,207,8,'2024-2025-2',86), (1091,207,9,'2024-2025-2',89), (1092,207,10,'2024-2025-2',91), (1093,208,5,'2024-2025-2',93), (1094,208,6,'2024-2025-2',94), (1095,208,7,'2024-2025-2',70), (1096,208,8,'2024-2025-2',75), (1097,208,9,'2024-2025-2',80), (1098,208,10,'2024-2025-2',85), (1099,209,5,'2024-2025-2',78), (1100,209,6,'2024-2025-2',NULL), (1101,209,7,'2024-2025-2',88), (1102,209,8,'2024-2025-2',90), (1103,209,9,'2024-2025-2',92), (1104,209,10,'2024-2025-2',65), (1105,210,5,'2024-2025-2',69), (1106,210,6,'2024-2025-2',74), (1107,210,7,'2024-2025-2',77), (1108,210,8,'2024-2025-2',83), (1109,210,9,'2024-2025-2',86), (1110,210,10,'2024-2025-2',89), (1111,211,6,'2024-2025-2',91), (1112,211,7,'2024-2025-2',93), (1113,211,8,'2024-2025-2',94), (1114,211,9,'2024-2025-2',70), (1115,211,10,'2024-2025-2',75), (1116,211,11,'2024-2025-2',80), (1117,212,6,'2024-2025-2',85), (1118,212,7,'2024-2025-2',78), (1119,212,8,'2024-2025-2',82), (1120,212,9,'2024-2025-2',88), (1121,212,10,'2024-2025-2',90), (1122,212,11,'2024-2025-2',92), (1123,213,6,'2024-2025-2',65), (1124,213,7,'2024-2025-2',69), (1125,213,8,'2024-2025-2',74), (1126,213,9,'2024-2025-2',77), (1127,213,10,'2024-2025-2',83), (1128,213,11,'2024-2025-2',86), (1129,214,6,'2024-2025-2',89), (1130,214,7,'2024-2025-2',91), (1131,214,8,'2024-2025-2',93), (1132,214,9,'2024-2025-2',94), (1133,214,10,'2024-2025-2',70), (1134,214,11,'2024-2025-2',75), (1135,215,6,'2024-2025-2',80), (1136,215,7,'2024-2025-2',85), (1137,215,8,'2024-2025-2',78), (1138,215,9,'2024-2025-2',82), (1139,215,10,'2024-2025-2',88), (1140,215,11,'2024-2025-2',90), (1141,216,6,'2024-2025-2',92), (1142,216,7,'2024-2025-2',65), (1143,216,8,'2024-2025-2',69), (1144,216,9,'2024-2025-2',74), (1145,216,10,'2024-2025-2',77), (1146,216,11,'2024-2025-2',83), (1147,217,6,'2024-2025-2',86), (1148,217,7,'2024-2025-2',89), (1149,217,8,'2024-2025-2',91), (1150,217,9,'2024-2025-2',NULL), (1151,217,10,'2024-2025-2',94), (1152,217,11,'2024-2025-2',70), (1153,218,6,'2024-2025-2',75), (1154,218,7,'2024-2025-2',80), (1155,218,8,'2024-2025-2',85), (1156,218,9,'2024-2025-2',78), (1157,218,10,'2024-2025-2',82), (1158,218,11,'2024-2025-2',88), (1159,219,6,'2024-2025-2',90), (1160,219,7,'2024-2025-2',92), (1161,219,8,'2024-2025-2',65), (1162,219,9,'2024-2025-2',69), (1163,219,10,'2024-2025-2',74), (1164,219,11,'2024-2025-2',77), (1165,220,6,'2024-2025-2',83), (1166,220,7,'2024-2025-2',86), (1167,220,8,'2024-2025-2',89), (1168,220,9,'2024-2025-2',91), (1169,220,10,'2024-2025-2',93), (1170,220,11,'2024-2025-2',94), (1171,221,6,'2024-2025-2',70), (1172,221,7,'2024-2025-2',75), (1173,221,8,'2024-2025-2',80), (1174,221,9,'2024-2025-2',85), (1175,221,10,'2024-2025-2',78), (1176,221,11,'2024-2025-2',82), (1177,222,6,'2024-2025-2',88), (1178,222,7,'2024-2025-2',90), (1179,222,8,'2024-2025-2',92), (1180,222,9,'2024-2025-2',65), (1181,222,10,'2024-2025-2',69), (1182,222,11,'2024-2025-2',74), (1183,223,6,'2024-2025-2',77), (1184,223,7,'2024-2025-2',83), (1185,223,8,'2024-2025-2',86), (1186,223,9,'2024-2025-2',89), (1187,223,10,'2024-2025-2',91), (1188,223,11,'2024-2025-2',93), (1189,224,6,'2024-2025-2',94), (1190,224,7,'2024-2025-2',70), (1191,224,8,'2024-2025-2',75), (1192,224,9,'2024-2025-2',80), (1193,224,10,'2024-2025-2',85), (1194,224,11,'2024-2025-2',78), (1195,225,6,'2024-2025-2',82), (1196,225,7,'2024-2025-2',88), (1197,225,8,'2024-2025-2',90), (1198,225,9,'2024-2025-2',92), (1199,225,10,'2024-2025-2',65), (1200,225,11,'2024-2025-2',NULL), (1201,226,6,'2024-2025-2',74), (1202,226,7,'2024-2025-2',77), (1203,226,8,'2024-2025-2',83), (1204,226,9,'2024-2025-2',86), (1205,226,10,'2024-2025-2',89), (1206,226,11,'2024-2025-2',91), (1207,227,6,'2024-2025-2',93), (1208,227,7,'2024-2025-2',94), (1209,227,8,'2024-2025-2',70), (1210,227,9,'2024-2025-2',75), (1211,227,10,'2024-2025-2',80), (1212,227,11,'2024-2025-2',85), (1213,228,6,'2024-2025-2',78), (1214,228,7,'2024-2025-2',82), (1215,228,8,'2024-2025-2',88), (1216,228,9,'2024-2025-2',90), (1217,228,10,'2024-2025-2',92), (1218,228,11,'2024-2025-2',65), (1219,229,6,'2024-2025-2',69), (1220,229,7,'2024-2025-2',74), (1221,229,8,'2024-2025-2',77), (1222,229,9,'2024-2025-2',83), (1223,229,10,'2024-2025-2',86), (1224,229,11,'2024-2025-2',89), (1225,230,6,'2024-2025-2',91), (1226,230,7,'2024-2025-2',93), (1227,230,8,'2024-2025-2',94), (1228,230,9,'2024-2025-2',70), (1229,230,10,'2024-2025-2',75), (1230,230,11,'2024-2025-2',80), (1231,231,7,'2024-2025-2',85), (1232,231,8,'2024-2025-2',78), (1233,231,9,'2024-2025-2',82), (1234,231,10,'2024-2025-2',88), (1235,231,11,'2024-2025-2',90), (1236,231,12,'2024-2025-2',92), (1237,232,7,'2024-2025-2',65), (1238,232,8,'2024-2025-2',69), (1239,232,9,'2024-2025-2',74), (1240,232,10,'2024-2025-2',77), (1241,232,11,'2024-2025-2',83), (1242,232,12,'2024-2025-2',86), (1243,233,7,'2024-2025-2',89), (1244,233,8,'2024-2025-2',91), (1245,233,9,'2024-2025-2',93), (1246,233,10,'2024-2025-2',94), (1247,233,11,'2024-2025-2',70), (1248,233,12,'2024-2025-2',75), (1249,234,7,'2024-2025-2',80), (1250,234,8,'2024-2025-2',NULL), (1251,234,9,'2024-2025-2',78), (1252,234,10,'2024-2025-2',82), (1253,234,11,'2024-2025-2',88), (1254,234,12,'2024-2025-2',90), (1255,235,7,'2024-2025-2',92), (1256,235,8,'2024-2025-2',65), (1257,235,9,'2024-2025-2',69), (1258,235,10,'2024-2025-2',74), (1259,235,11,'2024-2025-2',77), (1260,235,12,'2024-2025-2',83), (1261,236,7,'2024-2025-2',86), (1262,236,8,'2024-2025-2',89), (1263,236,9,'2024-2025-2',91), (1264,236,10,'2024-2025-2',93), (1265,236,11,'2024-2025-2',94), (1266,236,12,'2024-2025-2',70), (1267,237,7,'2024-2025-2',75), (1268,237,8,'2024-2025-2',80), (1269,237,9,'2024-2025-2',85), (1270,237,10,'2024-2025-2',78), (1271,237,11,'2024-2025-2',82), (1272,237,12,'2024-2025-2',88), (1273,238,7,'2024-2025-2',90), (1274,238,8,'2024-2025-2',92), (1275,238,9,'2024-2025-2',65), (1276,238,10,'2024-2025-2',69), (1277,238,11,'2024-2025-2',74), (1278,238,12,'2024-2025-2',77), (1279,239,7,'2024-2025-2',83), (1280,239,8,'2024-2025-2',86), (1281,239,9,'2024-2025-2',89), (1282,239,10,'2024-2025-2',91), (1283,239,11,'2024-2025-2',93), (1284,239,12,'2024-2025-2',94), (1285,240,7,'2024-2025-2',70), (1286,240,8,'2024-2025-2',75), (1287,240,9,'2024-2025-2',80), (1288,240,10,'2024-2025-2',85), (1289,240,11,'2024-2025-2',78), (1290,240,12,'2024-2025-2',82), (1291,241,7,'2024-2025-2',88), (1292,241,8,'2024-2025-2',90), (1293,241,9,'2024-2025-2',92), (1294,241,10,'2024-2025-2',65), (1295,241,11,'2024-2025-2',69), (1296,241,12,'2024-2025-2',74), (1297,242,7,'2024-2025-2',77), (1298,242,8,'2024-2025-2',83), (1299,242,9,'2024-2025-2',86), (1300,242,10,'2024-2025-2',NULL), (1301,242,11,'2024-2025-2',91), (1302,242,12,'2024-2025-2',93), (1303,243,7,'2024-2025-2',94), (1304,243,8,'2024-2025-2',70), (1305,243,9,'2024-2025-2',75), (1306,243,10,'2024-2025-2',80), (1307,243,11,'2024-2025-2',85), (1308,243,12,'2024-2025-2',78), (1309,244,7,'2024-2025-2',82), (1310,244,8,'2024-2025-2',88), (1311,244,9,'2024-2025-2',90), (1312,244,10,'2024-2025-2',92), (1313,244,11,'2024-2025-2',65), (1314,244,12,'2024-2025-2',69), (1315,245,7,'2024-2025-2',74), (1316,245,8,'2024-2025-2',77), (1317,245,9,'2024-2025-2',83), (1318,245,10,'2024-2025-2',86), (1319,245,11,'2024-2025-2',89), (1320,245,12,'2024-2025-2',91), (1321,246,7,'2024-2025-2',93), (1322,246,8,'2024-2025-2',94), (1323,246,9,'2024-2025-2',70), (1324,246,10,'2024-2025-2',75), (1325,246,11,'2024-2025-2',80), (1326,246,12,'2024-2025-2',85), (1327,247,7,'2024-2025-2',78), (1328,247,8,'2024-2025-2',82), (1329,247,9,'2024-2025-2',88), (1330,247,10,'2024-2025-2',90), (1331,247,11,'2024-2025-2',92), (1332,247,12,'2024-2025-2',65), (1333,248,7,'2024-2025-2',69), (1334,248,8,'2024-2025-2',74), (1335,248,9,'2024-2025-2',77), (1336,248,10,'2024-2025-2',83), (1337,248,11,'2024-2025-2',86), (1338,248,12,'2024-2025-2',89), (1339,249,7,'2024-2025-2',91), (1340,249,8,'2024-2025-2',93), (1341,249,9,'2024-2025-2',94), (1342,249,10,'2024-2025-2',70), (1343,249,11,'2024-2025-2',75), (1344,249,12,'2024-2025-2',80), (1345,250,7,'2024-2025-2',85), (1346,250,8,'2024-2025-2',78), (1347,250,9,'2024-2025-2',82), (1348,250,10,'2024-2025-2',88), (1349,250,11,'2024-2025-2',90), (1350,250,12,'2024-2025-2',NULL), (1351,251,8,'2024-2025-2',65), (1352,251,9,'2024-2025-2',69), (1353,251,10,'2024-2025-2',74), (1354,251,11,'2024-2025-2',77), (1355,251,12,'2024-2025-2',83), (1356,251,13,'2024-2025-2',86), (1357,252,8,'2024-2025-2',89), (1358,252,9,'2024-2025-2',91), (1359,252,10,'2024-2025-2',93), (1360,252,11,'2024-2025-2',94), (1361,252,12,'2024-2025-2',70), (1362,252,13,'2024-2025-2',75), (1363,253,8,'2024-2025-2',80), (1364,253,9,'2024-2025-2',85), (1365,253,10,'2024-2025-2',78), (1366,253,11,'2024-2025-2',82), (1367,253,12,'2024-2025-2',88), (1368,253,13,'2024-2025-2',90), (1369,254,8,'2024-2025-2',92), (1370,254,9,'2024-2025-2',65), (1371,254,10,'2024-2025-2',69), (1372,254,11,'2024-2025-2',74), (1373,254,12,'2024-2025-2',77), (1374,254,13,'2024-2025-2',83), (1375,255,8,'2024-2025-2',86), (1376,255,9,'2024-2025-2',89), (1377,255,10,'2024-2025-2',91), (1378,255,11,'2024-2025-2',93), (1379,255,12,'2024-2025-2',94), (1380,255,13,'2024-2025-2',70), (1381,256,8,'2024-2025-2',75), (1382,256,9,'2024-2025-2',80), (1383,256,10,'2024-2025-2',85), (1384,256,11,'2024-2025-2',78), (1385,256,12,'2024-2025-2',82), (1386,256,13,'2024-2025-2',88), (1387,257,8,'2024-2025-2',90), (1388,257,9,'2024-2025-2',92), (1389,257,10,'2024-2025-2',65), (1390,257,11,'2024-2025-2',69), (1391,257,12,'2024-2025-2',74), (1392,257,13,'2024-2025-2',77), (1393,258,8,'2024-2025-2',83), (1394,258,9,'2024-2025-2',86), (1395,258,10,'2024-2025-2',89), (1396,258,11,'2024-2025-2',91), (1397,258,12,'2024-2025-2',93), (1398,258,13,'2024-2025-2',94), (1399,259,8,'2024-2025-2',70), (1400,259,9,'2024-2025-2',NULL), (1401,259,10,'2024-2025-2',80), (1402,259,11,'2024-2025-2',85), (1403,259,12,'2024-2025-2',78), (1404,259,13,'2024-2025-2',82), (1405,260,8,'2024-2025-2',88), (1406,260,9,'2024-2025-2',90), (1407,260,10,'2024-2025-2',92), (1408,260,11,'2024-2025-2',65), (1409,260,12,'2024-2025-2',69), (1410,260,13,'2024-2025-2',74), (1411,261,8,'2024-2025-2',77), (1412,261,9,'2024-2025-2',83), (1413,261,10,'2024-2025-2',86), (1414,261,11,'2024-2025-2',89), (1415,261,12,'2024-2025-2',91), (1416,261,13,'2024-2025-2',93), (1417,262,8,'2024-2025-2',94), (1418,262,9,'2024-2025-2',70), (1419,262,10,'2024-2025-2',75), (1420,262,11,'2024-2025-2',80), (1421,262,12,'2024-2025-2',85), (1422,262,13,'2024-2025-2',78), (1423,263,8,'2024-2025-2',82), (1424,263,9,'2024-2025-2',88), (1425,263,10,'2024-2025-2',90), (1426,263,11,'2024-2025-2',92), (1427,263,12,'2024-2025-2',65), (1428,263,13,'2024-2025-2',69), (1429,264,8,'2024-2025-2',74), (1430,264,9,'2024-2025-2',77), (1431,264,10,'2024-2025-2',83), (1432,264,11,'2024-2025-2',86), (1433,264,12,'2024-2025-2',89), (1434,264,13,'2024-2025-2',91), (1435,265,8,'2024-2025-2',93), (1436,265,9,'2024-2025-2',94), (1437,265,10,'2024-2025-2',70), (1438,265,11,'2024-2025-2',75), (1439,265,12,'2024-2025-2',80), (1440,265,13,'2024-2025-2',85), (1441,266,8,'2024-2025-2',78), (1442,266,9,'2024-2025-2',82), (1443,266,10,'2024-2025-2',88), (1444,266,11,'2024-2025-2',90), (1445,266,12,'2024-2025-2',92), (1446,266,13,'2024-2025-2',65), (1447,267,8,'2024-2025-2',69), (1448,267,9,'2024-2025-2',74), (1449,267,10,'2024-2025-2',77), (1450,267,11,'2024-2025-2',NULL), (1451,267,12,'2024-2025-2',86), (1452,267,13,'2024-2025-2',89), (1453,268,8,'2024-2025-2',91), (1454,268,9,'2024-2025-2',93), (1455,268,10,'2024-2025-2',94), (1456,268,11,'2024-2025-2',70), (1457,268,12,'2024-2025-2',75), (1458,268,13,'2024-2025-2',80), (1459,269,8,'2024-2025-2',85), (1460,269,9,'2024-2025-2',78), (1461,269,10,'2024-2025-2',82), (1462,269,11,'2024-2025-2',88), (1463,269,12,'2024-2025-2',90), (1464,269,13,'2024-2025-2',92), (1465,270,8,'2024-2025-2',65), (1466,270,9,'2024-2025-2',69), (1467,270,10,'2024-2025-2',74), (1468,270,11,'2024-2025-2',77), (1469,270,12,'2024-2025-2',83), (1470,270,13,'2024-2025-2',86), (1471,271,9,'2024-2025-2',89), (1472,271,10,'2024-2025-2',91), (1473,271,11,'2024-2025-2',93), (1474,271,12,'2024-2025-2',94), (1475,271,13,'2024-2025-2',70), (1476,271,14,'2024-2025-2',75), (1477,272,9,'2024-2025-2',80), (1478,272,10,'2024-2025-2',85), (1479,272,11,'2024-2025-2',78), (1480,272,12,'2024-2025-2',82), (1481,272,13,'2024-2025-2',88), (1482,272,14,'2024-2025-2',90), (1483,273,9,'2024-2025-2',92), (1484,273,10,'2024-2025-2',65), (1485,273,11,'2024-2025-2',69), (1486,273,12,'2024-2025-2',74), (1487,273,13,'2024-2025-2',77), (1488,273,14,'2024-2025-2',83), (1489,274,9,'2024-2025-2',86), (1490,274,10,'2024-2025-2',89), (1491,274,11,'2024-2025-2',91), (1492,274,12,'2024-2025-2',93), (1493,274,13,'2024-2025-2',94), (1494,274,14,'2024-2025-2',70), (1495,275,9,'2024-2025-2',75), (1496,275,10,'2024-2025-2',80), (1497,275,11,'2024-2025-2',85), (1498,275,12,'2024-2025-2',78), (1499,275,13,'2024-2025-2',82), (1500,275,14,'2024-2025-2',NULL), (1501,276,9,'2024-2025-2',90), (1502,276,10,'2024-2025-2',92), (1503,276,11,'2024-2025-2',65), (1504,276,12,'2024-2025-2',69), (1505,276,13,'2024-2025-2',74), (1506,276,14,'2024-2025-2',77), (1507,277,9,'2024-2025-2',83), (1508,277,10,'2024-2025-2',86), (1509,277,11,'2024-2025-2',89), (1510,277,12,'2024-2025-2',91), (1511,277,13,'2024-2025-2',93), (1512,277,14,'2024-2025-2',94), (1513,278,9,'2024-2025-2',70), (1514,278,10,'2024-2025-2',75), (1515,278,11,'2024-2025-2',80), (1516,278,12,'2024-2025-2',85), (1517,278,13,'2024-2025-2',78), (1518,278,14,'2024-2025-2',82), (1519,279,9,'2024-2025-2',88), (1520,279,10,'2024-2025-2',90), (1521,279,11,'2024-2025-2',92), (1522,279,12,'2024-2025-2',65), (1523,279,13,'2024-2025-2',69), (1524,279,14,'2024-2025-2',74), (1525,280,9,'2024-2025-2',77), (1526,280,10,'2024-2025-2',83), (1527,280,11,'2024-2025-2',86), (1528,280,12,'2024-2025-2',89), (1529,280,13,'2024-2025-2',91), (1530,280,14,'2024-2025-2',93), (1531,281,9,'2024-2025-2',94), (1532,281,10,'2024-2025-2',70), (1533,281,11,'2024-2025-2',75), (1534,281,12,'2024-2025-2',80), (1535,281,13,'2024-2025-2',85), (1536,281,14,'2024-2025-2',78), (1537,282,9,'2024-2025-2',82), (1538,282,10,'2024-2025-2',88), (1539,282,11,'2024-2025-2',90), (1540,282,12,'2024-2025-2',92), (1541,282,13,'2024-2025-2',65), (1542,282,14,'2024-2025-2',69), (1543,283,9,'2024-2025-2',74), (1544,283,10,'2024-2025-2',77), (1545,283,11,'2024-2025-2',83), (1546,283,12,'2024-2025-2',86), (1547,283,13,'2024-2025-2',89), (1548,283,14,'2024-2025-2',91), (1549,284,9,'2024-2025-2',93), (1550,284,10,'2024-2025-2',NULL), (1551,284,11,'2024-2025-2',70), (1552,284,12,'2024-2025-2',75), (1553,284,13,'2024-2025-2',80), (1554,284,14,'2024-2025-2',85), (1555,285,9,'2024-2025-2',78), (1556,285,10,'2024-2025-2',82), (1557,285,11,'2024-2025-2',88), (1558,285,12,'2024-2025-2',90), (1559,285,13,'2024-2025-2',92), (1560,285,14,'2024-2025-2',65), (1561,286,9,'2024-2025-2',69), (1562,286,10,'2024-2025-2',74), (1563,286,11,'2024-2025-2',77), (1564,286,12,'2024-2025-2',83), (1565,286,13,'2024-2025-2',86), (1566,286,14,'2024-2025-2',89), (1567,287,9,'2024-2025-2',91), (1568,287,10,'2024-2025-2',93), (1569,287,11,'2024-2025-2',94), (1570,287,12,'2024-2025-2',70), (1571,287,13,'2024-2025-2',75), (1572,287,14,'2024-2025-2',80), (1573,288,9,'2024-2025-2',85), (1574,288,10,'2024-2025-2',78), (1575,288,11,'2024-2025-2',82), (1576,288,12,'2024-2025-2',88), (1577,288,13,'2024-2025-2',90), (1578,288,14,'2024-2025-2',92), (1579,289,9,'2024-2025-2',65), (1580,289,10,'2024-2025-2',69), (1581,289,11,'2024-2025-2',74), (1582,289,12,'2024-2025-2',77), (1583,289,13,'2024-2025-2',83), (1584,289,14,'2024-2025-2',86), (1585,290,9,'2024-2025-2',89), (1586,290,10,'2024-2025-2',91), (1587,290,11,'2024-2025-2',93), (1588,290,12,'2024-2025-2',94), (1589,290,13,'2024-2025-2',70), (1590,290,14,'2024-2025-2',75), (1591,291,10,'2024-2025-2',80), (1592,291,11,'2024-2025-2',85), (1593,291,12,'2024-2025-2',78), (1594,291,13,'2024-2025-2',82), (1595,291,14,'2024-2025-2',88), (1596,291,15,'2024-2025-2',90), (1597,292,10,'2024-2025-2',92), (1598,292,11,'2024-2025-2',65), (1599,292,12,'2024-2025-2',69), (1600,292,13,'2024-2025-2',NULL), (1601,292,14,'2024-2025-2',77), (1602,292,15,'2024-2025-2',83), (1603,293,10,'2024-2025-2',86), (1604,293,11,'2024-2025-2',89), (1605,293,12,'2024-2025-2',91), (1606,293,13,'2024-2025-2',93), (1607,293,14,'2024-2025-2',94), (1608,293,15,'2024-2025-2',70), (1609,294,10,'2024-2025-2',75), (1610,294,11,'2024-2025-2',80), (1611,294,12,'2024-2025-2',85), (1612,294,13,'2024-2025-2',78), (1613,294,14,'2024-2025-2',82), (1614,294,15,'2024-2025-2',88), (1615,295,10,'2024-2025-2',90), (1616,295,11,'2024-2025-2',92), (1617,295,12,'2024-2025-2',65), (1618,295,13,'2024-2025-2',69), (1619,295,14,'2024-2025-2',74), (1620,295,15,'2024-2025-2',77), (1621,296,10,'2024-2025-2',83), (1622,296,11,'2024-2025-2',86), (1623,296,12,'2024-2025-2',89), (1624,296,13,'2024-2025-2',91), (1625,296,14,'2024-2025-2',93), (1626,296,15,'2024-2025-2',94), (1627,297,10,'2024-2025-2',70), (1628,297,11,'2024-2025-2',75), (1629,297,12,'2024-2025-2',80), (1630,297,13,'2024-2025-2',85), (1631,297,14,'2024-2025-2',78), (1632,297,15,'2024-2025-2',82), (1633,298,10,'2024-2025-2',88), (1634,298,11,'2024-2025-2',90), (1635,298,12,'2024-2025-2',92), (1636,298,13,'2024-2025-2',65), (1637,298,14,'2024-2025-2',69), (1638,298,15,'2024-2025-2',74), (1639,299,10,'2024-2025-2',77), (1640,299,11,'2024-2025-2',83), (1641,299,12,'2024-2025-2',86), (1642,299,13,'2024-2025-2',89), (1643,299,14,'2024-2025-2',91), (1644,299,15,'2024-2025-2',93), (1645,300,10,'2024-2025-2',94), (1646,300,11,'2024-2025-2',70), (1647,300,12,'2024-2025-2',75), (1648,300,13,'2024-2025-2',80), (1649,300,14,'2024-2025-2',85), (1650,300,15,'2024-2025-2',NULL), (1651,301,10,'2024-2025-2',82), (1652,301,11,'2024-2025-2',88), (1653,301,12,'2024-2025-2',90), (1654,301,13,'2024-2025-2',92), (1655,301,14,'2024-2025-2',65), (1656,301,15,'2024-2025-2',69), (1657,302,10,'2024-2025-2',74), (1658,302,11,'2024-2025-2',77), (1659,302,12,'2024-2025-2',83), (1660,302,13,'2024-2025-2',86), (1661,302,14,'2024-2025-2',89), (1662,302,15,'2024-2025-2',91), (1663,303,10,'2024-2025-2',93), (1664,303,11,'2024-2025-2',94), (1665,303,12,'2024-2025-2',70), (1666,303,13,'2024-2025-2',75), (1667,303,14,'2024-2025-2',80), (1668,303,15,'2024-2025-2',85), (1669,304,10,'2024-2025-2',78), (1670,304,11,'2024-2025-2',82), (1671,304,12,'2024-2025-2',88), (1672,304,13,'2024-2025-2',90), (1673,304,14,'2024-2025-2',92), (1674,304,15,'2024-2025-2',65), (1675,305,10,'2024-2025-2',69), (1676,305,11,'2024-2025-2',74), (1677,305,12,'2024-2025-2',77), (1678,305,13,'2024-2025-2',83), (1679,305,14,'2024-2025-2',86), (1680,305,15,'2024-2025-2',89), (1681,306,10,'2024-2025-2',91), (1682,306,11,'2024-2025-2',93), (1683,306,12,'2024-2025-2',94), (1684,306,13,'2024-2025-2',70), (1685,306,14,'2024-2025-2',75), (1686,306,15,'2024-2025-2',80), (1687,307,10,'2024-2025-2',85), (1688,307,11,'2024-2025-2',78), (1689,307,12,'2024-2025-2',82), (1690,307,13,'2024-2025-2',88), (1691,307,14,'2024-2025-2',90), (1692,307,15,'2024-2025-2',92), (1693,308,10,'2024-2025-2',65), (1694,308,11,'2024-2025-2',69), (1695,308,12,'2024-2025-2',74), (1696,308,13,'2024-2025-2',77), (1697,308,14,'2024-2025-2',83), (1698,308,15,'2024-2025-2',86), (1699,309,10,'2024-2025-2',89), (1700,309,11,'2024-2025-2',NULL), (1701,309,12,'2024-2025-2',93), (1702,309,13,'2024-2025-2',94), (1703,309,14,'2024-2025-2',70), (1704,309,15,'2024-2025-2',75), (1705,310,10,'2024-2025-2',80), (1706,310,11,'2024-2025-2',85), (1707,310,12,'2024-2025-2',78), (1708,310,13,'2024-2025-2',82), (1709,310,14,'2024-2025-2',88), (1710,310,15,'2024-2025-2',90), (1711,311,11,'2024-2025-2',92), (1712,311,12,'2024-2025-2',65), (1713,311,13,'2024-2025-2',69), (1714,311,14,'2024-2025-2',74), (1715,311,15,'2024-2025-2',77), (1716,311,16,'2024-2025-2',83), (1717,312,11,'2024-2025-2',86), (1718,312,12,'2024-2025-2',89), (1719,312,13,'2024-2025-2',91), (1720,312,14,'2024-2025-2',93), (1721,312,15,'2024-2025-2',94), (1722,312,16,'2024-2025-2',70), (1723,313,11,'2024-2025-2',75), (1724,313,12,'2024-2025-2',80), (1725,313,13,'2024-2025-2',85), (1726,313,14,'2024-2025-2',78), (1727,313,15,'2024-2025-2',82), (1728,313,16,'2024-2025-2',88), (1729,314,11,'2024-2025-2',90), (1730,314,12,'2024-2025-2',92), (1731,314,13,'2024-2025-2',65), (1732,314,14,'2024-2025-2',69), (1733,314,15,'2024-2025-2',74), (1734,314,16,'2024-2025-2',77), (1735,315,11,'2024-2025-2',83), (1736,315,12,'2024-2025-2',86), (1737,315,13,'2024-2025-2',89), (1738,315,14,'2024-2025-2',91), (1739,315,15,'2024-2025-2',93), (1740,315,16,'2024-2025-2',94), (1741,316,11,'2024-2025-2',70), (1742,316,12,'2024-2025-2',75), (1743,316,13,'2024-2025-2',80), (1744,316,14,'2024-2025-2',85), (1745,316,15,'2024-2025-2',78), (1746,316,16,'2024-2025-2',82), (1747,317,11,'2024-2025-2',88), (1748,317,12,'2024-2025-2',90), (1749,317,13,'2024-2025-2',92), (1750,317,14,'2024-2025-2',NULL), (1751,317,15,'2024-2025-2',69), (1752,317,16,'2024-2025-2',74), (1753,318,11,'2024-2025-2',77), (1754,318,12,'2024-2025-2',83), (1755,318,13,'2024-2025-2',86), (1756,318,14,'2024-2025-2',89), (1757,318,15,'2024-2025-2',91), (1758,318,16,'2024-2025-2',93), (1759,319,11,'2024-2025-2',94), (1760,319,12,'2024-2025-2',70), (1761,319,13,'2024-2025-2',75), (1762,319,14,'2024-2025-2',80), (1763,319,15,'2024-2025-2',85), (1764,319,16,'2024-2025-2',78), (1765,320,11,'2024-2025-2',82), (1766,320,12,'2024-2025-2',88), (1767,320,13,'2024-2025-2',90), (1768,320,14,'2024-2025-2',92), (1769,320,15,'2024-2025-2',65), (1770,320,16,'2024-2025-2',69), (1771,321,11,'2024-2025-2',74), (1772,321,12,'2024-2025-2',77), (1773,321,13,'2024-2025-2',83), (1774,321,14,'2024-2025-2',86), (1775,321,15,'2024-2025-2',89), (1776,321,16,'2024-2025-2',91), (1777,322,11,'2024-2025-2',93), (1778,322,12,'2024-2025-2',94), (1779,322,13,'2024-2025-2',70), (1780,322,14,'2024-2025-2',75), (1781,322,15,'2024-2025-2',80), (1782,322,16,'2024-2025-2',85), (1783,323,11,'2024-2025-2',78), (1784,323,12,'2024-2025-2',82), (1785,323,13,'2024-2025-2',88), (1786,323,14,'2024-2025-2',90), (1787,323,15,'2024-2025-2',92), (1788,323,16,'2024-2025-2',65), (1789,324,11,'2024-2025-2',69), (1790,324,12,'2024-2025-2',74), (1791,324,13,'2024-2025-2',77), (1792,324,14,'2024-2025-2',83), (1793,324,15,'2024-2025-2',86), (1794,324,16,'2024-2025-2',89), (1795,325,11,'2024-2025-2',91), (1796,325,12,'2024-2025-2',93), (1797,325,13,'2024-2025-2',94), (1798,325,14,'2024-2025-2',70), (1799,325,15,'2024-2025-2',75), (1800,325,16,'2024-2025-2',NULL), (1801,326,11,'2024-2025-2',85), (1802,326,12,'2024-2025-2',78), (1803,326,13,'2024-2025-2',82), (1804,326,14,'2024-2025-2',88), (1805,326,15,'2024-2025-2',90), (1806,326,16,'2024-2025-2',92), (1807,327,11,'2024-2025-2',65), (1808,327,12,'2024-2025-2',69), (1809,327,13,'2024-2025-2',74), (1810,327,14,'2024-2025-2',77), (1811,327,15,'2024-2025-2',83), (1812,327,16,'2024-2025-2',86), (1813,328,11,'2024-2025-2',89), (1814,328,12,'2024-2025-2',91), (1815,328,13,'2024-2025-2',93), (1816,328,14,'2024-2025-2',94), (1817,328,15,'2024-2025-2',70), (1818,328,16,'2024-2025-2',75), (1819,329,11,'2024-2025-2',80), (1820,329,12,'2024-2025-2',85), (1821,329,13,'2024-2025-2',78), (1822,329,14,'2024-2025-2',82), (1823,329,15,'2024-2025-2',88), (1824,329,16,'2024-2025-2',90), (1825,330,11,'2024-2025-2',92), (1826,330,12,'2024-2025-2',65), (1827,330,13,'2024-2025-2',69), (1828,330,14,'2024-2025-2',74), (1829,330,15,'2024-2025-2',77), (1830,330,16,'2024-2025-2',83), (1831,331,12,'2024-2025-2',86), (1832,331,13,'2024-2025-2',89), (1833,331,14,'2024-2025-2',91), (1834,331,15,'2024-2025-2',93), (1835,331,16,'2024-2025-2',94), (1836,331,17,'2024-2025-2',70), (1837,332,12,'2024-2025-2',75), (1838,332,13,'2024-2025-2',80), (1839,332,14,'2024-2025-2',85), (1840,332,15,'2024-2025-2',78), (1841,332,16,'2024-2025-2',82), (1842,332,17,'2024-2025-2',88), (1843,333,12,'2024-2025-2',90), (1844,333,13,'2024-2025-2',92), (1845,333,14,'2024-2025-2',65), (1846,333,15,'2024-2025-2',69), (1847,333,16,'2024-2025-2',74), (1848,333,17,'2024-2025-2',77), (1849,334,12,'2024-2025-2',83), (1850,334,13,'2024-2025-2',NULL), (1851,334,14,'2024-2025-2',89), (1852,334,15,'2024-2025-2',91), (1853,334,16,'2024-2025-2',93), (1854,334,17,'2024-2025-2',94), (1855,335,12,'2024-2025-2',70), (1856,335,13,'2024-2025-2',75), (1857,335,14,'2024-2025-2',80), (1858,335,15,'2024-2025-2',85), (1859,335,16,'2024-2025-2',78), (1860,335,17,'2024-2025-2',82), (1861,336,12,'2024-2025-2',88), (1862,336,13,'2024-2025-2',90), (1863,336,14,'2024-2025-2',92), (1864,336,15,'2024-2025-2',65), (1865,336,16,'2024-2025-2',69), (1866,336,17,'2024-2025-2',74), (1867,337,12,'2024-2025-2',77), (1868,337,13,'2024-2025-2',83), (1869,337,14,'2024-2025-2',86), (1870,337,15,'2024-2025-2',89), (1871,337,16,'2024-2025-2',91), (1872,337,17,'2024-2025-2',93), (1873,338,12,'2024-2025-2',94), (1874,338,13,'2024-2025-2',70), (1875,338,14,'2024-2025-2',75), (1876,338,15,'2024-2025-2',80), (1877,338,16,'2024-2025-2',85), (1878,338,17,'2024-2025-2',78), (1879,339,12,'2024-2025-2',82), (1880,339,13,'2024-2025-2',88), (1881,339,14,'2024-2025-2',90), (1882,339,15,'2024-2025-2',92), (1883,339,16,'2024-2025-2',65), (1884,339,17,'2024-2025-2',69), (1885,340,12,'2024-2025-2',74), (1886,340,13,'2024-2025-2',77), (1887,340,14,'2024-2025-2',83), (1888,340,15,'2024-2025-2',86), (1889,340,16,'2024-2025-2',89), (1890,340,17,'2024-2025-2',91), (1891,341,12,'2024-2025-2',93), (1892,341,13,'2024-2025-2',94), (1893,341,14,'2024-2025-2',70), (1894,341,15,'2024-2025-2',75), (1895,341,16,'2024-2025-2',80), (1896,341,17,'2024-2025-2',85), (1897,342,12,'2024-2025-2',78), (1898,342,13,'2024-2025-2',82), (1899,342,14,'2024-2025-2',88), (1900,342,15,'2024-2025-2',NULL), (1901,342,16,'2024-2025-2',92), (1902,342,17,'2024-2025-2',65), (1903,343,12,'2024-2025-2',69), (1904,343,13,'2024-2025-2',74), (1905,343,14,'2024-2025-2',77), (1906,343,15,'2024-2025-2',83), (1907,343,16,'2024-2025-2',86), (1908,343,17,'2024-2025-2',89), (1909,344,12,'2024-2025-2',91), (1910,344,13,'2024-2025-2',93), (1911,344,14,'2024-2025-2',94), (1912,344,15,'2024-2025-2',70), (1913,344,16,'2024-2025-2',75), (1914,344,17,'2024-2025-2',80), (1915,345,12,'2024-2025-2',85), (1916,345,13,'2024-2025-2',78), (1917,345,14,'2024-2025-2',82), (1918,345,15,'2024-2025-2',88), (1919,345,16,'2024-2025-2',90), (1920,345,17,'2024-2025-2',92), (1921,346,12,'2024-2025-2',65), (1922,346,13,'2024-2025-2',69), (1923,346,14,'2024-2025-2',74), (1924,346,15,'2024-2025-2',77), (1925,346,16,'2024-2025-2',83), (1926,346,17,'2024-2025-2',86), (1927,347,12,'2024-2025-2',89), (1928,347,13,'2024-2025-2',91), (1929,347,14,'2024-2025-2',93), (1930,347,15,'2024-2025-2',94), (1931,347,16,'2024-2025-2',70), (1932,347,17,'2024-2025-2',75), (1933,348,12,'2024-2025-2',80), (1934,348,13,'2024-2025-2',85), (1935,348,14,'2024-2025-2',78), (1936,348,15,'2024-2025-2',82), (1937,348,16,'2024-2025-2',88), (1938,348,17,'2024-2025-2',90), (1939,349,12,'2024-2025-2',92), (1940,349,13,'2024-2025-2',65), (1941,349,14,'2024-2025-2',69), (1942,349,15,'2024-2025-2',74), (1943,349,16,'2024-2025-2',77), (1944,349,17,'2024-2025-2',83), (1945,350,12,'2024-2025-2',86), (1946,350,13,'2024-2025-2',89), (1947,350,14,'2024-2025-2',91), (1948,350,15,'2024-2025-2',93), (1949,350,16,'2024-2025-2',94), (1950,350,17,'2024-2025-2',NULL), (1951,351,13,'2024-2025-2',75), (1952,351,14,'2024-2025-2',80), (1953,351,15,'2024-2025-2',85), (1954,351,16,'2024-2025-2',78), (1955,351,17,'2024-2025-2',82), (1956,351,18,'2024-2025-2',88), (1957,352,13,'2024-2025-2',90), (1958,352,14,'2024-2025-2',92), (1959,352,15,'2024-2025-2',65), (1960,352,16,'2024-2025-2',69), (1961,352,17,'2024-2025-2',74), (1962,352,18,'2024-2025-2',77), (1963,353,13,'2024-2025-2',83), (1964,353,14,'2024-2025-2',86), (1965,353,15,'2024-2025-2',89), (1966,353,16,'2024-2025-2',91), (1967,353,17,'2024-2025-2',93), (1968,353,18,'2024-2025-2',94), (1969,354,13,'2024-2025-2',70), (1970,354,14,'2024-2025-2',75), (1971,354,15,'2024-2025-2',80), (1972,354,16,'2024-2025-2',85), (1973,354,17,'2024-2025-2',78), (1974,354,18,'2024-2025-2',82), (1975,355,13,'2024-2025-2',88), (1976,355,14,'2024-2025-2',90), (1977,355,15,'2024-2025-2',92), (1978,355,16,'2024-2025-2',65), (1979,355,17,'2024-2025-2',69), (1980,355,18,'2024-2025-2',74), (1981,356,13,'2024-2025-2',77), (1982,356,14,'2024-2025-2',83), (1983,356,15,'2024-2025-2',86), (1984,356,16,'2024-2025-2',89), (1985,356,17,'2024-2025-2',91), (1986,356,18,'2024-2025-2',93), (1987,357,13,'2024-2025-2',94), (1988,357,14,'2024-2025-2',70), (1989,357,15,'2024-2025-2',75), (1990,357,16,'2024-2025-2',80), (1991,357,17,'2024-2025-2',85), (1992,357,18,'2024-2025-2',78), (1993,358,13,'2024-2025-2',82), (1994,358,14,'2024-2025-2',88), (1995,358,15,'2024-2025-2',90), (1996,358,16,'2024-2025-2',92), (1997,358,17,'2024-2025-2',65), (1998,358,18,'2024-2025-2',69), (1999,359,13,'2024-2025-2',74), (2000,359,14,'2024-2025-2',NULL), (2001,359,15,'2024-2025-2',83), (2002,359,16,'2024-2025-2',86), (2003,359,17,'2024-2025-2',89), (2004,359,18,'2024-2025-2',91), (2005,360,13,'2024-2025-2',93), (2006,360,14,'2024-2025-2',94), (2007,360,15,'2024-2025-2',70), (2008,360,16,'2024-2025-2',75), (2009,360,17,'2024-2025-2',80), (2010,360,18,'2024-2025-2',85), (2011,361,13,'2024-2025-2',78), (2012,361,14,'2024-2025-2',82), (2013,361,15,'2024-2025-2',88), (2014,361,16,'2024-2025-2',90), (2015,361,17,'2024-2025-2',92), (2016,361,18,'2024-2025-2',65), (2017,362,13,'2024-2025-2',69), (2018,362,14,'2024-2025-2',74), (2019,362,15,'2024-2025-2',77), (2020,362,16,'2024-2025-2',83), (2021,362,17,'2024-2025-2',86), (2022,362,18,'2024-2025-2',89), (2023,363,13,'2024-2025-2',91), (2024,363,14,'2024-2025-2',93), (2025,363,15,'2024-2025-2',94), (2026,363,16,'2024-2025-2',70), (2027,363,17,'2024-2025-2',75), (2028,363,18,'2024-2025-2',80), (2029,364,13,'2024-2025-2',85), (2030,364,14,'2024-2025-2',78), (2031,364,15,'2024-2025-2',82), (2032,364,16,'2024-2025-2',88), (2033,364,17,'2024-2025-2',90), (2034,364,18,'2024-2025-2',92), (2035,365,13,'2024-2025-2',65), (2036,365,14,'2024-2025-2',69), (2037,365,15,'2024-2025-2',74), (2038,365,16,'2024-2025-2',77), (2039,365,17,'2024-2025-2',83), (2040,365,18,'2024-2025-2',86), (2041,366,13,'2024-2025-2',89), (2042,366,14,'2024-2025-2',91), (2043,366,15,'2024-2025-2',93), (2044,366,16,'2024-2025-2',94), (2045,366,17,'2024-2025-2',70), (2046,366,18,'2024-2025-2',75), (2047,367,13,'2024-2025-2',80), (2048,367,14,'2024-2025-2',85), (2049,367,15,'2024-2025-2',78), (2050,367,16,'2024-2025-2',NULL), (2051,367,17,'2024-2025-2',88), (2052,367,18,'2024-2025-2',90), (2053,368,13,'2024-2025-2',92), (2054,368,14,'2024-2025-2',65), (2055,368,15,'2024-2025-2',69), (2056,368,16,'2024-2025-2',74), (2057,368,17,'2024-2025-2',77), (2058,368,18,'2024-2025-2',83), (2059,369,13,'2024-2025-2',86), (2060,369,14,'2024-2025-2',89), (2061,369,15,'2024-2025-2',91), (2062,369,16,'2024-2025-2',93), (2063,369,17,'2024-2025-2',94), (2064,369,18,'2024-2025-2',70), (2065,370,13,'2024-2025-2',75), (2066,370,14,'2024-2025-2',80), (2067,370,15,'2024-2025-2',85), (2068,370,16,'2024-2025-2',78), (2069,370,17,'2024-2025-2',82), (2070,370,18,'2024-2025-2',88), (2071,371,14,'2024-2025-2',90), (2072,371,15,'2024-2025-2',92), (2073,371,16,'2024-2025-2',65), (2074,371,17,'2024-2025-2',69), (2075,371,18,'2024-2025-2',74), (2076,371,19,'2024-2025-2',77), (2077,372,14,'2024-2025-2',83), (2078,372,15,'2024-2025-2',86), (2079,372,16,'2024-2025-2',89), (2080,372,17,'2024-2025-2',91), (2081,372,18,'2024-2025-2',93), (2082,372,19,'2024-2025-2',94), (2083,373,14,'2024-2025-2',70), (2084,373,15,'2024-2025-2',75), (2085,373,16,'2024-2025-2',80), (2086,373,17,'2024-2025-2',85), (2087,373,18,'2024-2025-2',78), (2088,373,19,'2024-2025-2',82), (2089,374,14,'2024-2025-2',88), (2090,374,15,'2024-2025-2',90), (2091,374,16,'2024-2025-2',92), (2092,374,17,'2024-2025-2',65), (2093,374,18,'2024-2025-2',69), (2094,374,19,'2024-2025-2',74), (2095,375,14,'2024-2025-2',77), (2096,375,15,'2024-2025-2',83), (2097,375,16,'2024-2025-2',86), (2098,375,17,'2024-2025-2',89), (2099,375,18,'2024-2025-2',91), (2100,375,19,'2024-2025-2',NULL), (2101,376,14,'2024-2025-2',94), (2102,376,15,'2024-2025-2',70), (2103,376,16,'2024-2025-2',75), (2104,376,17,'2024-2025-2',80), (2105,376,18,'2024-2025-2',85), (2106,376,19,'2024-2025-2',78), (2107,377,14,'2024-2025-2',82), (2108,377,15,'2024-2025-2',88), (2109,377,16,'2024-2025-2',90), (2110,377,17,'2024-2025-2',92), (2111,377,18,'2024-2025-2',65), (2112,377,19,'2024-2025-2',69), (2113,378,14,'2024-2025-2',74), (2114,378,15,'2024-2025-2',77), (2115,378,16,'2024-2025-2',83), (2116,378,17,'2024-2025-2',86), (2117,378,18,'2024-2025-2',89), (2118,378,19,'2024-2025-2',91), (2119,379,14,'2024-2025-2',93), (2120,379,15,'2024-2025-2',94), (2121,379,16,'2024-2025-2',70), (2122,379,17,'2024-2025-2',75), (2123,379,18,'2024-2025-2',80), (2124,379,19,'2024-2025-2',85), (2125,380,14,'2024-2025-2',78), (2126,380,15,'2024-2025-2',82), (2127,380,16,'2024-2025-2',88), (2128,380,17,'2024-2025-2',90), (2129,380,18,'2024-2025-2',92), (2130,380,19,'2024-2025-2',65), (2131,381,14,'2024-2025-2',69), (2132,381,15,'2024-2025-2',74), (2133,381,16,'2024-2025-2',77), (2134,381,17,'2024-2025-2',83), (2135,381,18,'2024-2025-2',86), (2136,381,19,'2024-2025-2',89), (2137,382,14,'2024-2025-2',91), (2138,382,15,'2024-2025-2',93), (2139,382,16,'2024-2025-2',94), (2140,382,17,'2024-2025-2',70), (2141,382,18,'2024-2025-2',75), (2142,382,19,'2024-2025-2',80), (2143,383,14,'2024-2025-2',85), (2144,383,15,'2024-2025-2',78), (2145,383,16,'2024-2025-2',82), (2146,383,17,'2024-2025-2',88), (2147,383,18,'2024-2025-2',90), (2148,383,19,'2024-2025-2',92), (2149,384,14,'2024-2025-2',65), (2150,384,15,'2024-2025-2',NULL), (2151,384,16,'2024-2025-2',74), (2152,384,17,'2024-2025-2',77), (2153,384,18,'2024-2025-2',83), (2154,384,19,'2024-2025-2',86), (2155,385,14,'2024-2025-2',89), (2156,385,15,'2024-2025-2',91), (2157,385,16,'2024-2025-2',93), (2158,385,17,'2024-2025-2',94), (2159,385,18,'2024-2025-2',70), (2160,385,19,'2024-2025-2',75), (2161,386,14,'2024-2025-2',80), (2162,386,15,'2024-2025-2',85), (2163,386,16,'2024-2025-2',78), (2164,386,17,'2024-2025-2',82), (2165,386,18,'2024-2025-2',88), (2166,386,19,'2024-2025-2',90), (2167,387,14,'2024-2025-2',92), (2168,387,15,'2024-2025-2',65), (2169,387,16,'2024-2025-2',69), (2170,387,17,'2024-2025-2',74), (2171,387,18,'2024-2025-2',77), (2172,387,19,'2024-2025-2',83), (2173,388,14,'2024-2025-2',86), (2174,388,15,'2024-2025-2',89), (2175,388,16,'2024-2025-2',91), (2176,388,17,'2024-2025-2',93), (2177,388,18,'2024-2025-2',94), (2178,388,19,'2024-2025-2',70), (2179,389,14,'2024-2025-2',75), (2180,389,15,'2024-2025-2',80), (2181,389,16,'2024-2025-2',85), (2182,389,17,'2024-2025-2',78), (2183,389,18,'2024-2025-2',82), (2184,389,19,'2024-2025-2',88), (2185,390,14,'2024-2025-2',90), (2186,390,15,'2024-2025-2',92), (2187,390,16,'2024-2025-2',65), (2188,390,17,'2024-2025-2',69), (2189,390,18,'2024-2025-2',74), (2190,390,19,'2024-2025-2',77), (2191,391,15,'2024-2025-2',83), (2192,391,16,'2024-2025-2',86), (2193,391,17,'2024-2025-2',89), (2194,391,18,'2024-2025-2',91), (2195,391,19,'2024-2025-2',93), (2196,391,20,'2024-2025-2',94), (2197,392,15,'2024-2025-2',70), (2198,392,16,'2024-2025-2',75), (2199,392,17,'2024-2025-2',80), (2200,392,18,'2024-2025-2',NULL), (2201,392,19,'2024-2025-2',78), (2202,392,20,'2024-2025-2',82), (2203,393,15,'2024-2025-2',88), (2204,393,16,'2024-2025-2',90), (2205,393,17,'2024-2025-2',92), (2206,393,18,'2024-2025-2',65), (2207,393,19,'2024-2025-2',69), (2208,393,20,'2024-2025-2',74), (2209,394,15,'2024-2025-2',77), (2210,394,16,'2024-2025-2',83), (2211,394,17,'2024-2025-2',86), (2212,394,18,'2024-2025-2',89), (2213,394,19,'2024-2025-2',91), (2214,394,20,'2024-2025-2',93), (2215,395,15,'2024-2025-2',94), (2216,395,16,'2024-2025-2',70), (2217,395,17,'2024-2025-2',75), (2218,395,18,'2024-2025-2',80), (2219,395,19,'2024-2025-2',85), (2220,395,20,'2024-2025-2',78), (2221,396,15,'2024-2025-2',82), (2222,396,16,'2024-2025-2',88), (2223,396,17,'2024-2025-2',90), (2224,396,18,'2024-2025-2',92), (2225,396,19,'2024-2025-2',65), (2226,396,20,'2024-2025-2',69), (2227,397,15,'2024-2025-2',74), (2228,397,16,'2024-2025-2',77), (2229,397,17,'2024-2025-2',83), (2230,397,18,'2024-2025-2',86), (2231,397,19,'2024-2025-2',89), (2232,397,20,'2024-2025-2',91), (2233,398,15,'2024-2025-2',93), (2234,398,16,'2024-2025-2',94), (2235,398,17,'2024-2025-2',70), (2236,398,18,'2024-2025-2',75), (2237,398,19,'2024-2025-2',80), (2238,398,20,'2024-2025-2',85), (2239,399,15,'2024-2025-2',78), (2240,399,16,'2024-2025-2',82), (2241,399,17,'2024-2025-2',88), (2242,399,18,'2024-2025-2',90), (2243,399,19,'2024-2025-2',92), (2244,399,20,'2024-2025-2',65), (2245,400,15,'2024-2025-2',69), (2246,400,16,'2024-2025-2',74), (2247,400,17,'2024-2025-2',77), (2248,400,18,'2024-2025-2',83), (2249,400,19,'2024-2025-2',86), (2250,400,20,'2024-2025-2',NULL), (2251,401,15,'2024-2025-2',91), (2252,401,16,'2024-2025-2',93), (2253,401,17,'2024-2025-2',94), (2254,401,18,'2024-2025-2',70), (2255,401,19,'2024-2025-2',75), (2256,401,20,'2024-2025-2',80), (2257,402,15,'2024-2025-2',85), (2258,402,16,'2024-2025-2',78), (2259,402,17,'2024-2025-2',82), (2260,402,18,'2024-2025-2',88), (2261,402,19,'2024-2025-2',90), (2262,402,20,'2024-2025-2',92), (2263,403,15,'2024-2025-2',65), (2264,403,16,'2024-2025-2',69), (2265,403,17,'2024-2025-2',74), (2266,403,18,'2024-2025-2',77), (2267,403,19,'2024-2025-2',83), (2268,403,20,'2024-2025-2',86), (2269,404,15,'2024-2025-2',89), (2270,404,16,'2024-2025-2',91), (2271,404,17,'2024-2025-2',93), (2272,404,18,'2024-2025-2',94), (2273,404,19,'2024-2025-2',70), (2274,404,20,'2024-2025-2',75), (2275,405,15,'2024-2025-2',80), (2276,405,16,'2024-2025-2',85), (2277,405,17,'2024-2025-2',78), (2278,405,18,'2024-2025-2',82), (2279,405,19,'2024-2025-2',88), (2280,405,20,'2024-2025-2',90), (2281,406,15,'2024-2025-2',92), (2282,406,16,'2024-2025-2',65), (2283,406,17,'2024-2025-2',69), (2284,406,18,'2024-2025-2',74), (2285,406,19,'2024-2025-2',77), (2286,406,20,'2024-2025-2',83), (2287,407,15,'2024-2025-2',86), (2288,407,16,'2024-2025-2',89), (2289,407,17,'2024-2025-2',91), (2290,407,18,'2024-2025-2',93), (2291,407,19,'2024-2025-2',94), (2292,407,20,'2024-2025-2',70), (2293,408,15,'2024-2025-2',75), (2294,408,16,'2024-2025-2',80), (2295,408,17,'2024-2025-2',85), (2296,408,18,'2024-2025-2',78), (2297,408,19,'2024-2025-2',82), (2298,408,20,'2024-2025-2',88), (2299,409,15,'2024-2025-2',90), (2300,409,16,'2024-2025-2',NULL), (2301,409,17,'2024-2025-2',65), (2302,409,18,'2024-2025-2',69), (2303,409,19,'2024-2025-2',74), (2304,409,20,'2024-2025-2',77), (2305,410,15,'2024-2025-2',83), (2306,410,16,'2024-2025-2',86), (2307,410,17,'2024-2025-2',89), (2308,410,18,'2024-2025-2',91), (2309,410,19,'2024-2025-2',93), (2310,410,20,'2024-2025-2',94), (2311,411,16,'2024-2025-2',70), (2312,411,17,'2024-2025-2',75), (2313,411,18,'2024-2025-2',80), (2314,411,19,'2024-2025-2',85), (2315,411,20,'2024-2025-2',78), (2316,411,21,'2024-2025-2',82), (2317,412,16,'2024-2025-2',88), (2318,412,17,'2024-2025-2',90), (2319,412,18,'2024-2025-2',92), (2320,412,19,'2024-2025-2',65), (2321,412,20,'2024-2025-2',69), (2322,412,21,'2024-2025-2',74), (2323,413,16,'2024-2025-2',77), (2324,413,17,'2024-2025-2',83), (2325,413,18,'2024-2025-2',86), (2326,413,19,'2024-2025-2',89), (2327,413,20,'2024-2025-2',91), (2328,413,21,'2024-2025-2',93), (2329,414,16,'2024-2025-2',94), (2330,414,17,'2024-2025-2',70), (2331,414,18,'2024-2025-2',75), (2332,414,19,'2024-2025-2',80), (2333,414,20,'2024-2025-2',85), (2334,414,21,'2024-2025-2',78), (2335,415,16,'2024-2025-2',82), (2336,415,17,'2024-2025-2',88), (2337,415,18,'2024-2025-2',90), (2338,415,19,'2024-2025-2',92), (2339,415,20,'2024-2025-2',65), (2340,415,21,'2024-2025-2',69), (2341,416,16,'2024-2025-2',74), (2342,416,17,'2024-2025-2',77), (2343,416,18,'2024-2025-2',83), (2344,416,19,'2024-2025-2',86), (2345,416,20,'2024-2025-2',89), (2346,416,21,'2024-2025-2',91), (2347,417,16,'2024-2025-2',93), (2348,417,17,'2024-2025-2',94), (2349,417,18,'2024-2025-2',70), (2350,417,19,'2024-2025-2',NULL), (2351,417,20,'2024-2025-2',80), (2352,417,21,'2024-2025-2',85), (2353,418,16,'2024-2025-2',78), (2354,418,17,'2024-2025-2',82), (2355,418,18,'2024-2025-2',88), (2356,418,19,'2024-2025-2',90), (2357,418,20,'2024-2025-2',92), (2358,418,21,'2024-2025-2',65), (2359,419,16,'2024-2025-2',69), (2360,419,17,'2024-2025-2',74), (2361,419,18,'2024-2025-2',77), (2362,419,19,'2024-2025-2',83), (2363,419,20,'2024-2025-2',86), (2364,419,21,'2024-2025-2',89), (2365,420,16,'2024-2025-2',91), (2366,420,17,'2024-2025-2',93), (2367,420,18,'2024-2025-2',94), (2368,420,19,'2024-2025-2',70), (2369,420,20,'2024-2025-2',75), (2370,420,21,'2024-2025-2',80), (2371,421,16,'2024-2025-2',85), (2372,421,17,'2024-2025-2',78), (2373,421,18,'2024-2025-2',82), (2374,421,19,'2024-2025-2',88), (2375,421,20,'2024-2025-2',90), (2376,421,21,'2024-2025-2',92), (2377,422,16,'2024-2025-2',65), (2378,422,17,'2024-2025-2',69), (2379,422,18,'2024-2025-2',74), (2380,422,19,'2024-2025-2',77), (2381,422,20,'2024-2025-2',83), (2382,422,21,'2024-2025-2',86), (2383,423,16,'2024-2025-2',89), (2384,423,17,'2024-2025-2',91), (2385,423,18,'2024-2025-2',93), (2386,423,19,'2024-2025-2',94), (2387,423,20,'2024-2025-2',70), (2388,423,21,'2024-2025-2',75), (2389,424,16,'2024-2025-2',80), (2390,424,17,'2024-2025-2',85), (2391,424,18,'2024-2025-2',78), (2392,424,19,'2024-2025-2',82), (2393,424,20,'2024-2025-2',88), (2394,424,21,'2024-2025-2',90), (2395,425,16,'2024-2025-2',92), (2396,425,17,'2024-2025-2',65), (2397,425,18,'2024-2025-2',69), (2398,425,19,'2024-2025-2',74), (2399,425,20,'2024-2025-2',77), (2400,425,21,'2024-2025-2',NULL), (2401,426,16,'2024-2025-2',86), (2402,426,17,'2024-2025-2',89), (2403,426,18,'2024-2025-2',91), (2404,426,19,'2024-2025-2',93), (2405,426,20,'2024-2025-2',94), (2406,426,21,'2024-2025-2',70), (2407,427,16,'2024-2025-2',75), (2408,427,17,'2024-2025-2',80), (2409,427,18,'2024-2025-2',85), (2410,427,19,'2024-2025-2',78), (2411,427,20,'2024-2025-2',82), (2412,427,21,'2024-2025-2',88), (2413,428,16,'2024-2025-2',90), (2414,428,17,'2024-2025-2',92), (2415,428,18,'2024-2025-2',65), (2416,428,19,'2024-2025-2',69), (2417,428,20,'2024-2025-2',74), (2418,428,21,'2024-2025-2',77), (2419,429,16,'2024-2025-2',83), (2420,429,17,'2024-2025-2',86), (2421,429,18,'2024-2025-2',89), (2422,429,19,'2024-2025-2',91), (2423,429,20,'2024-2025-2',93), (2424,429,21,'2024-2025-2',94), (2425,430,16,'2024-2025-2',70), (2426,430,17,'2024-2025-2',75), (2427,430,18,'2024-2025-2',80), (2428,430,19,'2024-2025-2',85), (2429,430,20,'2024-2025-2',78), (2430,430,21,'2024-2025-2',82), (2431,431,17,'2024-2025-2',88), (2432,431,18,'2024-2025-2',90), (2433,431,19,'2024-2025-2',92), (2434,431,20,'2024-2025-2',65), (2435,431,21,'2024-2025-2',69), (2436,431,22,'2024-2025-2',74), (2437,432,17,'2024-2025-2',77), (2438,432,18,'2024-2025-2',83), (2439,432,19,'2024-2025-2',86), (2440,432,20,'2024-2025-2',89), (2441,432,21,'2024-2025-2',91), (2442,432,22,'2024-2025-2',93), (2443,433,17,'2024-2025-2',94), (2444,433,18,'2024-2025-2',70), (2445,433,19,'2024-2025-2',75), (2446,433,20,'2024-2025-2',80), (2447,433,21,'2024-2025-2',85), (2448,433,22,'2024-2025-2',78), (2449,434,17,'2024-2025-2',82), (2450,434,18,'2024-2025-2',NULL), (2451,434,19,'2024-2025-2',90), (2452,434,20,'2024-2025-2',92), (2453,434,21,'2024-2025-2',65), (2454,434,22,'2024-2025-2',69), (2455,435,17,'2024-2025-2',74), (2456,435,18,'2024-2025-2',77), (2457,435,19,'2024-2025-2',83), (2458,435,20,'2024-2025-2',86), (2459,435,21,'2024-2025-2',89), (2460,435,22,'2024-2025-2',91), (2461,436,17,'2024-2025-2',93), (2462,436,18,'2024-2025-2',94), (2463,436,19,'2024-2025-2',70), (2464,436,20,'2024-2025-2',75), (2465,436,21,'2024-2025-2',80), (2466,436,22,'2024-2025-2',85), (2467,437,17,'2024-2025-2',78), (2468,437,18,'2024-2025-2',82), (2469,437,19,'2024-2025-2',88), (2470,437,20,'2024-2025-2',90), (2471,437,21,'2024-2025-2',92), (2472,437,22,'2024-2025-2',65), (2473,438,17,'2024-2025-2',69), (2474,438,18,'2024-2025-2',74), (2475,438,19,'2024-2025-2',77), (2476,438,20,'2024-2025-2',83), (2477,438,21,'2024-2025-2',86), (2478,438,22,'2024-2025-2',89), (2479,439,17,'2024-2025-2',91), (2480,439,18,'2024-2025-2',93), (2481,439,19,'2024-2025-2',94), (2482,439,20,'2024-2025-2',70), (2483,439,21,'2024-2025-2',75), (2484,439,22,'2024-2025-2',80), (2485,440,17,'2024-2025-2',85), (2486,440,18,'2024-2025-2',78), (2487,440,19,'2024-2025-2',82), (2488,440,20,'2024-2025-2',88), (2489,440,21,'2024-2025-2',90), (2490,440,22,'2024-2025-2',92), (2491,441,17,'2024-2025-2',65), (2492,441,18,'2024-2025-2',69), (2493,441,19,'2024-2025-2',74), (2494,441,20,'2024-2025-2',77), (2495,441,21,'2024-2025-2',83), (2496,441,22,'2024-2025-2',86), (2497,442,17,'2024-2025-2',89), (2498,442,18,'2024-2025-2',91), (2499,442,19,'2024-2025-2',93), (2500,442,20,'2024-2025-2',NULL), (2501,442,21,'2024-2025-2',70), (2502,442,22,'2024-2025-2',75), (2503,443,17,'2024-2025-2',80), (2504,443,18,'2024-2025-2',85), (2505,443,19,'2024-2025-2',78), (2506,443,20,'2024-2025-2',82), (2507,443,21,'2024-2025-2',88), (2508,443,22,'2024-2025-2',90), (2509,444,17,'2024-2025-2',92), (2510,444,18,'2024-2025-2',65), (2511,444,19,'2024-2025-2',69), (2512,444,20,'2024-2025-2',74), (2513,444,21,'2024-2025-2',77), (2514,444,22,'2024-2025-2',83), (2515,445,17,'2024-2025-2',86), (2516,445,18,'2024-2025-2',89), (2517,445,19,'2024-2025-2',91), (2518,445,20,'2024-2025-2',93), (2519,445,21,'2024-2025-2',94), (2520,445,22,'2024-2025-2',70), (2521,446,17,'2024-2025-2',75), (2522,446,18,'2024-2025-2',80), (2523,446,19,'2024-2025-2',85), (2524,446,20,'2024-2025-2',78), (2525,446,21,'2024-2025-2',82), (2526,446,22,'2024-2025-2',88), (2527,447,17,'2024-2025-2',90), (2528,447,18,'2024-2025-2',92), (2529,447,19,'2024-2025-2',65), (2530,447,20,'2024-2025-2',69), (2531,447,21,'2024-2025-2',74), (2532,447,22,'2024-2025-2',77), (2533,448,17,'2024-2025-2',83), (2534,448,18,'2024-2025-2',86), (2535,448,19,'2024-2025-2',89), (2536,448,20,'2024-2025-2',91), (2537,448,21,'2024-2025-2',93), (2538,448,22,'2024-2025-2',94), (2539,449,17,'2024-2025-2',70), (2540,449,18,'2024-2025-2',75), (2541,449,19,'2024-2025-2',80), (2542,449,20,'2024-2025-2',85), (2543,449,21,'2024-2025-2',78), (2544,449,22,'2024-2025-2',82), (2545,450,17,'2024-2025-2',88), (2546,450,18,'2024-2025-2',90), (2547,450,19,'2024-2025-2',92), (2548,450,20,'2024-2025-2',65), (2549,450,21,'2024-2025-2',69), (2550,450,22,'2024-2025-2',NULL), (2551,451,18,'2024-2025-2',77), (2552,451,19,'2024-2025-2',83), (2553,451,20,'2024-2025-2',86), (2554,451,21,'2024-2025-2',89), (2555,451,22,'2024-2025-2',91), (2556,451,23,'2024-2025-2',93), (2557,452,18,'2024-2025-2',94), (2558,452,19,'2024-2025-2',70), (2559,452,20,'2024-2025-2',75), (2560,452,21,'2024-2025-2',80), (2561,452,22,'2024-2025-2',85), (2562,452,23,'2024-2025-2',78), (2563,453,18,'2024-2025-2',82), (2564,453,19,'2024-2025-2',88), (2565,453,20,'2024-2025-2',90), (2566,453,21,'2024-2025-2',92), (2567,453,22,'2024-2025-2',65), (2568,453,23,'2024-2025-2',69), (2569,454,18,'2024-2025-2',74), (2570,454,19,'2024-2025-2',77), (2571,454,20,'2024-2025-2',83), (2572,454,21,'2024-2025-2',86), (2573,454,22,'2024-2025-2',89), (2574,454,23,'2024-2025-2',91), (2575,455,18,'2024-2025-2',93), (2576,455,19,'2024-2025-2',94), (2577,455,20,'2024-2025-2',70), (2578,455,21,'2024-2025-2',75), (2579,455,22,'2024-2025-2',80), (2580,455,23,'2024-2025-2',85), (2581,456,18,'2024-2025-2',78), (2582,456,19,'2024-2025-2',82), (2583,456,20,'2024-2025-2',88), (2584,456,21,'2024-2025-2',90), (2585,456,22,'2024-2025-2',92), (2586,456,23,'2024-2025-2',65), (2587,457,18,'2024-2025-2',69), (2588,457,19,'2024-2025-2',74), (2589,457,20,'2024-2025-2',77), (2590,457,21,'2024-2025-2',83), (2591,457,22,'2024-2025-2',86), (2592,457,23,'2024-2025-2',89), (2593,458,18,'2024-2025-2',91), (2594,458,19,'2024-2025-2',93), (2595,458,20,'2024-2025-2',94), (2596,458,21,'2024-2025-2',70), (2597,458,22,'2024-2025-2',75), (2598,458,23,'2024-2025-2',80), (2599,459,18,'2024-2025-2',85), (2600,459,19,'2024-2025-2',NULL), (2601,459,20,'2024-2025-2',82), (2602,459,21,'2024-2025-2',88), (2603,459,22,'2024-2025-2',90), (2604,459,23,'2024-2025-2',92), (2605,460,18,'2024-2025-2',65), (2606,460,19,'2024-2025-2',69), (2607,460,20,'2024-2025-2',74), (2608,460,21,'2024-2025-2',77), (2609,460,22,'2024-2025-2',83), (2610,460,23,'2024-2025-2',86), (2611,461,18,'2024-2025-2',89), (2612,461,19,'2024-2025-2',91), (2613,461,20,'2024-2025-2',93), (2614,461,21,'2024-2025-2',94), (2615,461,22,'2024-2025-2',70), (2616,461,23,'2024-2025-2',75), (2617,462,18,'2024-2025-2',80), (2618,462,19,'2024-2025-2',85), (2619,462,20,'2024-2025-2',78), (2620,462,21,'2024-2025-2',82), (2621,462,22,'2024-2025-2',88), (2622,462,23,'2024-2025-2',90), (2623,463,18,'2024-2025-2',92), (2624,463,19,'2024-2025-2',65), (2625,463,20,'2024-2025-2',69), (2626,463,21,'2024-2025-2',74), (2627,463,22,'2024-2025-2',77), (2628,463,23,'2024-2025-2',83), (2629,464,18,'2024-2025-2',86), (2630,464,19,'2024-2025-2',89), (2631,464,20,'2024-2025-2',91), (2632,464,21,'2024-2025-2',93), (2633,464,22,'2024-2025-2',94), (2634,464,23,'2024-2025-2',70), (2635,465,18,'2024-2025-2',75), (2636,465,19,'2024-2025-2',80), (2637,465,20,'2024-2025-2',85), (2638,465,21,'2024-2025-2',78), (2639,465,22,'2024-2025-2',82), (2640,465,23,'2024-2025-2',88), (2641,466,18,'2024-2025-2',90), (2642,466,19,'2024-2025-2',92), (2643,466,20,'2024-2025-2',65), (2644,466,21,'2024-2025-2',69), (2645,466,22,'2024-2025-2',74), (2646,466,23,'2024-2025-2',77), (2647,467,18,'2024-2025-2',83), (2648,467,19,'2024-2025-2',86), (2649,467,20,'2024-2025-2',89), (2650,467,21,'2024-2025-2',NULL), (2651,467,22,'2024-2025-2',93), (2652,467,23,'2024-2025-2',94), (2653,468,18,'2024-2025-2',70), (2654,468,19,'2024-2025-2',75), (2655,468,20,'2024-2025-2',80), (2656,468,21,'2024-2025-2',85), (2657,468,22,'2024-2025-2',78), (2658,468,23,'2024-2025-2',82), (2659,469,18,'2024-2025-2',88), (2660,469,19,'2024-2025-2',90), (2661,469,20,'2024-2025-2',92), (2662,469,21,'2024-2025-2',65), (2663,469,22,'2024-2025-2',69), (2664,469,23,'2024-2025-2',74), (2665,470,18,'2024-2025-2',77), (2666,470,19,'2024-2025-2',83), (2667,470,20,'2024-2025-2',86), (2668,470,21,'2024-2025-2',89), (2669,470,22,'2024-2025-2',91), (2670,470,23,'2024-2025-2',93), (2671,471,19,'2024-2025-2',94), (2672,471,20,'2024-2025-2',70), (2673,471,21,'2024-2025-2',75), (2674,471,22,'2024-2025-2',80), (2675,471,23,'2024-2025-2',85), (2676,471,24,'2024-2025-2',78), (2677,472,19,'2024-2025-2',82), (2678,472,20,'2024-2025-2',88), (2679,472,21,'2024-2025-2',90), (2680,472,22,'2024-2025-2',92), (2681,472,23,'2024-2025-2',65), (2682,472,24,'2024-2025-2',69), (2683,473,19,'2024-2025-2',74), (2684,473,20,'2024-2025-2',77), (2685,473,21,'2024-2025-2',83), (2686,473,22,'2024-2025-2',86), (2687,473,23,'2024-2025-2',89), (2688,473,24,'2024-2025-2',91), (2689,474,19,'2024-2025-2',93), (2690,474,20,'2024-2025-2',94), (2691,474,21,'2024-2025-2',70), (2692,474,22,'2024-2025-2',75), (2693,474,23,'2024-2025-2',80), (2694,474,24,'2024-2025-2',85), (2695,475,19,'2024-2025-2',78), (2696,475,20,'2024-2025-2',82), (2697,475,21,'2024-2025-2',88), (2698,475,22,'2024-2025-2',90), (2699,475,23,'2024-2025-2',92), (2700,475,24,'2024-2025-2',NULL), (2701,476,19,'2024-2025-2',69), (2702,476,20,'2024-2025-2',74), (2703,476,21,'2024-2025-2',77), (2704,476,22,'2024-2025-2',83), (2705,476,23,'2024-2025-2',86), (2706,476,24,'2024-2025-2',89), (2707,477,19,'2024-2025-2',91), (2708,477,20,'2024-2025-2',93), (2709,477,21,'2024-2025-2',94), (2710,477,22,'2024-2025-2',70), (2711,477,23,'2024-2025-2',75), (2712,477,24,'2024-2025-2',80), (2713,478,19,'2024-2025-2',85), (2714,478,20,'2024-2025-2',78), (2715,478,21,'2024-2025-2',82), (2716,478,22,'2024-2025-2',88), (2717,478,23,'2024-2025-2',90), (2718,478,24,'2024-2025-2',92), (2719,479,19,'2024-2025-2',65), (2720,479,20,'2024-2025-2',69), (2721,479,21,'2024-2025-2',74), (2722,479,22,'2024-2025-2',77), (2723,479,23,'2024-2025-2',83), (2724,479,24,'2024-2025-2',86), (2725,480,19,'2024-2025-2',89), (2726,480,20,'2024-2025-2',91), (2727,480,21,'2024-2025-2',93), (2728,480,22,'2024-2025-2',94), (2729,480,23,'2024-2025-2',70), (2730,480,24,'2024-2025-2',75), (2731,481,19,'2024-2025-2',80), (2732,481,20,'2024-2025-2',85), (2733,481,21,'2024-2025-2',78), (2734,481,22,'2024-2025-2',82), (2735,481,23,'2024-2025-2',88), (2736,481,24,'2024-2025-2',90), (2737,482,19,'2024-2025-2',92), (2738,482,20,'2024-2025-2',65), (2739,482,21,'2024-2025-2',69), (2740,482,22,'2024-2025-2',74), (2741,482,23,'2024-2025-2',77), (2742,482,24,'2024-2025-2',83), (2743,483,19,'2024-2025-2',86), (2744,483,20,'2024-2025-2',89), (2745,483,21,'2024-2025-2',91), (2746,483,22,'2024-2025-2',93), (2747,483,23,'2024-2025-2',94), (2748,483,24,'2024-2025-2',70), (2749,484,19,'2024-2025-2',75), (2750,484,20,'2024-2025-2',NULL), (2751,484,21,'2024-2025-2',85), (2752,484,22,'2024-2025-2',78), (2753,484,23,'2024-2025-2',82), (2754,484,24,'2024-2025-2',88), (2755,485,19,'2024-2025-2',90), (2756,485,20,'2024-2025-2',92), (2757,485,21,'2024-2025-2',65), (2758,485,22,'2024-2025-2',69), (2759,485,23,'2024-2025-2',74), (2760,485,24,'2024-2025-2',77), (2761,486,19,'2024-2025-2',83), (2762,486,20,'2024-2025-2',86), (2763,486,21,'2024-2025-2',89), (2764,486,22,'2024-2025-2',91), (2765,486,23,'2024-2025-2',93), (2766,486,24,'2024-2025-2',94), (2767,487,19,'2024-2025-2',70), (2768,487,20,'2024-2025-2',75), (2769,487,21,'2024-2025-2',80), (2770,487,22,'2024-2025-2',85), (2771,487,23,'2024-2025-2',78), (2772,487,24,'2024-2025-2',82), (2773,488,19,'2024-2025-2',88), (2774,488,20,'2024-2025-2',90), (2775,488,21,'2024-2025-2',92), (2776,488,22,'2024-2025-2',65), (2777,488,23,'2024-2025-2',69), (2778,488,24,'2024-2025-2',74), (2779,489,19,'2024-2025-2',77), (2780,489,20,'2024-2025-2',83), (2781,489,21,'2024-2025-2',86), (2782,489,22,'2024-2025-2',89), (2783,489,23,'2024-2025-2',91), (2784,489,24,'2024-2025-2',93), (2785,490,19,'2024-2025-2',94), (2786,490,20,'2024-2025-2',70), (2787,490,21,'2024-2025-2',75), (2788,490,22,'2024-2025-2',80), (2789,490,23,'2024-2025-2',85), (2790,490,24,'2024-2025-2',78), (2791,491,20,'2024-2025-2',82), (2792,491,21,'2024-2025-2',88), (2793,491,22,'2024-2025-2',90), (2794,491,23,'2024-2025-2',92), (2795,491,24,'2024-2025-2',65), (2796,491,25,'2024-2025-2',69), (2797,492,20,'2024-2025-2',74), (2798,492,21,'2024-2025-2',77), (2799,492,22,'2024-2025-2',83), (2800,492,23,'2024-2025-2',NULL), (2801,492,24,'2024-2025-2',89), (2802,492,25,'2024-2025-2',91), (2803,493,20,'2024-2025-2',93), (2804,493,21,'2024-2025-2',94), (2805,493,22,'2024-2025-2',70), (2806,493,23,'2024-2025-2',75), (2807,493,24,'2024-2025-2',80), (2808,493,25,'2024-2025-2',85), (2809,494,20,'2024-2025-2',78), (2810,494,21,'2024-2025-2',82), (2811,494,22,'2024-2025-2',88), (2812,494,23,'2024-2025-2',90), (2813,494,24,'2024-2025-2',92), (2814,494,25,'2024-2025-2',65), (2815,495,20,'2024-2025-2',69), (2816,495,21,'2024-2025-2',74), (2817,495,22,'2024-2025-2',77), (2818,495,23,'2024-2025-2',83), (2819,495,24,'2024-2025-2',86), (2820,495,25,'2024-2025-2',89), (2821,496,20,'2024-2025-2',91), (2822,496,21,'2024-2025-2',93), (2823,496,22,'2024-2025-2',94), (2824,496,23,'2024-2025-2',70), (2825,496,24,'2024-2025-2',75), (2826,496,25,'2024-2025-2',80), (2827,497,20,'2024-2025-2',85), (2828,497,21,'2024-2025-2',78), (2829,497,22,'2024-2025-2',82), (2830,497,23,'2024-2025-2',88), (2831,497,24,'2024-2025-2',90), (2832,497,25,'2024-2025-2',92), (2833,498,20,'2024-2025-2',65), (2834,498,21,'2024-2025-2',69), (2835,498,22,'2024-2025-2',74), (2836,498,23,'2024-2025-2',77), (2837,498,24,'2024-2025-2',83), (2838,498,25,'2024-2025-2',86), (2839,499,20,'2024-2025-2',89), (2840,499,21,'2024-2025-2',91), (2841,499,22,'2024-2025-2',93), (2842,499,23,'2024-2025-2',94), (2843,499,24,'2024-2025-2',70), (2844,499,25,'2024-2025-2',75), (2845,500,20,'2024-2025-2',80), (2846,500,21,'2024-2025-2',85), (2847,500,22,'2024-2025-2',78), (2848,500,23,'2024-2025-2',82), (2849,500,24,'2024-2025-2',88), (2850,500,25,'2024-2025-2',NULL), (2851,501,20,'2024-2025-2',92), (2852,501,21,'2024-2025-2',65), (2853,501,22,'2024-2025-2',69), (2854,501,23,'2024-2025-2',74), (2855,501,24,'2024-2025-2',77), (2856,501,25,'2024-2025-2',83), (2857,502,20,'2024-2025-2',86), (2858,502,21,'2024-2025-2',89), (2859,502,22,'2024-2025-2',91), (2860,502,23,'2024-2025-2',93), (2861,502,24,'2024-2025-2',94), (2862,502,25,'2024-2025-2',70), (2863,503,20,'2024-2025-2',75), (2864,503,21,'2024-2025-2',80), (2865,503,22,'2024-2025-2',85), (2866,503,23,'2024-2025-2',78), (2867,503,24,'2024-2025-2',82), (2868,503,25,'2024-2025-2',88), (2869,504,20,'2024-2025-2',90), (2870,504,21,'2024-2025-2',92), (2871,504,22,'2024-2025-2',65), (2872,504,23,'2024-2025-2',69), (2873,504,24,'2024-2025-2',74), (2874,504,25,'2024-2025-2',77), (2875,505,20,'2024-2025-2',83), (2876,505,21,'2024-2025-2',86), (2877,505,22,'2024-2025-2',89), (2878,505,23,'2024-2025-2',91), (2879,505,24,'2024-2025-2',93), (2880,505,25,'2024-2025-2',94), (2881,506,20,'2024-2025-2',70), (2882,506,21,'2024-2025-2',75), (2883,506,22,'2024-2025-2',80), (2884,506,23,'2024-2025-2',85), (2885,506,24,'2024-2025-2',78), (2886,506,25,'2024-2025-2',82), (2887,507,20,'2024-2025-2',88), (2888,507,21,'2024-2025-2',90), (2889,507,22,'2024-2025-2',92), (2890,507,23,'2024-2025-2',65), (2891,507,24,'2024-2025-2',69), (2892,507,25,'2024-2025-2',74), (2893,508,20,'2024-2025-2',77), (2894,508,21,'2024-2025-2',83), (2895,508,22,'2024-2025-2',86), (2896,508,23,'2024-2025-2',89), (2897,508,24,'2024-2025-2',91), (2898,508,25,'2024-2025-2',93), (2899,509,20,'2024-2025-2',94), (2900,509,21,'2024-2025-2',NULL), (2901,509,22,'2024-2025-2',75), (2902,509,23,'2024-2025-2',80), (2903,509,24,'2024-2025-2',85), (2904,509,25,'2024-2025-2',78), (2905,510,20,'2024-2025-2',82), (2906,510,21,'2024-2025-2',88), (2907,510,22,'2024-2025-2',90), (2908,510,23,'2024-2025-2',92), (2909,510,24,'2024-2025-2',65), (2910,510,25,'2024-2025-2',69), (2911,511,21,'2024-2025-2',74), (2912,511,22,'2024-2025-2',77), (2913,511,23,'2024-2025-2',83), (2914,511,24,'2024-2025-2',86), (2915,511,25,'2024-2025-2',89), (2916,511,26,'2024-2025-2',91), (2917,512,21,'2024-2025-2',93), (2918,512,22,'2024-2025-2',94), (2919,512,23,'2024-2025-2',70), (2920,512,24,'2024-2025-2',75), (2921,512,25,'2024-2025-2',80), (2922,512,26,'2024-2025-2',85), (2923,513,21,'2024-2025-2',78), (2924,513,22,'2024-2025-2',82), (2925,513,23,'2024-2025-2',88), (2926,513,24,'2024-2025-2',90), (2927,513,25,'2024-2025-2',92), (2928,513,26,'2024-2025-2',65), (2929,514,21,'2024-2025-2',69), (2930,514,22,'2024-2025-2',74), (2931,514,23,'2024-2025-2',77), (2932,514,24,'2024-2025-2',83), (2933,514,25,'2024-2025-2',86), (2934,514,26,'2024-2025-2',89), (2935,515,21,'2024-2025-2',91), (2936,515,22,'2024-2025-2',93), (2937,515,23,'2024-2025-2',94), (2938,515,24,'2024-2025-2',70), (2939,515,25,'2024-2025-2',75), (2940,515,26,'2024-2025-2',80), (2941,516,21,'2024-2025-2',85), (2942,516,22,'2024-2025-2',78), (2943,516,23,'2024-2025-2',82), (2944,516,24,'2024-2025-2',88), (2945,516,25,'2024-2025-2',90), (2946,516,26,'2024-2025-2',92), (2947,517,21,'2024-2025-2',65), (2948,517,22,'2024-2025-2',69), (2949,517,23,'2024-2025-2',74), (2950,517,24,'2024-2025-2',NULL), (2951,517,25,'2024-2025-2',83), (2952,517,26,'2024-2025-2',86), (2953,518,21,'2024-2025-2',89), (2954,518,22,'2024-2025-2',91), (2955,518,23,'2024-2025-2',93), (2956,518,24,'2024-2025-2',94), (2957,518,25,'2024-2025-2',70), (2958,518,26,'2024-2025-2',75), (2959,519,21,'2024-2025-2',80), (2960,519,22,'2024-2025-2',85), (2961,519,23,'2024-2025-2',78), (2962,519,24,'2024-2025-2',82), (2963,519,25,'2024-2025-2',88), (2964,519,26,'2024-2025-2',90), (2965,520,21,'2024-2025-2',92), (2966,520,22,'2024-2025-2',65), (2967,520,23,'2024-2025-2',69), (2968,520,24,'2024-2025-2',74), (2969,520,25,'2024-2025-2',77), (2970,520,26,'2024-2025-2',83), (2971,521,21,'2024-2025-2',86), (2972,521,22,'2024-2025-2',89), (2973,521,23,'2024-2025-2',91), (2974,521,24,'2024-2025-2',93), (2975,521,25,'2024-2025-2',94), (2976,521,26,'2024-2025-2',70), (2977,522,21,'2024-2025-2',75), (2978,522,22,'2024-2025-2',80), (2979,522,23,'2024-2025-2',85), (2980,522,24,'2024-2025-2',78), (2981,522,25,'2024-2025-2',82), (2982,522,26,'2024-2025-2',88), (2983,523,21,'2024-2025-2',90), (2984,523,22,'2024-2025-2',92), (2985,523,23,'2024-2025-2',65), (2986,523,24,'2024-2025-2',69), (2987,523,25,'2024-2025-2',74), (2988,523,26,'2024-2025-2',77), (2989,524,21,'2024-2025-2',83), (2990,524,22,'2024-2025-2',86), (2991,524,23,'2024-2025-2',89), (2992,524,24,'2024-2025-2',91), (2993,524,25,'2024-2025-2',93), (2994,524,26,'2024-2025-2',94), (2995,525,21,'2024-2025-2',70), (2996,525,22,'2024-2025-2',75), (2997,525,23,'2024-2025-2',80), (2998,525,24,'2024-2025-2',85), (2999,525,25,'2024-2025-2',78), (3000,525,26,'2024-2025-2',NULL), (3001,526,21,'2024-2025-2',88), (3002,526,22,'2024-2025-2',90), (3003,526,23,'2024-2025-2',92), (3004,526,24,'2024-2025-2',65), (3005,526,25,'2024-2025-2',69), (3006,526,26,'2024-2025-2',74), (3007,527,21,'2024-2025-2',77), (3008,527,22,'2024-2025-2',83), (3009,527,23,'2024-2025-2',86), (3010,527,24,'2024-2025-2',89), (3011,527,25,'2024-2025-2',91), (3012,527,26,'2024-2025-2',93), (3013,528,21,'2024-2025-2',94), (3014,528,22,'2024-2025-2',70), (3015,528,23,'2024-2025-2',75), (3016,528,24,'2024-2025-2',80), (3017,528,25,'2024-2025-2',85), (3018,528,26,'2024-2025-2',78), (3019,529,21,'2024-2025-2',82), (3020,529,22,'2024-2025-2',88), (3021,529,23,'2024-2025-2',90), (3022,529,24,'2024-2025-2',92), (3023,529,25,'2024-2025-2',65), (3024,529,26,'2024-2025-2',69), (3025,530,21,'2024-2025-2',74), (3026,530,22,'2024-2025-2',77), (3027,530,23,'2024-2025-2',83), (3028,530,24,'2024-2025-2',86), (3029,530,25,'2024-2025-2',89), (3030,530,26,'2024-2025-2',91), (3031,531,22,'2024-2025-2',93), (3032,531,23,'2024-2025-2',94), (3033,531,24,'2024-2025-2',70), (3034,531,25,'2024-2025-2',75), (3035,531,26,'2024-2025-2',80), (3036,531,27,'2024-2025-2',85), (3037,532,22,'2024-2025-2',78), (3038,532,23,'2024-2025-2',82), (3039,532,24,'2024-2025-2',88), (3040,532,25,'2024-2025-2',90), (3041,532,26,'2024-2025-2',92), (3042,532,27,'2024-2025-2',65), (3043,533,22,'2024-2025-2',69), (3044,533,23,'2024-2025-2',74), (3045,533,24,'2024-2025-2',77), (3046,533,25,'2024-2025-2',83), (3047,533,26,'2024-2025-2',86), (3048,533,27,'2024-2025-2',89), (3049,534,22,'2024-2025-2',91), (3050,534,23,'2024-2025-2',NULL), (3051,534,24,'2024-2025-2',94), (3052,534,25,'2024-2025-2',70), (3053,534,26,'2024-2025-2',75), (3054,534,27,'2024-2025-2',80), (3055,535,22,'2024-2025-2',85), (3056,535,23,'2024-2025-2',78), (3057,535,24,'2024-2025-2',82), (3058,535,25,'2024-2025-2',88), (3059,535,26,'2024-2025-2',90), (3060,535,27,'2024-2025-2',92), (3061,536,22,'2024-2025-2',65), (3062,536,23,'2024-2025-2',69), (3063,536,24,'2024-2025-2',74), (3064,536,25,'2024-2025-2',77), (3065,536,26,'2024-2025-2',83), (3066,536,27,'2024-2025-2',86), (3067,537,22,'2024-2025-2',89), (3068,537,23,'2024-2025-2',91), (3069,537,24,'2024-2025-2',93), (3070,537,25,'2024-2025-2',94), (3071,537,26,'2024-2025-2',70), (3072,537,27,'2024-2025-2',75), (3073,538,22,'2024-2025-2',80), (3074,538,23,'2024-2025-2',85), (3075,538,24,'2024-2025-2',78), (3076,538,25,'2024-2025-2',82), (3077,538,26,'2024-2025-2',88), (3078,538,27,'2024-2025-2',90), (3079,539,22,'2024-2025-2',92), (3080,539,23,'2024-2025-2',65), (3081,539,24,'2024-2025-2',69), (3082,539,25,'2024-2025-2',74), (3083,539,26,'2024-2025-2',77), (3084,539,27,'2024-2025-2',83), (3085,540,22,'2024-2025-2',86), (3086,540,23,'2024-2025-2',89), (3087,540,24,'2024-2025-2',91), (3088,540,25,'2024-2025-2',93), (3089,540,26,'2024-2025-2',94), (3090,540,27,'2024-2025-2',70), (3091,541,22,'2024-2025-2',75), (3092,541,23,'2024-2025-2',80), (3093,541,24,'2024-2025-2',85), (3094,541,25,'2024-2025-2',78), (3095,541,26,'2024-2025-2',82), (3096,541,27,'2024-2025-2',88), (3097,542,22,'2024-2025-2',90), (3098,542,23,'2024-2025-2',92), (3099,542,24,'2024-2025-2',65), (3100,542,25,'2024-2025-2',NULL), (3101,542,26,'2024-2025-2',74), (3102,542,27,'2024-2025-2',77), (3103,543,22,'2024-2025-2',83), (3104,543,23,'2024-2025-2',86), (3105,543,24,'2024-2025-2',89), (3106,543,25,'2024-2025-2',91), (3107,543,26,'2024-2025-2',93), (3108,543,27,'2024-2025-2',94), (3109,544,22,'2024-2025-2',70), (3110,544,23,'2024-2025-2',75), (3111,544,24,'2024-2025-2',80), (3112,544,25,'2024-2025-2',85), (3113,544,26,'2024-2025-2',78), (3114,544,27,'2024-2025-2',82), (3115,545,22,'2024-2025-2',88), (3116,545,23,'2024-2025-2',90), (3117,545,24,'2024-2025-2',92), (3118,545,25,'2024-2025-2',65), (3119,545,26,'2024-2025-2',69), (3120,545,27,'2024-2025-2',74), (3121,546,22,'2024-2025-2',77), (3122,546,23,'2024-2025-2',83), (3123,546,24,'2024-2025-2',86), (3124,546,25,'2024-2025-2',89), (3125,546,26,'2024-2025-2',91), (3126,546,27,'2024-2025-2',93), (3127,547,22,'2024-2025-2',94), (3128,547,23,'2024-2025-2',70), (3129,547,24,'2024-2025-2',75), (3130,547,25,'2024-2025-2',80), (3131,547,26,'2024-2025-2',85), (3132,547,27,'2024-2025-2',78), (3133,548,22,'2024-2025-2',82), (3134,548,23,'2024-2025-2',88), (3135,548,24,'2024-2025-2',90), (3136,548,25,'2024-2025-2',92), (3137,548,26,'2024-2025-2',65), (3138,548,27,'2024-2025-2',69), (3139,549,22,'2024-2025-2',74), (3140,549,23,'2024-2025-2',77), (3141,549,24,'2024-2025-2',83), (3142,549,25,'2024-2025-2',86), (3143,549,26,'2024-2025-2',89), (3144,549,27,'2024-2025-2',91), (3145,550,22,'2024-2025-2',93), (3146,550,23,'2024-2025-2',94), (3147,550,24,'2024-2025-2',70), (3148,550,25,'2024-2025-2',75), (3149,550,26,'2024-2025-2',80), (3150,550,27,'2024-2025-2',NULL), (3151,551,23,'2024-2025-2',78), (3152,551,24,'2024-2025-2',82), (3153,551,25,'2024-2025-2',88), (3154,551,26,'2024-2025-2',90), (3155,551,27,'2024-2025-2',92), (3156,551,28,'2024-2025-2',65), (3157,552,23,'2024-2025-2',69), (3158,552,24,'2024-2025-2',74), (3159,552,25,'2024-2025-2',77), (3160,552,26,'2024-2025-2',83), (3161,552,27,'2024-2025-2',86), (3162,552,28,'2024-2025-2',89), (3163,553,23,'2024-2025-2',91), (3164,553,24,'2024-2025-2',93), (3165,553,25,'2024-2025-2',94), (3166,553,26,'2024-2025-2',70), (3167,553,27,'2024-2025-2',75), (3168,553,28,'2024-2025-2',80), (3169,554,23,'2024-2025-2',85), (3170,554,24,'2024-2025-2',78), (3171,554,25,'2024-2025-2',82), (3172,554,26,'2024-2025-2',88), (3173,554,27,'2024-2025-2',90), (3174,554,28,'2024-2025-2',92), (3175,555,23,'2024-2025-2',65), (3176,555,24,'2024-2025-2',69), (3177,555,25,'2024-2025-2',74), (3178,555,26,'2024-2025-2',77), (3179,555,27,'2024-2025-2',83), (3180,555,28,'2024-2025-2',86), (3181,556,23,'2024-2025-2',89), (3182,556,24,'2024-2025-2',91), (3183,556,25,'2024-2025-2',93), (3184,556,26,'2024-2025-2',94), (3185,556,27,'2024-2025-2',70), (3186,556,28,'2024-2025-2',75), (3187,557,23,'2024-2025-2',80), (3188,557,24,'2024-2025-2',85), (3189,557,25,'2024-2025-2',78), (3190,557,26,'2024-2025-2',82), (3191,557,27,'2024-2025-2',88), (3192,557,28,'2024-2025-2',90), (3193,558,23,'2024-2025-2',92), (3194,558,24,'2024-2025-2',65), (3195,558,25,'2024-2025-2',69), (3196,558,26,'2024-2025-2',74), (3197,558,27,'2024-2025-2',77), (3198,558,28,'2024-2025-2',83), (3199,559,23,'2024-2025-2',86), (3200,559,24,'2024-2025-2',NULL), (3201,559,25,'2024-2025-2',91), (3202,559,26,'2024-2025-2',93), (3203,559,27,'2024-2025-2',94), (3204,559,28,'2024-2025-2',70), (3205,560,23,'2024-2025-2',75), (3206,560,24,'2024-2025-2',80), (3207,560,25,'2024-2025-2',85), (3208,560,26,'2024-2025-2',78), (3209,560,27,'2024-2025-2',82), (3210,560,28,'2024-2025-2',88), (3211,561,23,'2024-2025-2',90), (3212,561,24,'2024-2025-2',92), (3213,561,25,'2024-2025-2',65), (3214,561,26,'2024-2025-2',69), (3215,561,27,'2024-2025-2',74), (3216,561,28,'2024-2025-2',77), (3217,562,23,'2024-2025-2',83), (3218,562,24,'2024-2025-2',86), (3219,562,25,'2024-2025-2',89), (3220,562,26,'2024-2025-2',91), (3221,562,27,'2024-2025-2',93), (3222,562,28,'2024-2025-2',94), (3223,563,23,'2024-2025-2',70), (3224,563,24,'2024-2025-2',75), (3225,563,25,'2024-2025-2',80), (3226,563,26,'2024-2025-2',85), (3227,563,27,'2024-2025-2',78), (3228,563,28,'2024-2025-2',82), (3229,564,23,'2024-2025-2',88), (3230,564,24,'2024-2025-2',90), (3231,564,25,'2024-2025-2',92), (3232,564,26,'2024-2025-2',65), (3233,564,27,'2024-2025-2',69), (3234,564,28,'2024-2025-2',74), (3235,565,23,'2024-2025-2',77), (3236,565,24,'2024-2025-2',83), (3237,565,25,'2024-2025-2',86), (3238,565,26,'2024-2025-2',89), (3239,565,27,'2024-2025-2',91), (3240,565,28,'2024-2025-2',93), (3241,566,23,'2024-2025-2',94), (3242,566,24,'2024-2025-2',70), (3243,566,25,'2024-2025-2',75), (3244,566,26,'2024-2025-2',80), (3245,566,27,'2024-2025-2',85), (3246,566,28,'2024-2025-2',78), (3247,567,23,'2024-2025-2',82), (3248,567,24,'2024-2025-2',88), (3249,567,25,'2024-2025-2',90), (3250,567,26,'2024-2025-2',NULL), (3251,567,27,'2024-2025-2',65), (3252,567,28,'2024-2025-2',69), (3253,568,23,'2024-2025-2',74), (3254,568,24,'2024-2025-2',77), (3255,568,25,'2024-2025-2',83), (3256,568,26,'2024-2025-2',86), (3257,568,27,'2024-2025-2',89), (3258,568,28,'2024-2025-2',91), (3259,569,23,'2024-2025-2',93), (3260,569,24,'2024-2025-2',94), (3261,569,25,'2024-2025-2',70), (3262,569,26,'2024-2025-2',75), (3263,569,27,'2024-2025-2',80), (3264,569,28,'2024-2025-2',85), (3265,570,23,'2024-2025-2',78), (3266,570,24,'2024-2025-2',82), (3267,570,25,'2024-2025-2',88), (3268,570,26,'2024-2025-2',90), (3269,570,27,'2024-2025-2',92), (3270,570,28,'2024-2025-2',65), (3271,571,24,'2024-2025-2',69), (3272,571,25,'2024-2025-2',74), (3273,571,26,'2024-2025-2',77), (3274,571,27,'2024-2025-2',83), (3275,571,28,'2024-2025-2',86), (3276,571,29,'2024-2025-2',89), (3277,572,24,'2024-2025-2',91), (3278,572,25,'2024-2025-2',93), (3279,572,26,'2024-2025-2',94), (3280,572,27,'2024-2025-2',70), (3281,572,28,'2024-2025-2',75), (3282,572,29,'2024-2025-2',80), (3283,573,24,'2024-2025-2',85), (3284,573,25,'2024-2025-2',78), (3285,573,26,'2024-2025-2',82), (3286,573,27,'2024-2025-2',88), (3287,573,28,'2024-2025-2',90), (3288,573,29,'2024-2025-2',92), (3289,574,24,'2024-2025-2',65), (3290,574,25,'2024-2025-2',69), (3291,574,26,'2024-2025-2',74), (3292,574,27,'2024-2025-2',77), (3293,574,28,'2024-2025-2',83), (3294,574,29,'2024-2025-2',86), (3295,575,24,'2024-2025-2',89), (3296,575,25,'2024-2025-2',91), (3297,575,26,'2024-2025-2',93), (3298,575,27,'2024-2025-2',94), (3299,575,28,'2024-2025-2',70), (3300,575,29,'2024-2025-2',NULL), (3301,576,24,'2024-2025-2',80), (3302,576,25,'2024-2025-2',85), (3303,576,26,'2024-2025-2',78), (3304,576,27,'2024-2025-2',82), (3305,576,28,'2024-2025-2',88), (3306,576,29,'2024-2025-2',90), (3307,577,24,'2024-2025-2',92), (3308,577,25,'2024-2025-2',65), (3309,577,26,'2024-2025-2',69), (3310,577,27,'2024-2025-2',74), (3311,577,28,'2024-2025-2',77), (3312,577,29,'2024-2025-2',83), (3313,578,24,'2024-2025-2',86), (3314,578,25,'2024-2025-2',89), (3315,578,26,'2024-2025-2',91), (3316,578,27,'2024-2025-2',93), (3317,578,28,'2024-2025-2',94), (3318,578,29,'2024-2025-2',70), (3319,579,24,'2024-2025-2',75), (3320,579,25,'2024-2025-2',80), (3321,579,26,'2024-2025-2',85), (3322,579,27,'2024-2025-2',78), (3323,579,28,'2024-2025-2',82), (3324,579,29,'2024-2025-2',88), (3325,580,24,'2024-2025-2',90), (3326,580,25,'2024-2025-2',92), (3327,580,26,'2024-2025-2',65), (3328,580,27,'2024-2025-2',69), (3329,580,28,'2024-2025-2',74), (3330,580,29,'2024-2025-2',77), (3331,581,24,'2024-2025-2',83), (3332,581,25,'2024-2025-2',86), (3333,581,26,'2024-2025-2',89), (3334,581,27,'2024-2025-2',91), (3335,581,28,'2024-2025-2',93), (3336,581,29,'2024-2025-2',94), (3337,582,24,'2024-2025-2',70), (3338,582,25,'2024-2025-2',75), (3339,582,26,'2024-2025-2',80), (3340,582,27,'2024-2025-2',85), (3341,582,28,'2024-2025-2',78), (3342,582,29,'2024-2025-2',82), (3343,583,24,'2024-2025-2',88), (3344,583,25,'2024-2025-2',90), (3345,583,26,'2024-2025-2',92), (3346,583,27,'2024-2025-2',65), (3347,583,28,'2024-2025-2',69), (3348,583,29,'2024-2025-2',74), (3349,584,24,'2024-2025-2',77), (3350,584,25,'2024-2025-2',NULL), (3351,584,26,'2024-2025-2',86), (3352,584,27,'2024-2025-2',89), (3353,584,28,'2024-2025-2',91), (3354,584,29,'2024-2025-2',93), (3355,585,24,'2024-2025-2',94), (3356,585,25,'2024-2025-2',70), (3357,585,26,'2024-2025-2',75), (3358,585,27,'2024-2025-2',80), (3359,585,28,'2024-2025-2',85), (3360,585,29,'2024-2025-2',78), (3361,586,24,'2024-2025-2',82), (3362,586,25,'2024-2025-2',88), (3363,586,26,'2024-2025-2',90), (3364,586,27,'2024-2025-2',92), (3365,586,28,'2024-2025-2',65), (3366,586,29,'2024-2025-2',69), (3367,587,24,'2024-2025-2',74), (3368,587,25,'2024-2025-2',77), (3369,587,26,'2024-2025-2',83), (3370,587,27,'2024-2025-2',86), (3371,587,28,'2024-2025-2',89), (3372,587,29,'2024-2025-2',91), (3373,588,24,'2024-2025-2',93), (3374,588,25,'2024-2025-2',94), (3375,588,26,'2024-2025-2',70), (3376,588,27,'2024-2025-2',75), (3377,588,28,'2024-2025-2',80), (3378,588,29,'2024-2025-2',85), (3379,589,24,'2024-2025-2',78), (3380,589,25,'2024-2025-2',82), (3381,589,26,'2024-2025-2',88), (3382,589,27,'2024-2025-2',90), (3383,589,28,'2024-2025-2',92), (3384,589,29,'2024-2025-2',65), (3385,590,24,'2024-2025-2',69), (3386,590,25,'2024-2025-2',74), (3387,590,26,'2024-2025-2',77), (3388,590,27,'2024-2025-2',83), (3389,590,28,'2024-2025-2',86), (3390,590,29,'2024-2025-2',89), (3391,591,25,'2024-2025-2',91), (3392,591,26,'2024-2025-2',93), (3393,591,27,'2024-2025-2',94), (3394,591,28,'2024-2025-2',70), (3395,591,29,'2024-2025-2',75), (3396,591,30,'2024-2025-2',80), (3397,592,25,'2024-2025-2',85), (3398,592,26,'2024-2025-2',78), (3399,592,27,'2024-2025-2',82), (3400,592,28,'2024-2025-2',NULL), (3401,592,29,'2024-2025-2',90), (3402,592,30,'2024-2025-2',92), (3403,593,25,'2024-2025-2',65), (3404,593,26,'2024-2025-2',69), (3405,593,27,'2024-2025-2',74), (3406,593,28,'2024-2025-2',77), (3407,593,29,'2024-2025-2',83), (3408,593,30,'2024-2025-2',86), (3409,594,25,'2024-2025-2',89), (3410,594,26,'2024-2025-2',91), (3411,594,27,'2024-2025-2',93), (3412,594,28,'2024-2025-2',94), (3413,594,29,'2024-2025-2',70), (3414,594,30,'2024-2025-2',75), (3415,595,25,'2024-2025-2',80), (3416,595,26,'2024-2025-2',85), (3417,595,27,'2024-2025-2',78), (3418,595,28,'2024-2025-2',82), (3419,595,29,'2024-2025-2',88), (3420,595,30,'2024-2025-2',90), (3421,596,25,'2024-2025-2',92), (3422,596,26,'2024-2025-2',65), (3423,596,27,'2024-2025-2',69), (3424,596,28,'2024-2025-2',74), (3425,596,29,'2024-2025-2',77), (3426,596,30,'2024-2025-2',83), (3427,597,25,'2024-2025-2',86), (3428,597,26,'2024-2025-2',89), (3429,597,27,'2024-2025-2',91), (3430,597,28,'2024-2025-2',93), (3431,597,29,'2024-2025-2',94), (3432,597,30,'2024-2025-2',70), (3433,598,25,'2024-2025-2',75), (3434,598,26,'2024-2025-2',80), (3435,598,27,'2024-2025-2',85), (3436,598,28,'2024-2025-2',78), (3437,598,29,'2024-2025-2',82), (3438,598,30,'2024-2025-2',88), (3439,599,25,'2024-2025-2',90), (3440,599,26,'2024-2025-2',92), (3441,599,27,'2024-2025-2',65), (3442,599,28,'2024-2025-2',69), (3443,599,29,'2024-2025-2',74), (3444,599,30,'2024-2025-2',77), (3445,600,25,'2024-2025-2',83), (3446,600,26,'2024-2025-2',86), (3447,600,27,'2024-2025-2',89), (3448,600,28,'2024-2025-2',91), (3449,600,29,'2024-2025-2',93), (3450,600,30,'2024-2025-2',NULL), (3451,601,25,'2024-2025-2',70), (3452,601,26,'2024-2025-2',75), (3453,601,27,'2024-2025-2',80), (3454,601,28,'2024-2025-2',85), (3455,601,29,'2024-2025-2',78), (3456,601,30,'2024-2025-2',82), (3457,602,25,'2024-2025-2',88), (3458,602,26,'2024-2025-2',90), (3459,602,27,'2024-2025-2',92), (3460,602,28,'2024-2025-2',65), (3461,602,29,'2024-2025-2',69), (3462,602,30,'2024-2025-2',74), (3463,603,25,'2024-2025-2',77), (3464,603,26,'2024-2025-2',83), (3465,603,27,'2024-2025-2',86), (3466,603,28,'2024-2025-2',89), (3467,603,29,'2024-2025-2',91), (3468,603,30,'2024-2025-2',93), (3469,604,25,'2024-2025-2',94), (3470,604,26,'2024-2025-2',70), (3471,604,27,'2024-2025-2',75), (3472,604,28,'2024-2025-2',80), (3473,604,29,'2024-2025-2',85), (3474,604,30,'2024-2025-2',78), (3475,605,25,'2024-2025-2',82), (3476,605,26,'2024-2025-2',88), (3477,605,27,'2024-2025-2',90), (3478,605,28,'2024-2025-2',92), (3479,605,29,'2024-2025-2',65), (3480,605,30,'2024-2025-2',69), (3481,606,25,'2024-2025-2',74), (3482,606,26,'2024-2025-2',77), (3483,606,27,'2024-2025-2',83), (3484,606,28,'2024-2025-2',86), (3485,606,29,'2024-2025-2',89), (3486,606,30,'2024-2025-2',91), (3487,607,25,'2024-2025-2',93), (3488,607,26,'2024-2025-2',94), (3489,607,27,'2024-2025-2',70), (3490,607,28,'2024-2025-2',75), (3491,607,29,'2024-2025-2',80), (3492,607,30,'2024-2025-2',85), (3493,608,25,'2024-2025-2',78), (3494,608,26,'2024-2025-2',82), (3495,608,27,'2024-2025-2',88), (3496,608,28,'2024-2025-2',90), (3497,608,29,'2024-2025-2',92), (3498,608,30,'2024-2025-2',65), (3499,609,25,'2024-2025-2',69), (3500,609,26,'2024-2025-2',NULL), (3501,609,27,'2024-2025-2',77), (3502,609,28,'2024-2025-2',83), (3503,609,29,'2024-2025-2',86), (3504,609,30,'2024-2025-2',89), (3505,610,25,'2024-2025-2',91), (3506,610,26,'2024-2025-2',93), (3507,610,27,'2024-2025-2',94), (3508,610,28,'2024-2025-2',70), (3509,610,29,'2024-2025-2',75), (3510,610,30,'2024-2025-2',80), (3511,611,30,'2024-2025-2',85), (3512,611,1,'2024-2025-2',78), (3513,611,2,'2024-2025-2',82), (3514,611,3,'2024-2025-2',88), (3515,611,4,'2024-2025-2',90), (3516,611,5,'2024-2025-2',92), (3517,612,30,'2024-2025-2',65), (3518,612,1,'2024-2025-2',69), (3519,612,2,'2024-2025-2',74), (3520,612,3,'2024-2025-2',77), (3521,612,4,'2024-2025-2',83), (3522,612,5,'2024-2025-2',86), (3523,613,30,'2024-2025-2',89), (3524,613,1,'2024-2025-2',91), (3525,613,2,'2024-2025-2',93), (3526,613,3,'2024-2025-2',94), (3527,613,4,'2024-2025-2',70), (3528,613,5,'2024-2025-2',75), (3529,614,30,'2024-2025-2',80), (3530,614,1,'2024-2025-2',85), (3531,614,2,'2024-2025-2',78), (3532,614,3,'2024-2025-2',82), (3533,614,4,'2024-2025-2',88), (3534,614,5,'2024-2025-2',90), (3535,615,30,'2024-2025-2',92), (3536,615,1,'2024-2025-2',65), (3537,615,2,'2024-2025-2',69), (3538,615,3,'2024-2025-2',74), (3539,615,4,'2024-2025-2',77), (3540,615,5,'2024-2025-2',83), (3541,616,30,'2024-2025-2',86), (3542,616,1,'2024-2025-2',89), (3543,616,2,'2024-2025-2',91), (3544,616,3,'2024-2025-2',93), (3545,616,4,'2024-2025-2',94), (3546,616,5,'2024-2025-2',70), (3547,617,30,'2024-2025-2',75), (3548,617,1,'2024-2025-2',80), (3549,617,2,'2024-2025-2',85), (3550,617,3,'2024-2025-2',NULL), (3551,617,4,'2024-2025-2',82), (3552,617,5,'2024-2025-2',88), (3553,618,30,'2024-2025-2',90), (3554,618,1,'2024-2025-2',92), (3555,618,2,'2024-2025-2',65), (3556,618,3,'2024-2025-2',69), (3557,618,4,'2024-2025-2',74), (3558,618,5,'2024-2025-2',77), (3559,619,30,'2024-2025-2',83), (3560,619,1,'2024-2025-2',86), (3561,619,2,'2024-2025-2',89), (3562,619,3,'2024-2025-2',91), (3563,619,4,'2024-2025-2',93), (3564,619,5,'2024-2025-2',94), (3565,620,30,'2024-2025-2',70), (3566,620,1,'2024-2025-2',75), (3567,620,2,'2024-2025-2',80), (3568,620,3,'2024-2025-2',85), (3569,620,4,'2024-2025-2',78), (3570,620,5,'2024-2025-2',82), (3571,621,30,'2024-2025-2',88), (3572,621,1,'2024-2025-2',90), (3573,621,2,'2024-2025-2',92), (3574,621,3,'2024-2025-2',65), (3575,621,4,'2024-2025-2',69), (3576,621,5,'2024-2025-2',74), (3577,622,30,'2024-2025-2',77), (3578,622,1,'2024-2025-2',83), (3579,622,2,'2024-2025-2',86), (3580,622,3,'2024-2025-2',89), (3581,622,4,'2024-2025-2',91), (3582,622,5,'2024-2025-2',93), (3583,623,30,'2024-2025-2',94), (3584,623,1,'2024-2025-2',70), (3585,623,2,'2024-2025-2',75), (3586,623,3,'2024-2025-2',80), (3587,623,4,'2024-2025-2',85), (3588,623,5,'2024-2025-2',78), (3589,624,30,'2024-2025-2',82), (3590,624,1,'2024-2025-2',88), (3591,624,2,'2024-2025-2',90), (3592,624,3,'2024-2025-2',92), (3593,624,4,'2024-2025-2',65), (3594,624,5,'2024-2025-2',69), (3595,625,30,'2024-2025-2',74), (3596,625,1,'2024-2025-2',77), (3597,625,2,'2024-2025-2',83), (3598,625,3,'2024-2025-2',86), (3599,625,4,'2024-2025-2',89), (3600,625,5,'2024-2025-2',NULL), (3601,626,30,'2024-2025-2',93), (3602,626,1,'2024-2025-2',94), (3603,626,2,'2024-2025-2',70), (3604,626,3,'2024-2025-2',75), (3605,626,4,'2024-2025-2',80), (3606,626,5,'2024-2025-2',85), (3607,627,30,'2024-2025-2',78), (3608,627,1,'2024-2025-2',82), (3609,627,2,'2024-2025-2',88), (3610,627,3,'2024-2025-2',90), (3611,627,4,'2024-2025-2',92), (3612,627,5,'2024-2025-2',65), (3613,628,30,'2024-2025-2',69), (3614,628,1,'2024-2025-2',74), (3615,628,2,'2024-2025-2',77), (3616,628,3,'2024-2025-2',83), (3617,628,4,'2024-2025-2',86), (3618,628,5,'2024-2025-2',89), (3619,629,30,'2024-2025-2',91), (3620,629,1,'2024-2025-2',93), (3621,629,2,'2024-2025-2',94), (3622,629,3,'2024-2025-2',70), (3623,629,4,'2024-2025-2',75), (3624,629,5,'2024-2025-2',80), (3625,630,30,'2024-2025-2',85), (3626,630,1,'2024-2025-2',78), (3627,630,2,'2024-2025-2',82), (3628,630,3,'2024-2025-2',88), (3629,630,4,'2024-2025-2',90), (3630,630,5,'2024-2025-2',92);

INSERT INTO sys_user (id, username, password, role, name, phone, active, student_id, teacher_id) VALUES
 (1,'admin','admin123','ADMIN','管理员1','13000000001',1,NULL,NULL),(2,'admin2','admin123','ADMIN','管理员2','13000000002',1,NULL,NULL),
 (3,'admin3','admin123','ADMIN','管理员3','13000000003',1,NULL,NULL),(4,'admin4','admin123','ADMIN','管理员4','13000000004',1,NULL,NULL),
 (5,'admin5','admin123','ADMIN','管理员5','13000000005',1,NULL,NULL),(6,'admin6','admin123','ADMIN','管理员6','13000000006',1,NULL,NULL),
 (7,'admin7','admin123','ADMIN','管理员7','13000000007',1,NULL,NULL),(8,'admin8','admin123','ADMIN','管理员8','13000000008',1,NULL,NULL),
 (9,'admin9','admin123','ADMIN','管理员9','13000000009',1,NULL,NULL),(10,'admin10','admin123','ADMIN','管理员10','13000000010',1,NULL,NULL),
 (11,'teacher1','123456','TEACHER','王老师','13800000001',1,NULL,1),(12,'teacher2','123456','TEACHER','李老师','13800000002',1,NULL,2),
 (13,'teacher3','123456','TEACHER','张老师','13800000003',1,NULL,3),(14,'teacher4','123456','TEACHER','刘老师','13800000004',1,NULL,4),
 (15,'teacher5','123456','TEACHER','赵老师','13800000005',1,NULL,5),(16,'teacher6','123456','TEACHER','钱老师','13800000006',1,NULL,6),
 (17,'teacher7','123456','TEACHER','孙老师','13800000007',1,NULL,7),(18,'teacher8','123456','TEACHER','周老师','13800000008',1,NULL,8),
 (19,'teacher9','123456','TEACHER','吴老师','13800000009',1,NULL,9),(20,'teacher10','123456','TEACHER','郑老师','13800000010',1,NULL,10),
 (21,'student1','123456','STUDENT','李学生','13900000001',1,1,NULL),(22,'student2','123456','STUDENT','王同学','13900000002',1,2,NULL),
 (23,'student3','123456','STUDENT','张同学','13900000003',1,3,NULL),(24,'student4','123456','STUDENT','刘同学','13900000004',1,4,NULL),
 (25,'student5','123456','STUDENT','赵同学','13900000005',1,5,NULL),(26,'student6','123456','STUDENT','钱同学','13900000006',1,6,NULL),
 (27,'student7','123456','STUDENT','孙同学','13900000007',1,7,NULL),(28,'student8','123456','STUDENT','周同学','13900000008',1,8,NULL),
 (29,'student9','123456','STUDENT','吴同学','13900000009',1,9,NULL),(30,'student10','123456','STUDENT','郑同学','13900000010',1,10,NULL);
